Station Name,RoadSurfaceTemperature,AirTemperature
SpokaneSwingBridge,92.4,80.6
SpokaneSwingBridge,74.84,65.5
AlbroPlaceAirportWay,81.8,67.59
HarborAveUpperNorthBridge,96.7,77.64
HarborAveUpperNorthBridge,99.5,82
HarborAveUpperNorthBridge,84.9,73.68
HarborAveUpperNorthBridge,78.44,69.99
MagnoliaBridge,72.8,63.54
RooseveltWay_NE80thSt,72.16,72.16
MagnoliaBridge,77.14,63.88
HarborAveUpperNorthBridge,87.6,76.9
AlbroPlaceAirportWay,81.7,67.77
AlbroPlaceAirportWay,81.7,67.9
AlbroPlaceAirportWay,81.7,67.99
AlbroPlaceAirportWay,81.7,67.97
AlbroPlaceAirportWay,81.7,68
AlbroPlaceAirportWay,81.7,68.09
AlbroPlaceAirportWay,81.6,68.23
SpokaneSwingBridge,72.43,67.11
SpokaneSwingBridge,72.49,67.07
SpokaneSwingBridge,72.56,67
SpokaneSwingBridge,72.62,67.1
SpokaneSwingBridge,72.69,67.2
SpokaneSwingBridge,72.76,67.28
SpokaneSwingBridge,72.82,67.18
SpokaneSwingBridge,72.88,67.12
SpokaneSwingBridge,72.93,67.08
SpokaneSwingBridge,72.96,66.92
SpokaneSwingBridge,73,66.84
HarborAveUpperNorthBridge,96.8,77.69
HarborAveUpperNorthBridge,96.8,77.73
HarborAveUpperNorthBridge,96.9,77.65
HarborAveUpperNorthBridge,96.9,77.6
HarborAveUpperNorthBridge,97,77.49
HarborAveUpperNorthBridge,97.1,77.68
HarborAveUpperNorthBridge,97.1,77.8
HarborAveUpperNorthBridge,97.2,77.88
HarborAveUpperNorthBridge,97.2,77.85
HarborAveUpperNorthBridge,97.3,77.89
MagnoliaBridge,99,79.97
MagnoliaBridge,99.1,80.1
MagnoliaBridge,99.2,80.1
MagnoliaBridge,99.3,79.97
MagnoliaBridge,99.3,80
MagnoliaBridge,99.4,79.95
MagnoliaBridge,99.4,80
MagnoliaBridge,99.5,80.1
MagnoliaBridge,99.6,80.2
MagnoliaBridge,99.7,80.4
MagnoliaBridge,99.7,80.4
MagnoliaBridge,99.8,80.4
MagnoliaBridge,99.8,80.6
MagnoliaBridge,99.9,80.8
MagnoliaBridge,100,80.9
AlbroPlaceAirportWay,90.9,85.2
AlbroPlaceAirportWay,90.9,85.1
AlbroPlaceAirportWay,90.9,85.1
AlbroPlaceAirportWay,91,85.1
AlbroPlaceAirportWay,91,85.2
AlbroPlaceAirportWay,91,85.2
AlbroPlaceAirportWay,91,85.2
AlbroPlaceAirportWay,91,85.1
AlbroPlaceAirportWay,91.1,84.9
AlbroPlaceAirportWay,91.1,84.9
AlbroPlaceAirportWay,91.1,85
AlbroPlaceAirportWay,91.1,85.1
AlbroPlaceAirportWay,91.1,85
AlbroPlaceAirportWay,91.1,85
AlbroPlaceAirportWay,91.1,84.8
SpokaneSwingBridge,99,82.1
SpokaneSwingBridge,98.9,82.1
SpokaneSwingBridge,98.8,82.1
SpokaneSwingBridge,98.7,82.1
SpokaneSwingBridge,98.6,82
SpokaneSwingBridge,98.5,82
SpokaneSwingBridge,98.4,82
SpokaneSwingBridge,98.4,82
SpokaneSwingBridge,98.3,82.1
SpokaneSwingBridge,98.2,82.2
SpokaneSwingBridge,98.1,82.2
SpokaneSwingBridge,98,82.2
SpokaneSwingBridge,97.9,82.2
SpokaneSwingBridge,97.8,82.1
SpokaneSwingBridge,97.7,82.1
AlbroPlaceAirportWay,92.9,82.3
AlbroPlaceAirportWay,92.9,82.3
AlbroPlaceAirportWay,92.9,82.3
AlbroPlaceAirportWay,92.9,82.2
AlbroPlaceAirportWay,92.9,82.2
AlbroPlaceAirportWay,92.9,82.2
AlbroPlaceAirportWay,92.9,82.2
AlbroPlaceAirportWay,92.9,82.2
AlbroPlaceAirportWay,92.9,82.2
AlbroPlaceAirportWay,92.9,82.1
AlbroPlaceAirportWay,92.8,82
AlbroPlaceAirportWay,92.8,82
AlbroPlaceAirportWay,92.8,81.9
AlbroPlaceAirportWay,92.8,81.8
AlbroPlaceAirportWay,92.8,81.7
SpokaneSwingBridge,91.4,80.3
SpokaneSwingBridge,91.3,80.3
SpokaneSwingBridge,91.3,80.2
SpokaneSwingBridge,91.2,80.2
SpokaneSwingBridge,91.1,80.2
SpokaneSwingBridge,91.1,80.1
SpokaneSwingBridge,91,80.1
SpokaneSwingBridge,91,80.1
SpokaneSwingBridge,90.9,80
SpokaneSwingBridge,90.9,79.97
SpokaneSwingBridge,90.8,79.91
SpokaneSwingBridge,90.8,79.88
SpokaneSwingBridge,90.7,79.88
SpokaneSwingBridge,90.7,79.83
SpokaneSwingBridge,90.6,79.76
RooseveltWay_NE80thSt,83.9,83.9
RooseveltWay_NE80thSt,83.9,83.9
RooseveltWay_NE80thSt,83.9,83.9
RooseveltWay_NE80thSt,83.8,83.8
RooseveltWay_NE80thSt,83.8,83.8
RooseveltWay_NE80thSt,83.8,83.8
RooseveltWay_NE80thSt,83.7,83.7
RooseveltWay_NE80thSt,83.7,83.7
RooseveltWay_NE80thSt,83.6,83.6
RooseveltWay_NE80thSt,83.6,83.6
RooseveltWay_NE80thSt,83.6,83.6
RooseveltWay_NE80thSt,83.5,83.5
RooseveltWay_NE80thSt,83.5,83.5
RooseveltWay_NE80thSt,83.5,83.5
RooseveltWay_NE80thSt,83.5,83.5
MagnoliaBridge,88.2,75.57
MagnoliaBridge,88.1,75.45
MagnoliaBridge,88,75.49
MagnoliaBridge,88,75.5
HarborAveUpperNorthBridge,99.5,82
HarborAveUpperNorthBridge,99.4,82.1
HarborAveUpperNorthBridge,99.3,82.1
HarborAveUpperNorthBridge,99.2,82.1
HarborAveUpperNorthBridge,99.1,82.1
HarborAveUpperNorthBridge,99,82.1
HarborAveUpperNorthBridge,98.9,82.1
HarborAveUpperNorthBridge,98.8,82.1
HarborAveUpperNorthBridge,98.7,82.1
HarborAveUpperNorthBridge,98.6,82
MagnoliaBridge,97.4,85.1
MagnoliaBridge,97.3,85.1
MagnoliaBridge,97.3,85.2
MagnoliaBridge,97.3,85.2
MagnoliaBridge,97.2,85.3
MagnoliaBridge,97.2,85.5
MagnoliaBridge,97.1,85.7
MagnoliaBridge,97.1,85.7
MagnoliaBridge,97,85.7
MagnoliaBridge,97,85.6
MagnoliaBridge,96.9,85.5
MagnoliaBridge,96.9,85.6
MagnoliaBridge,96.8,85.4
MagnoliaBridge,96.7,85.4
MagnoliaBridge,96.7,85.4
HarborAveUpperNorthBridge,84.9,73.64
HarborAveUpperNorthBridge,84.8,73.63
HarborAveUpperNorthBridge,84.8,73.63
HarborAveUpperNorthBridge,84.7,73.61
HarborAveUpperNorthBridge,84.7,73.58
HarborAveUpperNorthBridge,84.6,73.58
HarborAveUpperNorthBridge,84.6,73.56
HarborAveUpperNorthBridge,84.6,73.53
HarborAveUpperNorthBridge,84.5,73.52
HarborAveUpperNorthBridge,84.5,73.5
HarborAveUpperNorthBridge,84.4,73.52
HarborAveUpperNorthBridge,84.4,73.53
RooseveltWay_NE80thSt,87.1,87.1
RooseveltWay_NE80thSt,87,87
RooseveltWay_NE80thSt,87,87
RooseveltWay_NE80thSt,87,87
RooseveltWay_NE80thSt,86.9,86.9
RooseveltWay_NE80thSt,86.9,86.9
RooseveltWay_NE80thSt,86.9,86.9
RooseveltWay_NE80thSt,86.9,86.9
RooseveltWay_NE80thSt,86.9,86.9
RooseveltWay_NE80thSt,86.8,86.8
RooseveltWay_NE80thSt,86.8,86.8
RooseveltWay_NE80thSt,86.8,86.8
RooseveltWay_NE80thSt,86.8,86.8
RooseveltWay_NE80thSt,86.8,86.8
RooseveltWay_NE80thSt,86.7,86.7
MagnoliaBridge,96.9,85.5
MagnoliaBridge,96.9,85.6
MagnoliaBridge,96.8,85.4
MagnoliaBridge,96.7,85.4
MagnoliaBridge,96.7,85.4
MagnoliaBridge,96.6,85.4
MagnoliaBridge,96.6,85.6
MagnoliaBridge,96.5,85.9
MagnoliaBridge,96.5,86
MagnoliaBridge,96.4,86.1
MagnoliaBridge,96.4,86.3
MagnoliaBridge,96.3,86.1
MagnoliaBridge,96.3,85.8
MagnoliaBridge,96.2,85.6
MagnoliaBridge,96.1,85.5
AlbroPlaceAirportWay,92.8,81.6
AlbroPlaceAirportWay,92.8,81.6
AlbroPlaceAirportWay,92.8,81.6
AlbroPlaceAirportWay,92.8,81.6
AlbroPlaceAirportWay,92.8,81.6
AlbroPlaceAirportWay,92.8,81.6
AlbroPlaceAirportWay,92.8,81.5
AlbroPlaceAirportWay,92.8,81.5
AlbroPlaceAirportWay,92.8,81.4
AlbroPlaceAirportWay,92.7,81.3
AlbroPlaceAirportWay,92.7,81.1
AlbroPlaceAirportWay,92.7,81
AlbroPlaceAirportWay,92.7,80.9
AlbroPlaceAirportWay,92.7,80.8
AlbroPlaceAirportWay,92.7,80.7
RooseveltWay_NE80thSt,83.3,83.3
RooseveltWay_NE80thSt,83.2,83.2
RooseveltWay_NE80thSt,83.2,83.2
RooseveltWay_NE80thSt,83.2,83.2
RooseveltWay_NE80thSt,83.2,83.2
RooseveltWay_NE80thSt,83.1,83.1
RooseveltWay_NE80thSt,83.1,83.1
RooseveltWay_NE80thSt,83.1,83.1
RooseveltWay_NE80thSt,83,83
RooseveltWay_NE80thSt,83,83
RooseveltWay_NE80thSt,83,83
RooseveltWay_NE80thSt,83,83
RooseveltWay_NE80thSt,82.9,82.9
RooseveltWay_NE80thSt,82.9,82.9
RooseveltWay_NE80thSt,82.9,82.9
HarborAveUpperNorthBridge,90.3,79.48
HarborAveUpperNorthBridge,90.3,79.43
HarborAveUpperNorthBridge,90.2,79.36
HarborAveUpperNorthBridge,90.2,79.29
HarborAveUpperNorthBridge,90.1,79.23
HarborAveUpperNorthBridge,90.1,79.18
HarborAveUpperNorthBridge,90,79.1
HarborAveUpperNorthBridge,90,79.03
HarborAveUpperNorthBridge,89.9,78.96
HarborAveUpperNorthBridge,89.9,78.87
HarborAveUpperNorthBridge,89.8,78.83
HarborAveUpperNorthBridge,89.8,78.8
HarborAveUpperNorthBridge,89.7,78.81
HarborAveUpperNorthBridge,89.7,78.83
HarborAveUpperNorthBridge,89.6,78.8
MagnoliaBridge,86.9,75.53
MagnoliaBridge,86.8,75.29
MagnoliaBridge,86.8,75.09
MagnoliaBridge,86.7,74.96
MagnoliaBridge,86.7,74.82
MagnoliaBridge,86.6,74.67
MagnoliaBridge,86.5,74.63
MagnoliaBridge,86.5,74.72
MagnoliaBridge,86.4,74.8
MagnoliaBridge,86.4,74.91
MagnoliaBridge,86.4,75.05
MagnoliaBridge,86.3,75.24
MagnoliaBridge,86.3,75.34
MagnoliaBridge,86.2,75.46
MagnoliaBridge,86.2,75.54
SpokaneSwingBridge,90.2,79.36
SpokaneSwingBridge,90.2,79.29
SpokaneSwingBridge,90.1,79.23
SpokaneSwingBridge,90.1,79.18
SpokaneSwingBridge,90,79.1
SpokaneSwingBridge,90,79.03
SpokaneSwingBridge,89.9,78.96
SpokaneSwingBridge,89.9,78.87
SpokaneSwingBridge,89.8,78.83
SpokaneSwingBridge,89.8,78.8
SpokaneSwingBridge,89.7,78.81
SpokaneSwingBridge,89.7,78.83
SpokaneSwingBridge,89.6,78.8
SpokaneSwingBridge,89.6,78.71
SpokaneSwingBridge,89.5,78.64
AlbroPlaceAirportWay,92.7,81.1
AlbroPlaceAirportWay,92.7,81
AlbroPlaceAirportWay,92.7,80.9
AlbroPlaceAirportWay,92.7,80.8
AlbroPlaceAirportWay,92.7,80.7
AlbroPlaceAirportWay,92.7,80.6
AlbroPlaceAirportWay,92.7,80.5
AlbroPlaceAirportWay,92.7,80.4
AlbroPlaceAirportWay,92.7,80.3
AlbroPlaceAirportWay,92.7,80.2
AlbroPlaceAirportWay,91.4,85
AlbroPlaceAirportWay,91.4,85.1
AlbroPlaceAirportWay,91.4,85.2
AlbroPlaceAirportWay,91.5,85.2
AlbroPlaceAirportWay,91.5,85.1
AlbroPlaceAirportWay,91.5,85.1
AlbroPlaceAirportWay,91.5,85.1
AlbroPlaceAirportWay,91.5,85.3
AlbroPlaceAirportWay,91.5,85.3
AlbroPlaceAirportWay,91.5,85.3
AlbroPlaceAirportWay,91.5,85.2
AlbroPlaceAirportWay,91.5,85.2
AlbroPlaceAirportWay,91.6,85.3
AlbroPlaceAirportWay,91.6,85.4
AlbroPlaceAirportWay,91.6,85.3
SpokaneSwingBridge,96.7,81.9
SpokaneSwingBridge,96.6,81.9
SpokaneSwingBridge,96.6,81.8
SpokaneSwingBridge,96.5,81.8
SpokaneSwingBridge,96.4,81.9
SpokaneSwingBridge,96.4,81.9
SpokaneSwingBridge,96.3,81.8
SpokaneSwingBridge,96.3,81.8
SpokaneSwingBridge,96.2,81.7
SpokaneSwingBridge,96.1,81.7
SpokaneSwingBridge,92.3,80.6
SpokaneSwingBridge,92.3,80.6
SpokaneSwingBridge,92.2,80.6
MagnoliaBridge,90.1,81.4
MagnoliaBridge,90.1,81.3
MagnoliaBridge,90,81.3
MagnoliaBridge,89.9,81.3
MagnoliaBridge,89.9,81.2
MagnoliaBridge,89.8,81.2
MagnoliaBridge,89.7,81.2
MagnoliaBridge,89.7,81.1
MagnoliaBridge,89.6,81.1
MagnoliaBridge,89.5,81.1
MagnoliaBridge,89.5,81.1
MagnoliaBridge,89.4,81
MagnoliaBridge,89.3,81
MagnoliaBridge,89.3,80.9
MagnoliaBridge,89.2,80.9
HarborAveUpperNorthBridge,93,80.7
HarborAveUpperNorthBridge,93,80.7
HarborAveUpperNorthBridge,92.9,80.7
HarborAveUpperNorthBridge,92.8,80.7
HarborAveUpperNorthBridge,92.8,80.7
HarborAveUpperNorthBridge,92.7,80.7
HarborAveUpperNorthBridge,92.7,80.7
HarborAveUpperNorthBridge,92.6,80.7
HarborAveUpperNorthBridge,92.6,80.7
HarborAveUpperNorthBridge,92.5,80.7
HarborAveUpperNorthBridge,92.5,80.6
HarborAveUpperNorthBridge,92.4,80.6
HarborAveUpperNorthBridge,92.3,80.6
HarborAveUpperNorthBridge,92.3,80.6
HarborAveUpperNorthBridge,92.2,80.6
AlbroPlaceAirportWay,92.2,76.84
AlbroPlaceAirportWay,92.2,76.82
AlbroPlaceAirportWay,92.2,76.78
AlbroPlaceAirportWay,92.2,76.67
AlbroPlaceAirportWay,92.2,76.57
AlbroPlaceAirportWay,92.2,76.56
AlbroPlaceAirportWay,92.2,76.5
AlbroPlaceAirportWay,92.2,76.49
AlbroPlaceAirportWay,92.2,76.45
AlbroPlaceAirportWay,92.2,76.4
AlbroPlaceAirportWay,92.2,76.35
AlbroPlaceAirportWay,92.1,76.27
AlbroPlaceAirportWay,92.1,76.23
AlbroPlaceAirportWay,92.1,76.2
AlbroPlaceAirportWay,92.1,76.2
HarborAveUpperNorthBridge,87.4,75.86
HarborAveUpperNorthBridge,87.4,75.8
HarborAveUpperNorthBridge,87.3,75.75
HarborAveUpperNorthBridge,87.3,75.71
HarborAveUpperNorthBridge,87.2,75.67
HarborAveUpperNorthBridge,87.2,75.63
HarborAveUpperNorthBridge,87.1,75.58
HarborAveUpperNorthBridge,87.1,75.5
HarborAveUpperNorthBridge,87,75.43
HarborAveUpperNorthBridge,87,75.41
HarborAveUpperNorthBridge,86.9,75.37
HarborAveUpperNorthBridge,86.9,75.36
HarborAveUpperNorthBridge,86.8,75.32
HarborAveUpperNorthBridge,86.8,75.32
HarborAveUpperNorthBridge,86.7,75.31
RooseveltWay_NE80thSt,81.4,81.4
RooseveltWay_NE80thSt,81.4,81.4
RooseveltWay_NE80thSt,81.4,81.4
RooseveltWay_NE80thSt,81.3,81.3
RooseveltWay_NE80thSt,81.3,81.3
RooseveltWay_NE80thSt,81.3,81.3
RooseveltWay_NE80thSt,81.3,81.3
RooseveltWay_NE80thSt,81.2,81.2
RooseveltWay_NE80thSt,81.2,81.2
RooseveltWay_NE80thSt,81.2,81.2
RooseveltWay_NE80thSt,81.2,81.2
RooseveltWay_NE80thSt,81.1,81.1
RooseveltWay_NE80thSt,81.1,81.1
RooseveltWay_NE80thSt,81.1,81.1
RooseveltWay_NE80thSt,81.1,81.1
MagnoliaBridge,84.1,75.35
MagnoliaBridge,84,75.35
MagnoliaBridge,84,75.37
MagnoliaBridge,84,75.37
MagnoliaBridge,83.9,75.39
MagnoliaBridge,83.9,75.39
MagnoliaBridge,83.9,75.35
MagnoliaBridge,83.8,75.32
MagnoliaBridge,83.8,75.25
MagnoliaBridge,83.8,75.2
MagnoliaBridge,83.7,75.19
MagnoliaBridge,83.7,75.18
MagnoliaBridge,83.7,75.16
MagnoliaBridge,83.6,75.09
MagnoliaBridge,83.6,75.07
SpokaneSwingBridge,87.3,75.75
SpokaneSwingBridge,87.3,75.71
SpokaneSwingBridge,87.2,75.67
SpokaneSwingBridge,87.2,75.63
SpokaneSwingBridge,87.1,75.58
SpokaneSwingBridge,87.1,75.5
SpokaneSwingBridge,87,75.43
AlbroPlaceAirportWay,92.5,78.13
AlbroPlaceAirportWay,92.4,78.08
AlbroPlaceAirportWay,92.4,78.08
AlbroPlaceAirportWay,92.4,78.08
AlbroPlaceAirportWay,92.4,78.03
AlbroPlaceAirportWay,92.4,77.92
AlbroPlaceAirportWay,92.4,77.91
AlbroPlaceAirportWay,92.4,77.91
AlbroPlaceAirportWay,92.4,77.88
AlbroPlaceAirportWay,92.4,77.85
AlbroPlaceAirportWay,92.4,77.8
AlbroPlaceAirportWay,92.4,77.75
AlbroPlaceAirportWay,92.3,77.72
AlbroPlaceAirportWay,92.3,77.59
AlbroPlaceAirportWay,92.3,77.45
RooseveltWay_NE80thSt,82.1,82.1
RooseveltWay_NE80thSt,82,82
RooseveltWay_NE80thSt,82,82
RooseveltWay_NE80thSt,82,82
RooseveltWay_NE80thSt,81.9,81.9
RooseveltWay_NE80thSt,81.9,81.9
RooseveltWay_NE80thSt,81.9,81.9
RooseveltWay_NE80thSt,81.8,81.8
RooseveltWay_NE80thSt,81.8,81.8
RooseveltWay_NE80thSt,81.8,81.8
RooseveltWay_NE80thSt,81.7,81.7
RooseveltWay_NE80thSt,81.7,81.7
RooseveltWay_NE80thSt,81.7,81.7
RooseveltWay_NE80thSt,81.7,81.7
RooseveltWay_NE80thSt,81.6,81.6
MagnoliaBridge,84.9,76.17
MagnoliaBridge,84.9,76.12
MagnoliaBridge,84.8,76.06
MagnoliaBridge,84.8,76.01
MagnoliaBridge,84.8,75.95
MagnoliaBridge,84.7,75.88
MagnoliaBridge,84.7,75.81
MagnoliaBridge,84.7,75.74
MagnoliaBridge,84.6,75.68
MagnoliaBridge,84.6,75.61
MagnoliaBridge,84.5,75.56
MagnoliaBridge,84.5,75.51
MagnoliaBridge,84.4,75.45
MagnoliaBridge,84.4,75.4
MagnoliaBridge,84.3,75.37
SpokaneSwingBridge,88.2,76.68
SpokaneSwingBridge,88.2,76.67
SpokaneSwingBridge,88.1,76.67
SpokaneSwingBridge,88.1,76.66
SpokaneSwingBridge,88,76.63
SpokaneSwingBridge,88,76.6
SpokaneSwingBridge,88,76.49
SpokaneSwingBridge,87.9,76.44
SpokaneSwingBridge,87.9,76.4
SpokaneSwingBridge,87.8,76.36
SpokaneSwingBridge,87.8,76.35
SpokaneSwingBridge,87.7,76.31
SpokaneSwingBridge,87.7,76.25
SpokaneSwingBridge,87.6,76.15
SpokaneSwingBridge,87.6,76.06
HarborAveUpperNorthBridge,88.2,76.68
HarborAveUpperNorthBridge,88.2,76.67
HarborAveUpperNorthBridge,88.1,76.67
HarborAveUpperNorthBridge,88.1,76.66
HarborAveUpperNorthBridge,88,76.63
HarborAveUpperNorthBridge,88,76.6
HarborAveUpperNorthBridge,88,76.49
HarborAveUpperNorthBridge,87.9,76.44
HarborAveUpperNorthBridge,87.9,76.4
HarborAveUpperNorthBridge,87.8,76.36
HarborAveUpperNorthBridge,87.8,76.35
HarborAveUpperNorthBridge,87.7,76.31
HarborAveUpperNorthBridge,87.7,76.25
HarborAveUpperNorthBridge,87.6,76.15
HarborAveUpperNorthBridge,87.6,76.06
AlbroPlaceAirportWay,83.9,80
AlbroPlaceAirportWay,83.9,79.8
AlbroPlaceAirportWay,84,79.68
AlbroPlaceAirportWay,84,79.74
AlbroPlaceAirportWay,84,79.77
AlbroPlaceAirportWay,84,79.95
AlbroPlaceAirportWay,84.1,80.1
AlbroPlaceAirportWay,84.1,79.91
AlbroPlaceAirportWay,84.1,79.92
AlbroPlaceAirportWay,84.2,79.99
AlbroPlaceAirportWay,84.2,79.98
AlbroPlaceAirportWay,84.2,79.95
AlbroPlaceAirportWay,84.2,80.2
AlbroPlaceAirportWay,84.2,80.3
AlbroPlaceAirportWay,84.3,80.1
SpokaneSwingBridge,97.8,78.28
SpokaneSwingBridge,97.8,78.16
SpokaneSwingBridge,97.9,78.08
SpokaneSwingBridge,97.9,78.11
SpokaneSwingBridge,98,78.07
SpokaneSwingBridge,98.1,78.07
SpokaneSwingBridge,98.1,78.18
SpokaneSwingBridge,98.2,78.33
SpokaneSwingBridge,98.3,78.37
SpokaneSwingBridge,98.3,78.4
AlbroPlaceAirportWay,92.6,80.1
AlbroPlaceAirportWay,92.6,79.96
AlbroPlaceAirportWay,92.6,79.88
AlbroPlaceAirportWay,92.6,79.81
AlbroPlaceAirportWay,92.6,79.66
AlbroPlaceAirportWay,92.6,79.5
AlbroPlaceAirportWay,92.6,79.37
AlbroPlaceAirportWay,92.6,79.25
AlbroPlaceAirportWay,92.6,79.15
AlbroPlaceAirportWay,92.6,79.06
AlbroPlaceAirportWay,92.6,78.95
AlbroPlaceAirportWay,92.6,78.85
AlbroPlaceAirportWay,92.5,78.79
AlbroPlaceAirportWay,92.5,78.68
AlbroPlaceAirportWay,92.5,78.58
HarborAveUpperNorthBridge,89.3,78.73
HarborAveUpperNorthBridge,89.3,78.58
HarborAveUpperNorthBridge,89.2,78.49
HarborAveUpperNorthBridge,89.2,78.37
HarborAveUpperNorthBridge,89.1,78.27
HarborAveUpperNorthBridge,89.1,78.06
HarborAveUpperNorthBridge,89,77.86
HarborAveUpperNorthBridge,89,77.77
HarborAveUpperNorthBridge,88.9,77.6
HarborAveUpperNorthBridge,88.9,77.45
HarborAveUpperNorthBridge,88.8,77.32
HarborAveUpperNorthBridge,88.8,77.21
HarborAveUpperNorthBridge,88.7,77.13
HarborAveUpperNorthBridge,88.7,77.08
HarborAveUpperNorthBridge,88.6,77.03
RooseveltWay_NE80thSt,82.7,82.7
RooseveltWay_NE80thSt,82.7,82.7
RooseveltWay_NE80thSt,82.6,82.6
RooseveltWay_NE80thSt,82.6,82.6
RooseveltWay_NE80thSt,82.5,82.5
RooseveltWay_NE80thSt,82.5,82.5
RooseveltWay_NE80thSt,82.5,82.5
RooseveltWay_NE80thSt,82.5,82.5
RooseveltWay_NE80thSt,82.4,82.4
RooseveltWay_NE80thSt,82.4,82.4
RooseveltWay_NE80thSt,82.4,82.4
RooseveltWay_NE80thSt,82.3,82.3
RooseveltWay_NE80thSt,82.3,82.3
RooseveltWay_NE80thSt,82.3,82.3
RooseveltWay_NE80thSt,82.2,82.2
MagnoliaBridge,85.9,76.04
MagnoliaBridge,85.8,76.07
MagnoliaBridge,85.8,76.14
MagnoliaBridge,85.7,76.2
MagnoliaBridge,85.7,76.31
MagnoliaBridge,85.6,76.43
MagnoliaBridge,85.6,76.49
MagnoliaBridge,85.6,76.5
MagnoliaBridge,85.5,76.53
MagnoliaBridge,85.4,76.55
MagnoliaBridge,85.4,76.55
MagnoliaBridge,85.4,76.54
MagnoliaBridge,85.3,76.5
MagnoliaBridge,85.3,76.44
MagnoliaBridge,85.2,76.39
SpokaneSwingBridge,89.2,78.49
SpokaneSwingBridge,89.2,78.37
SpokaneSwingBridge,89.1,78.27
SpokaneSwingBridge,89.1,78.06
SpokaneSwingBridge,89,77.86
SpokaneSwingBridge,89,77.77
SpokaneSwingBridge,88.9,77.6
SpokaneSwingBridge,88.9,77.45
SpokaneSwingBridge,88.8,77.32
SpokaneSwingBridge,88.8,77.21
SpokaneSwingBridge,88.7,77.13
SpokaneSwingBridge,88.7,77.08
SpokaneSwingBridge,88.6,77.03
SpokaneSwingBridge,88.6,76.97
SpokaneSwingBridge,88.5,76.9
AlbroPlaceAirportWay,92.6,78.95
AlbroPlaceAirportWay,92.6,78.85
AlbroPlaceAirportWay,92.5,78.79
AlbroPlaceAirportWay,92.5,78.68
AlbroPlaceAirportWay,92.5,78.58
AlbroPlaceAirportWay,92.5,78.48
AlbroPlaceAirportWay,92.5,78.33
AlbroPlaceAirportWay,92.5,78.24
AlbroPlaceAirportWay,92.5,78.15
AlbroPlaceAirportWay,92.5,78.13
AlbroPlaceAirportWay,92.5,78.13
AlbroPlaceAirportWay,92.4,78.08
AlbroPlaceAirportWay,92.4,78.08
AlbroPlaceAirportWay,92.4,78.08
AlbroPlaceAirportWay,92.4,78.03
RooseveltWay_NE80thSt,82.4,82.4
RooseveltWay_NE80thSt,82.3,82.3
RooseveltWay_NE80thSt,82.3,82.3
RooseveltWay_NE80thSt,82.3,82.3
RooseveltWay_NE80thSt,82.2,82.2
RooseveltWay_NE80thSt,82.2,82.2
RooseveltWay_NE80thSt,82.2,82.2
RooseveltWay_NE80thSt,82.2,82.2
RooseveltWay_NE80thSt,82.1,82.1
AlbroPlaceAirportWay,81.4,70.07
AlbroPlaceAirportWay,81.4,70.12
AlbroPlaceAirportWay,81.3,70.11
AlbroPlaceAirportWay,81.3,70.2
AlbroPlaceAirportWay,81.3,70.27
AlbroPlaceAirportWay,81.3,70.45
AlbroPlaceAirportWay,81.3,70.69
AlbroPlaceAirportWay,81.3,70.9
AlbroPlaceAirportWay,81.3,71.05
AlbroPlaceAirportWay,81.3,71.07
AlbroPlaceAirportWay,81.3,71.17
AlbroPlaceAirportWay,81.3,71.3
AlbroPlaceAirportWay,81.3,71.53
AlbroPlaceAirportWay,81.2,71.73
AlbroPlaceAirportWay,81.2,71.77
HarborAveUpperNorthBridge,75.19,68.62
HarborAveUpperNorthBridge,75.3,68.67
HarborAveUpperNorthBridge,75.39,68.64
HarborAveUpperNorthBridge,75.47,68.7
HarborAveUpperNorthBridge,75.54,68.95
HarborAveUpperNorthBridge,75.6,68.98
HarborAveUpperNorthBridge,75.65,68.89
HarborAveUpperNorthBridge,75.7,69.04
HarborAveUpperNorthBridge,75.76,69.14
HarborAveUpperNorthBridge,75.81,69.18
HarborAveUpperNorthBridge,75.86,69.25
HarborAveUpperNorthBridge,75.91,69.36
HarborAveUpperNorthBridge,75.95,69.45
HarborAveUpperNorthBridge,75.99,69.55
HarborAveUpperNorthBridge,76.01,69.69
AlbroPlaceAirportWay,84.4,80.1
AlbroPlaceAirportWay,84.5,79.95
AlbroPlaceAirportWay,84.5,79.69
AlbroPlaceAirportWay,84.5,79.54
AlbroPlaceAirportWay,84.5,79.45
AlbroPlaceAirportWay,84.6,79.6
AlbroPlaceAirportWay,84.6,79.98
AlbroPlaceAirportWay,84.6,80.3
AlbroPlaceAirportWay,84.7,80.4
AlbroPlaceAirportWay,84.7,80.5
AlbroPlaceAirportWay,84.7,80.1
AlbroPlaceAirportWay,84.7,79.93
AlbroPlaceAirportWay,84.8,80.1
AlbroPlaceAirportWay,84.8,80.4
AlbroPlaceAirportWay,84.8,80.9
AlbroPlaceAirportWay,91.3,84.8
AlbroPlaceAirportWay,91.3,84.8
AlbroPlaceAirportWay,91.3,84.6
AlbroPlaceAirportWay,91.3,84.5
AlbroPlaceAirportWay,91.3,84.5
AlbroPlaceAirportWay,91.3,84.6
AlbroPlaceAirportWay,91.3,84.6
AlbroPlaceAirportWay,91.4,84.7
AlbroPlaceAirportWay,91.4,84.8
AlbroPlaceAirportWay,91.4,84.9
AlbroPlaceAirportWay,91.4,85
AlbroPlaceAirportWay,91.4,85.1
AlbroPlaceAirportWay,91.4,85.2
AlbroPlaceAirportWay,91.5,85.2
AlbroPlaceAirportWay,91.5,85.1
HarborAveUpperNorthBridge,97.3,81.9
HarborAveUpperNorthBridge,97.2,81.9
HarborAveUpperNorthBridge,97.2,81.9
HarborAveUpperNorthBridge,97.1,81.9
HarborAveUpperNorthBridge,97.1,81.9
HarborAveUpperNorthBridge,97,81.9
HarborAveUpperNorthBridge,97,81.9
HarborAveUpperNorthBridge,96.9,81.9
HarborAveUpperNorthBridge,96.8,81.9
HarborAveUpperNorthBridge,96.8,81.9
HarborAveUpperNorthBridge,96.7,81.9
HarborAveUpperNorthBridge,96.6,81.9
HarborAveUpperNorthBridge,96.6,81.8
HarborAveUpperNorthBridge,96.5,81.8
HarborAveUpperNorthBridge,96.4,81.9
RooseveltWay_NE80thSt,86.7,86.7
RooseveltWay_NE80thSt,86.7,86.7
RooseveltWay_NE80thSt,86.6,86.6
RooseveltWay_NE80thSt,86.6,86.6
RooseveltWay_NE80thSt,86.6,86.6
RooseveltWay_NE80thSt,86.5,86.5
RooseveltWay_NE80thSt,86.5,86.5
RooseveltWay_NE80thSt,86.5,86.5
RooseveltWay_NE80thSt,86.5,86.5
RooseveltWay_NE80thSt,86.4,86.4
RooseveltWay_NE80thSt,86.4,86.4
RooseveltWay_NE80thSt,86.4,86.4
RooseveltWay_NE80thSt,86.4,86.4
RooseveltWay_NE80thSt,86.3,86.3
RooseveltWay_NE80thSt,86.3,86.3
SpokaneSwingBridge,97.3,81.9
SpokaneSwingBridge,97.2,81.9
SpokaneSwingBridge,97.2,81.9
SpokaneSwingBridge,97.1,81.9
SpokaneSwingBridge,97.1,81.9
SpokaneSwingBridge,97,81.9
SpokaneSwingBridge,97,81.9
RooseveltWay_NE80thSt,74.59,74.59
RooseveltWay_NE80thSt,74.57,74.57
RooseveltWay_NE80thSt,74.55,74.55
RooseveltWay_NE80thSt,74.55,74.55
RooseveltWay_NE80thSt,74.55,74.55
RooseveltWay_NE80thSt,74.55,74.55
RooseveltWay_NE80thSt,74.54,74.54
RooseveltWay_NE80thSt,74.52,74.52
RooseveltWay_NE80thSt,74.51,74.51
RooseveltWay_NE80thSt,74.5,74.5
RooseveltWay_NE80thSt,74.5,74.5
RooseveltWay_NE80thSt,74.5,74.5
RooseveltWay_NE80thSt,74.48,74.48
RooseveltWay_NE80thSt,74.46,74.46
RooseveltWay_NE80thSt,74.44,74.44
MagnoliaBridge,74.16,63.89
MagnoliaBridge,74.14,63.95
MagnoliaBridge,74.14,64.04
MagnoliaBridge,74.14,64.12
MagnoliaBridge,74.14,64.2
MagnoliaBridge,74.13,64.28
MagnoliaBridge,74.11,64.34
MagnoliaBridge,74.09,64.39
MagnoliaBridge,74.09,64.37
MagnoliaBridge,74.09,64.2
MagnoliaBridge,74.09,64.17
MagnoliaBridge,74.09,64.04
MagnoliaBridge,74.09,63.89
MagnoliaBridge,74.06,63.89
MagnoliaBridge,74.04,63.96
HarborAveUpperNorthBridge,74.1,65.19
HarborAveUpperNorthBridge,74.07,65.18
HarborAveUpperNorthBridge,74.06,65.2
HarborAveUpperNorthBridge,74.03,65.22
HarborAveUpperNorthBridge,74.02,65.24
HarborAveUpperNorthBridge,74,65.25
HarborAveUpperNorthBridge,73.97,65.2
HarborAveUpperNorthBridge,73.96,65.24
HarborAveUpperNorthBridge,73.94,65.32
HarborAveUpperNorthBridge,73.92,65.35
HarborAveUpperNorthBridge,73.91,65.4
HarborAveUpperNorthBridge,73.89,65.43
HarborAveUpperNorthBridge,73.86,65.46
HarborAveUpperNorthBridge,73.86,65.48
HarborAveUpperNorthBridge,73.84,65.53
SpokaneSwingBridge,73.58,66.42
SpokaneSwingBridge,73.55,66.45
SpokaneSwingBridge,73.55,66.26
SpokaneSwingBridge,73.51,66.12
SpokaneSwingBridge,73.49,65.96
SpokaneSwingBridge,73.46,65.85
SpokaneSwingBridge,73.45,65.82
SpokaneSwingBridge,73.42,65.63
SpokaneSwingBridge,73.39,65.54
SpokaneSwingBridge,73.36,65.41
SpokaneSwingBridge,73.34,65.33
SpokaneSwingBridge,73.32,65.19
SpokaneSwingBridge,73.29,65.13
SpokaneSwingBridge,73.26,65.09
SpokaneSwingBridge,73.24,65.02
MagnoliaBridge,73.88,64.83
MagnoliaBridge,73.85,64.83
MagnoliaBridge,73.83,64.83
MagnoliaBridge,73.83,64.86
MagnoliaBridge,73.78,64.89
MagnoliaBridge,73.78,64.9
MagnoliaBridge,73.78,64.92
MagnoliaBridge,73.75,64.88
MagnoliaBridge,73.73,64.88
MagnoliaBridge,73.71,64.85
MagnoliaBridge,73.67,64.8
MagnoliaBridge,73.67,64.7
MagnoliaBridge,73.65,64.59
MagnoliaBridge,73.62,64.46
MagnoliaBridge,73.57,64.35
HarborAveUpperNorthBridge,73.55,66.26
HarborAveUpperNorthBridge,73.51,66.12
HarborAveUpperNorthBridge,73.49,65.96
HarborAveUpperNorthBridge,73.46,65.85
HarborAveUpperNorthBridge,73.45,65.82
HarborAveUpperNorthBridge,73.42,65.63
HarborAveUpperNorthBridge,73.39,65.54
HarborAveUpperNorthBridge,73.36,65.41
HarborAveUpperNorthBridge,73.34,65.33
HarborAveUpperNorthBridge,73.32,65.19
HarborAveUpperNorthBridge,73.29,65.13
HarborAveUpperNorthBridge,73.26,65.09
HarborAveUpperNorthBridge,73.24,65.02
HarborAveUpperNorthBridge,73.21,64.99
HarborAveUpperNorthBridge,73.19,64.95
SpokaneSwingBridge,73.01,66.83
SpokaneSwingBridge,98.4,78.45
MagnoliaBridge,95.9,85.1
RooseveltWay_NE80thSt,79.87,79.87
SpokaneSwingBridge,78.33,69.99
SpokaneSwingBridge,73.05,66.79
SpokaneSwingBridge,73.09,66.95
SpokaneSwingBridge,73.14,67.01
MagnoliaBridge,73.97,66.89
MagnoliaBridge,74.06,67.03
MagnoliaBridge,74.14,67.05
MagnoliaBridge,74.23,67.1
MagnoliaBridge,74.31,67.22
MagnoliaBridge,74.38,67.36
MagnoliaBridge,74.48,67.43
MagnoliaBridge,74.55,67.58
MagnoliaBridge,74.64,67.72
MagnoliaBridge,74.74,67.9
MagnoliaBridge,74.86,68.27
MagnoliaBridge,74.98,68.64
MagnoliaBridge,75.09,68.99
MagnoliaBridge,75.2,69.41
MagnoliaBridge,75.3,69.65
AlbroPlaceAirportWay,81.2,71.81
AlbroPlaceAirportWay,81.2,72.05
AlbroPlaceAirportWay,81.2,72.3
AlbroPlaceAirportWay,81.2,72.4
AlbroPlaceAirportWay,81.2,72.54
AlbroPlaceAirportWay,81.2,72.56
AlbroPlaceAirportWay,81.2,72.39
AlbroPlaceAirportWay,81.2,72.42
AlbroPlaceAirportWay,81.1,72.41
AlbroPlaceAirportWay,81.1,72.52
AlbroPlaceAirportWay,81.1,72.56
AlbroPlaceAirportWay,81.1,72.72
AlbroPlaceAirportWay,81.1,72.88
AlbroPlaceAirportWay,81.1,73.03
AlbroPlaceAirportWay,81.1,73.02
HarborAveUpperNorthBridge,76.36,69.79
HarborAveUpperNorthBridge,76.45,69.97
HarborAveUpperNorthBridge,76.54,70.09
HarborAveUpperNorthBridge,76.64,70.33
HarborAveUpperNorthBridge,76.74,70.46
HarborAveUpperNorthBridge,76.84,70.64
HarborAveUpperNorthBridge,76.91,70.79
HarborAveUpperNorthBridge,76.98,70.81
HarborAveUpperNorthBridge,77.04,70.85
HarborAveUpperNorthBridge,77.09,70.74
HarborAveUpperNorthBridge,77.14,70.86
HarborAveUpperNorthBridge,77.19,70.98
HarborAveUpperNorthBridge,77.26,70.99
HarborAveUpperNorthBridge,77.34,70.99
HarborAveUpperNorthBridge,77.43,71.05
RooseveltWay_NE80thSt,79.38,79.38
RooseveltWay_NE80thSt,79.55,79.55
RooseveltWay_NE80thSt,79.68,79.68
RooseveltWay_NE80thSt,79.76,79.76
RooseveltWay_NE80thSt,79.83,79.83
RooseveltWay_NE80thSt,79.87,79.87
RooseveltWay_NE80thSt,79.92,79.92
RooseveltWay_NE80thSt,79.95,79.95
RooseveltWay_NE80thSt,79.96,79.96
RooseveltWay_NE80thSt,79.99,79.99
RooseveltWay_NE80thSt,80,80
RooseveltWay_NE80thSt,80.1,80.1
RooseveltWay_NE80thSt,80.1,80.1
RooseveltWay_NE80thSt,80.1,80.1
RooseveltWay_NE80thSt,80.2,80.2
SpokaneSwingBridge,76.36,69.79
SpokaneSwingBridge,76.45,69.97
SpokaneSwingBridge,76.54,70.09
SpokaneSwingBridge,76.64,70.33
SpokaneSwingBridge,76.74,70.46
SpokaneSwingBridge,76.84,70.64
SpokaneSwingBridge,76.91,70.79
SpokaneSwingBridge,76.98,70.81
SpokaneSwingBridge,77.04,70.85
SpokaneSwingBridge,77.09,70.74
SpokaneSwingBridge,77.14,70.86
SpokaneSwingBridge,77.19,70.98
SpokaneSwingBridge,77.26,70.99
SpokaneSwingBridge,77.34,70.99
SpokaneSwingBridge,77.43,71.05
SpokaneSwingBridge,98.4,78.65
SpokaneSwingBridge,98.5,78.87
SpokaneSwingBridge,98.5,78.64
SpokaneSwingBridge,98.6,77.96
RooseveltWay_NE80thSt,102.6,102.6
RooseveltWay_NE80thSt,102.3,102.3
RooseveltWay_NE80thSt,102,102
RooseveltWay_NE80thSt,101.8,101.8
RooseveltWay_NE80thSt,101.5,101.5
RooseveltWay_NE80thSt,101.3,101.3
RooseveltWay_NE80thSt,101,101
RooseveltWay_NE80thSt,100.8,100.8
RooseveltWay_NE80thSt,100.6,100.6
RooseveltWay_NE80thSt,100.4,100.4
RooseveltWay_NE80thSt,100.2,100.2
RooseveltWay_NE80thSt,100,100
RooseveltWay_NE80thSt,99.7,99.7
RooseveltWay_NE80thSt,99.6,99.6
RooseveltWay_NE80thSt,99.4,99.4
JoseRizalBridgeNorth,-272.8,82.2
HarborAveUpperNorthBridge,99.3,78.37
HarborAveUpperNorthBridge,99.4,78.66
HarborAveUpperNorthBridge,99.4,78.65
HarborAveUpperNorthBridge,99.5,78.64
HarborAveUpperNorthBridge,99.5,78.61
HarborAveUpperNorthBridge,99.6,78.63
HarborAveUpperNorthBridge,99.6,78.71
HarborAveUpperNorthBridge,99.6,78.87
HarborAveUpperNorthBridge,99.7,78.88
HarborAveUpperNorthBridge,99.8,78.84
HarborAveUpperNorthBridge,99.8,78.87
HarborAveUpperNorthBridge,99.8,78.97
HarborAveUpperNorthBridge,99.9,78.77
HarborAveUpperNorthBridge,99.9,78.67
HarborAveUpperNorthBridge,100,78.37
MagnoliaBridge,100.7,81.2
MagnoliaBridge,100.8,81.3
MagnoliaBridge,100.8,81.5
MagnoliaBridge,100.9,81.7
MagnoliaBridge,100.9,81.7
MagnoliaBridge,100.9,81.6
MagnoliaBridge,100.9,81.7
MagnoliaBridge,101,81.6
MagnoliaBridge,101,81.3
MagnoliaBridge,101,81.5
MagnoliaBridge,101,81.6
MagnoliaBridge,101.1,81.8
MagnoliaBridge,101.1,81.8
MagnoliaBridge,101.2,81.6
MagnoliaBridge,101.2,81.6
AlbroPlaceAirportWay,85,81.4
AlbroPlaceAirportWay,85,81.3
AlbroPlaceAirportWay,85,81.2
AlbroPlaceAirportWay,85.1,80.9
AlbroPlaceAirportWay,85.1,80.8
AlbroPlaceAirportWay,85.1,81
AlbroPlaceAirportWay,85.1,80.7
AlbroPlaceAirportWay,85.2,80.4
AlbroPlaceAirportWay,85.2,80.2
AlbroPlaceAirportWay,85.2,79.82
AlbroPlaceAirportWay,85.3,80.1
AlbroPlaceAirportWay,85.3,80.8
AlbroPlaceAirportWay,85.3,81
AlbroPlaceAirportWay,85.3,81.2
AlbroPlaceAirportWay,85.4,81.3
RooseveltWay_NE80thSt,79.84,79.84
RooseveltWay_NE80thSt,79.83,79.83
RooseveltWay_NE80thSt,79.8,79.8
RooseveltWay_NE80thSt,79.78,79.78
RooseveltWay_NE80thSt,79.76,79.76
AlbroPlaceAirportWay,92.9,83.8
AlbroPlaceAirportWay,92.9,83.7
AlbroPlaceAirportWay,92.9,83.6
AlbroPlaceAirportWay,92.9,83.5
AlbroPlaceAirportWay,92.9,83.4
AlbroPlaceAirportWay,92.9,83.4
AlbroPlaceAirportWay,92.9,83.4
AlbroPlaceAirportWay,92.9,83.4
AlbroPlaceAirportWay,92.9,83.3
AlbroPlaceAirportWay,92.9,83.3
AlbroPlaceAirportWay,92.9,83.3
AlbroPlaceAirportWay,92.9,83.2
AlbroPlaceAirportWay,92.9,83.1
AlbroPlaceAirportWay,92.9,83.1
AlbroPlaceAirportWay,92.9,83
RooseveltWay_NE80thSt,84.6,84.6
RooseveltWay_NE80thSt,84.6,84.6
RooseveltWay_NE80thSt,84.5,84.5
RooseveltWay_NE80thSt,84.5,84.5
RooseveltWay_NE80thSt,84.5,84.5
RooseveltWay_NE80thSt,84.4,84.4
RooseveltWay_NE80thSt,84.4,84.4
RooseveltWay_NE80thSt,84.4,84.4
RooseveltWay_NE80thSt,84.3,84.3
RooseveltWay_NE80thSt,84.3,84.3
RooseveltWay_NE80thSt,84.3,84.3
RooseveltWay_NE80thSt,84.2,84.2
RooseveltWay_NE80thSt,84.2,84.2
RooseveltWay_NE80thSt,84.2,84.2
RooseveltWay_NE80thSt,84.1,84.1
MagnoliaBridge,89.5,81.1
MagnoliaBridge,89.4,81
MagnoliaBridge,89.3,81
MagnoliaBridge,89.3,80.9
MagnoliaBridge,89.2,80.9
MagnoliaBridge,89.2,80.8
MagnoliaBridge,89.1,80.8
MagnoliaBridge,89,80.7
MagnoliaBridge,89,80.7
MagnoliaBridge,88.9,80.6
MagnoliaBridge,88.9,80.5
MagnoliaBridge,88.8,80.4
MagnoliaBridge,88.7,80.2
MagnoliaBridge,88.7,79.68
MagnoliaBridge,88.6,78.45
HarborAveUpperNorthBridge,92.3,80.6
HarborAveUpperNorthBridge,92.3,80.6
HarborAveUpperNorthBridge,92.2,80.6
HarborAveUpperNorthBridge,92.2,80.5
HarborAveUpperNorthBridge,92.1,80.5
HarborAveUpperNorthBridge,92.1,80.4
HarborAveUpperNorthBridge,92,80.4
HarborAveUpperNorthBridge,92,80.3
HarborAveUpperNorthBridge,91.9,80.3
HarborAveUpperNorthBridge,91.8,80.3
HarborAveUpperNorthBridge,91.8,80.2
HarborAveUpperNorthBridge,91.7,80.2
HarborAveUpperNorthBridge,91.7,80.2
HarborAveUpperNorthBridge,91.6,80.2
HarborAveUpperNorthBridge,91.6,80.2
SpokaneSwingBridge,92.3,80.6
SpokaneSwingBridge,92.3,80.6
SpokaneSwingBridge,92.2,80.6
SpokaneSwingBridge,92.2,80.5
SpokaneSwingBridge,92.1,80.5
SpokaneSwingBridge,92.1,80.4
SpokaneSwingBridge,92,80.4
SpokaneSwingBridge,92,80.3
SpokaneSwingBridge,91.9,80.3
SpokaneSwingBridge,91.8,80.3
SpokaneSwingBridge,91.8,80.2
SpokaneSwingBridge,91.7,80.2
SpokaneSwingBridge,91.7,80.2
SpokaneSwingBridge,91.6,80.2
SpokaneSwingBridge,91.6,80.2
MagnoliaBridge,95.8,85.1
MagnoliaBridge,95.7,85
MagnoliaBridge,95.7,84.8
MagnoliaBridge,95.6,84.5
MagnoliaBridge,95.5,84.4
MagnoliaBridge,95.4,84.4
AlbroPlaceAirportWay,90.5,72.99
AlbroPlaceAirportWay,90.5,72.99
AlbroPlaceAirportWay,90.5,73
AlbroPlaceAirportWay,90.5,73
AlbroPlaceAirportWay,90.5,73.01
AlbroPlaceAirportWay,90.5,73.01
AlbroPlaceAirportWay,90.4,72.96
AlbroPlaceAirportWay,90.4,72.9
AlbroPlaceAirportWay,90.4,72.83
AlbroPlaceAirportWay,90.4,72.81
AlbroPlaceAirportWay,90.4,72.8
AlbroPlaceAirportWay,90.3,72.78
AlbroPlaceAirportWay,90.3,72.78
AlbroPlaceAirportWay,90.3,72.77
AlbroPlaceAirportWay,90.3,72.73
HarborAveUpperNorthBridge,83,72.45
HarborAveUpperNorthBridge,83,72.46
HarborAveUpperNorthBridge,82.9,72.42
HarborAveUpperNorthBridge,82.9,72.37
AlbroPlaceAirportWay,86.5,67.05
AlbroPlaceAirportWay,86.5,67.03
AlbroPlaceAirportWay,86.5,66.98
AlbroPlaceAirportWay,86.5,66.91
AlbroPlaceAirportWay,86.4,66.87
AlbroPlaceAirportWay,86.4,66.84
AlbroPlaceAirportWay,86.4,66.79
AlbroPlaceAirportWay,86.4,66.77
AlbroPlaceAirportWay,86.4,66.77
AlbroPlaceAirportWay,86.4,66.75
AlbroPlaceAirportWay,86.4,66.67
AlbroPlaceAirportWay,86.3,66.59
AlbroPlaceAirportWay,86.3,66.58
AlbroPlaceAirportWay,86.3,66.57
AlbroPlaceAirportWay,86.3,66.55
AlbroPlaceAirportWay,84.7,80.1
AlbroPlaceAirportWay,84.7,79.93
AlbroPlaceAirportWay,84.8,80.1
AlbroPlaceAirportWay,84.8,80.4
AlbroPlaceAirportWay,84.8,80.9
AlbroPlaceAirportWay,84.8,81.2
AlbroPlaceAirportWay,84.9,81.2
AlbroPlaceAirportWay,84.9,81.3
AlbroPlaceAirportWay,84.9,81.4
AlbroPlaceAirportWay,85,81.2
AlbroPlaceAirportWay,85,81.4
AlbroPlaceAirportWay,85,81.3
AlbroPlaceAirportWay,85,81.2
AlbroPlaceAirportWay,85.1,80.9
AlbroPlaceAirportWay,85.1,80.8
SpokaneSwingBridge,99.3,78.37
SpokaneSwingBridge,99.4,78.66
SpokaneSwingBridge,99.4,78.65
SpokaneSwingBridge,99.5,78.64
SpokaneSwingBridge,99.5,78.61
SpokaneSwingBridge,99.6,78.63
SpokaneSwingBridge,99.6,78.71
SpokaneSwingBridge,99.6,78.87
SpokaneSwingBridge,99.7,78.88
SpokaneSwingBridge,99.8,78.84
SpokaneSwingBridge,99.8,78.87
SpokaneSwingBridge,99.8,78.97
SpokaneSwingBridge,99.9,78.77
SpokaneSwingBridge,99.9,78.67
SpokaneSwingBridge,100,78.37
SpokaneSwingBridge,83.8,72.94
SpokaneSwingBridge,83.8,72.89
SpokaneSwingBridge,83.7,72.86
SpokaneSwingBridge,83.7,72.82
SpokaneSwingBridge,83.6,72.77
SpokaneSwingBridge,83.6,72.76
SpokaneSwingBridge,83.6,72.74
SpokaneSwingBridge,83.5,72.76
SpokaneSwingBridge,83.5,72.76
SpokaneSwingBridge,83.4,72.71
SpokaneSwingBridge,83.4,72.66
SpokaneSwingBridge,83.3,72.57
SpokaneSwingBridge,83.3,72.51
SpokaneSwingBridge,83.3,72.48
SpokaneSwingBridge,83.2,72.39
RooseveltWay_NE80thSt,79.84,79.84
RooseveltWay_NE80thSt,79.83,79.83
RooseveltWay_NE80thSt,79.8,79.8
RooseveltWay_NE80thSt,79.78,79.78
RooseveltWay_NE80thSt,79.76,79.76
RooseveltWay_NE80thSt,79.74,79.74
RooseveltWay_NE80thSt,79.72,79.72
RooseveltWay_NE80thSt,79.72,79.72
RooseveltWay_NE80thSt,79.69,79.69
RooseveltWay_NE80thSt,79.67,79.67
RooseveltWay_NE80thSt,79.65,79.65
RooseveltWay_NE80thSt,79.63,79.63
RooseveltWay_NE80thSt,79.61,79.61
RooseveltWay_NE80thSt,79.61,79.61
RooseveltWay_NE80thSt,79.59,79.59
HarborAveUpperNorthBridge,83.8,72.94
HarborAveUpperNorthBridge,83.8,72.89
HarborAveUpperNorthBridge,83.7,72.86
HarborAveUpperNorthBridge,83.7,72.82
HarborAveUpperNorthBridge,83.6,72.77
HarborAveUpperNorthBridge,83.6,72.76
HarborAveUpperNorthBridge,83.6,72.74
HarborAveUpperNorthBridge,83.5,72.76
HarborAveUpperNorthBridge,83.5,72.76
HarborAveUpperNorthBridge,83.4,72.71
HarborAveUpperNorthBridge,83.4,72.66
HarborAveUpperNorthBridge,83.3,72.57
HarborAveUpperNorthBridge,83.3,72.51
HarborAveUpperNorthBridge,83.3,72.48
HarborAveUpperNorthBridge,83.2,72.39
AlbroPlaceAirportWay,91.5,74.19
AlbroPlaceAirportWay,91.5,74.18
AlbroPlaceAirportWay,91.5,74.18
AlbroPlaceAirportWay,91.5,74.21
AlbroPlaceAirportWay,91.4,74.23
AlbroPlaceAirportWay,91.4,74.27
AlbroPlaceAirportWay,91.4,74.32
AlbroPlaceAirportWay,91.4,74.34
AlbroPlaceAirportWay,91.4,74.4
AlbroPlaceAirportWay,91.3,74.45
AlbroPlaceAirportWay,91.3,74.47
AlbroPlaceAirportWay,91.3,74.48
AlbroPlaceAirportWay,91.3,74.45
AlbroPlaceAirportWay,91.3,74.46
AlbroPlaceAirportWay,91.3,74.53
RooseveltWay_NE80thSt,80.1,80.1
RooseveltWay_NE80thSt,80.1,80.1
RooseveltWay_NE80thSt,80.1,80.1
RooseveltWay_NE80thSt,80.1,80.1
RooseveltWay_NE80thSt,80.1,80.1
RooseveltWay_NE80thSt,80,80
RooseveltWay_NE80thSt,80,80
RooseveltWay_NE80thSt,79.98,79.98
RooseveltWay_NE80thSt,79.96,79.96
RooseveltWay_NE80thSt,79.95,79.95
RooseveltWay_NE80thSt,79.93,79.93
RooseveltWay_NE80thSt,79.9,79.9
RooseveltWay_NE80thSt,79.89,79.89
RooseveltWay_NE80thSt,79.86,79.86
RooseveltWay_NE80thSt,79.84,79.84
MagnoliaBridge,82.2,73.55
MagnoliaBridge,82.2,73.48
MagnoliaBridge,82.1,73.41
MagnoliaBridge,82.1,73.35
MagnoliaBridge,82.1,73.31
MagnoliaBridge,82,73.23
MagnoliaBridge,82,73.18
MagnoliaBridge,82,73.17
MagnoliaBridge,81.9,73.17
MagnoliaBridge,81.9,73.15
MagnoliaBridge,81.9,73.13
MagnoliaBridge,81.8,73.08
MagnoliaBridge,81.8,73.07
MagnoliaBridge,81.8,73.06
MagnoliaBridge,81.7,73.02
HarborAveUpperNorthBridge,84.7,73.97
HarborAveUpperNorthBridge,84.7,73.99
HarborAveUpperNorthBridge,84.7,74
HarborAveUpperNorthBridge,84.6,74.04
HarborAveUpperNorthBridge,84.6,74.05
HarborAveUpperNorthBridge,84.5,74.1
HarborAveUpperNorthBridge,84.5,74.14
HarborAveUpperNorthBridge,84.5,74.15
HarborAveUpperNorthBridge,84.4,74.13
HarborAveUpperNorthBridge,84.4,74.03
HarborAveUpperNorthBridge,84.3,74
HarborAveUpperNorthBridge,84.3,73.94
HarborAveUpperNorthBridge,84.3,73.85
HarborAveUpperNorthBridge,84.2,73.77
HarborAveUpperNorthBridge,84.2,73.69
SpokaneSwingBridge,84.7,73.97
SpokaneSwingBridge,84.7,73.99
SpokaneSwingBridge,84.7,74
SpokaneSwingBridge,84.6,74.04
SpokaneSwingBridge,84.6,74.05
SpokaneSwingBridge,84.5,74.1
SpokaneSwingBridge,84.5,74.14
SpokaneSwingBridge,84.5,74.15
SpokaneSwingBridge,84.4,74.13
SpokaneSwingBridge,84.4,74.03
SpokaneSwingBridge,84.3,74
SpokaneSwingBridge,84.3,73.94
SpokaneSwingBridge,84.3,73.85
SpokaneSwingBridge,84.2,73.77
SpokaneSwingBridge,84.2,73.69
RooseveltWay_NE80thSt,86.4,86.4
RooseveltWay_NE80thSt,86.4,86.4
RooseveltWay_NE80thSt,86.4,86.4
RooseveltWay_NE80thSt,86.3,86.3
RooseveltWay_NE80thSt,86.3,86.3
RooseveltWay_NE80thSt,86.3,86.3
RooseveltWay_NE80thSt,86.3,86.3
RooseveltWay_NE80thSt,86.2,86.2
RooseveltWay_NE80thSt,86.2,86.2
RooseveltWay_NE80thSt,86.2,86.2
RooseveltWay_NE80thSt,86.2,86.2
RooseveltWay_NE80thSt,86.1,86.1
RooseveltWay_NE80thSt,86.1,86.1
RooseveltWay_NE80thSt,86.1,86.1
RooseveltWay_NE80thSt,86.1,86.1
HarborAveUpperNorthBridge,96.7,81.9
HarborAveUpperNorthBridge,96.6,81.9
HarborAveUpperNorthBridge,96.6,81.8
HarborAveUpperNorthBridge,96.5,81.8
HarborAveUpperNorthBridge,96.4,81.9
HarborAveUpperNorthBridge,96.4,81.9
HarborAveUpperNorthBridge,96.3,81.8
HarborAveUpperNorthBridge,96.3,81.8
HarborAveUpperNorthBridge,96.2,81.7
MagnoliaBridge,75.99,70.25
MagnoliaBridge,76.02,70.37
MagnoliaBridge,76.08,70.55
MagnoliaBridge,76.18,70.97
MagnoliaBridge,76.3,71.35
MagnoliaBridge,76.42,71.64
MagnoliaBridge,76.54,71.98
MagnoliaBridge,76.67,72.33
MagnoliaBridge,76.81,72.62
MagnoliaBridge,76.95,72.79
MagnoliaBridge,77.06,72.92
MagnoliaBridge,77.14,73.01
MagnoliaBridge,77.23,73.08
MagnoliaBridge,77.32,73.05
MagnoliaBridge,77.43,73.21
AlbroPlaceAirportWay,81.3,71.17
AlbroPlaceAirportWay,81.3,71.3
AlbroPlaceAirportWay,81.3,71.53
AlbroPlaceAirportWay,81.2,71.73
AlbroPlaceAirportWay,81.2,71.77
AlbroPlaceAirportWay,81.2,71.77
AlbroPlaceAirportWay,81.2,71.69
AlbroPlaceAirportWay,81.2,71.72
AlbroPlaceAirportWay,81.2,71.8
AlbroPlaceAirportWay,81.2,71.82
AlbroPlaceAirportWay,81.2,71.81
AlbroPlaceAirportWay,81.2,72.05
AlbroPlaceAirportWay,81.2,72.3
AlbroPlaceAirportWay,81.2,72.4
AlbroPlaceAirportWay,81.2,72.54
HarborAveUpperNorthBridge,75.86,69.25
HarborAveUpperNorthBridge,75.91,69.36
HarborAveUpperNorthBridge,75.95,69.45
HarborAveUpperNorthBridge,75.99,69.55
HarborAveUpperNorthBridge,76.01,69.69
HarborAveUpperNorthBridge,76.05,69.59
HarborAveUpperNorthBridge,76.1,69.43
HarborAveUpperNorthBridge,76.15,69.57
HarborAveUpperNorthBridge,76.22,69.69
HarborAveUpperNorthBridge,76.29,69.74
HarborAveUpperNorthBridge,76.36,69.79
HarborAveUpperNorthBridge,76.45,69.97
HarborAveUpperNorthBridge,76.54,70.09
HarborAveUpperNorthBridge,76.64,70.33
HarborAveUpperNorthBridge,76.74,70.46
RooseveltWay_NE80thSt,77.05,77.05
RooseveltWay_NE80thSt,77.27,77.27
RooseveltWay_NE80thSt,77.49,77.49
RooseveltWay_NE80thSt,77.73,77.73
RooseveltWay_NE80thSt,77.96,77.96
RooseveltWay_NE80thSt,78.21,78.21
RooseveltWay_NE80thSt,78.45,78.45
RooseveltWay_NE80thSt,78.71,78.71
RooseveltWay_NE80thSt,78.95,78.95
RooseveltWay_NE80thSt,79.18,79.18
RooseveltWay_NE80thSt,79.38,79.38
RooseveltWay_NE80thSt,79.55,79.55
RooseveltWay_NE80thSt,79.68,79.68
RooseveltWay_NE80thSt,79.76,79.76
RooseveltWay_NE80thSt,79.83,79.83
SpokaneSwingBridge,75.86,69.25
SpokaneSwingBridge,75.91,69.36
SpokaneSwingBridge,75.95,69.45
SpokaneSwingBridge,75.99,69.55
SpokaneSwingBridge,76.01,69.69
SpokaneSwingBridge,76.05,69.59
SpokaneSwingBridge,76.1,69.43
SpokaneSwingBridge,76.15,69.57
SpokaneSwingBridge,76.22,69.69
SpokaneSwingBridge,76.29,69.74
SpokaneSwingBridge,76.36,69.79
SpokaneSwingBridge,76.45,69.97
SpokaneSwingBridge,76.54,70.09
SpokaneSwingBridge,76.64,70.33
SpokaneSwingBridge,76.74,70.46
MagnoliaBridge,78.16,73.86
MagnoliaBridge,78.22,73.64
MagnoliaBridge,78.3,73.63
MagnoliaBridge,78.36,73.59
MagnoliaBridge,78.45,73.55
MagnoliaBridge,78.55,73.68
MagnoliaBridge,78.69,73.78
MagnoliaBridge,78.85,73.89
MagnoliaBridge,79.02,74.05
MagnoliaBridge,79.15,73.84
MagnoliaBridge,79.24,73.67
MagnoliaBridge,79.28,73.27
MagnoliaBridge,79.29,73.39
MagnoliaBridge,79.3,73.36
MagnoliaBridge,79.34,73.33
HarborAveUpperNorthBridge,98.4,78.45
SpokaneSwingBridge,96.9,81.9
SpokaneSwingBridge,83.7,72.86
MagnoliaBridge,87.9,75.53
HarborAveUpperNorthBridge,98.4,78.65
HarborAveUpperNorthBridge,98.5,78.87
HarborAveUpperNorthBridge,98.5,78.64
HarborAveUpperNorthBridge,98.6,77.96
HarborAveUpperNorthBridge,98.9,78.23
HarborAveUpperNorthBridge,98.9,78.3
HarborAveUpperNorthBridge,99,78.65
HarborAveUpperNorthBridge,99,78.75
HarborAveUpperNorthBridge,99.1,78.77
HarborAveUpperNorthBridge,99.1,78.81
HarborAveUpperNorthBridge,99.2,78.81
HarborAveUpperNorthBridge,99.2,78.49
HarborAveUpperNorthBridge,99.3,78.38
HarborAveUpperNorthBridge,99.3,78.44
HarborAveUpperNorthBridge,99.3,78.37
HarborAveUpperNorthBridge,99.4,78.66
HarborAveUpperNorthBridge,99.4,78.65
HarborAveUpperNorthBridge,99.5,78.64
HarborAveUpperNorthBridge,99.5,78.61
RooseveltWay_NE80thSt,105.8,105.8
RooseveltWay_NE80thSt,105.5,105.5
RooseveltWay_NE80thSt,105.2,105.2
RooseveltWay_NE80thSt,104.8,104.8
RooseveltWay_NE80thSt,104.5,104.5
RooseveltWay_NE80thSt,104.2,104.2
RooseveltWay_NE80thSt,103.8,103.8
RooseveltWay_NE80thSt,103.5,103.5
RooseveltWay_NE80thSt,103.2,103.2
RooseveltWay_NE80thSt,102.9,102.9
RooseveltWay_NE80thSt,102.6,102.6
RooseveltWay_NE80thSt,102.3,102.3
RooseveltWay_NE80thSt,102,102
RooseveltWay_NE80thSt,101.8,101.8
RooseveltWay_NE80thSt,101.5,101.5
SpokaneSwingBridge,98.9,78.23
SpokaneSwingBridge,98.9,78.3
SpokaneSwingBridge,99,78.65
SpokaneSwingBridge,99,78.75
HarborAveUpperNorthBridge,105.5,85.7
HarborAveUpperNorthBridge,105.5,85.5
HarborAveUpperNorthBridge,105.5,85.3
HarborAveUpperNorthBridge,105.5,85.4
HarborAveUpperNorthBridge,105.5,85.3
HarborAveUpperNorthBridge,105.5,85.4
HarborAveUpperNorthBridge,105.5,85.6
HarborAveUpperNorthBridge,105.5,85.6
HarborAveUpperNorthBridge,105.5,85.5
HarborAveUpperNorthBridge,105.5,85.1
HarborAveUpperNorthBridge,105.5,85.1
HarborAveUpperNorthBridge,105.5,85.2
HarborAveUpperNorthBridge,105.5,85.2
HarborAveUpperNorthBridge,105.5,85.3
HarborAveUpperNorthBridge,105.5,85.3
AlbroPlaceAirportWay,92.4,77.8
AlbroPlaceAirportWay,92.4,77.75
AlbroPlaceAirportWay,92.3,77.72
AlbroPlaceAirportWay,92.3,77.59
AlbroPlaceAirportWay,92.3,77.45
AlbroPlaceAirportWay,92.3,77.36
AlbroPlaceAirportWay,92.3,77.25
AlbroPlaceAirportWay,92.3,77.13
AlbroPlaceAirportWay,92.3,77.04
AlbroPlaceAirportWay,92.2,76.98
AlbroPlaceAirportWay,92.2,76.84
AlbroPlaceAirportWay,92.2,76.82
AlbroPlaceAirportWay,92.2,76.78
AlbroPlaceAirportWay,92.2,76.67
AlbroPlaceAirportWay,92.2,76.57
SpokaneSwingBridge,87.9,76.4
SpokaneSwingBridge,87.8,76.36
SpokaneSwingBridge,87.8,76.35
SpokaneSwingBridge,87.7,76.31
SpokaneSwingBridge,87.7,76.25
SpokaneSwingBridge,87.6,76.15
SpokaneSwingBridge,87.6,76.06
SpokaneSwingBridge,87.5,76.01
SpokaneSwingBridge,87.5,75.96
SpokaneSwingBridge,87.4,75.9
SpokaneSwingBridge,87.4,75.86
SpokaneSwingBridge,87.4,75.8
SpokaneSwingBridge,87.3,75.75
SpokaneSwingBridge,87.3,75.71
SpokaneSwingBridge,87.2,75.67
MagnoliaBridge,84.5,75.56
MagnoliaBridge,84.5,75.51
MagnoliaBridge,84.4,75.45
MagnoliaBridge,84.4,75.4
MagnoliaBridge,84.3,75.37
MagnoliaBridge,84.3,75.35
MagnoliaBridge,84.2,75.33
MagnoliaBridge,84.2,75.29
MagnoliaBridge,84.2,75.33
MagnoliaBridge,84.1,75.35
MagnoliaBridge,84.1,75.35
MagnoliaBridge,84,75.35
MagnoliaBridge,84,75.37
MagnoliaBridge,84,75.37
MagnoliaBridge,83.9,75.39
HarborAveUpperNorthBridge,87.8,76.35
HarborAveUpperNorthBridge,87.7,76.31
HarborAveUpperNorthBridge,87.7,76.25
HarborAveUpperNorthBridge,87.6,76.15
HarborAveUpperNorthBridge,87.6,76.06
HarborAveUpperNorthBridge,87.5,76.01
HarborAveUpperNorthBridge,87.5,75.96
HarborAveUpperNorthBridge,87.4,75.9
HarborAveUpperNorthBridge,87.4,75.86
HarborAveUpperNorthBridge,87.4,75.8
HarborAveUpperNorthBridge,87.3,75.75
HarborAveUpperNorthBridge,87.3,75.71
HarborAveUpperNorthBridge,87.2,75.67
HarborAveUpperNorthBridge,87.2,75.63
HarborAveUpperNorthBridge,87.1,75.58
AlbroPlaceAirportWay,84.2,79.98
AlbroPlaceAirportWay,84.2,79.95
AlbroPlaceAirportWay,84.2,80.2
AlbroPlaceAirportWay,84.2,80.3
AlbroPlaceAirportWay,84.3,80.1
AlbroPlaceAirportWay,84.3,80.4
AlbroPlaceAirportWay,84.3,80.7
AlbroPlaceAirportWay,84.4,80.4
AlbroPlaceAirportWay,84.4,80.1
AlbroPlaceAirportWay,84.4,80.1
AlbroPlaceAirportWay,84.4,80.1
AlbroPlaceAirportWay,84.5,79.95
AlbroPlaceAirportWay,84.5,79.69
AlbroPlaceAirportWay,84.5,79.54
AlbroPlaceAirportWay,84.5,79.45
SpokaneSwingBridge,98.4,78.45
SpokaneSwingBridge,98.4,78.65
SpokaneSwingBridge,98.5,78.87
SpokaneSwingBridge,98.5,78.64
SpokaneSwingBridge,98.6,77.96
SpokaneSwingBridge,98.6,77.88
SpokaneSwingBridge,98.7,77.91
SpokaneSwingBridge,98.7,78.04
SpokaneSwingBridge,98.8,78.13
RooseveltWay_NE80thSt,75.01,75.01
RooseveltWay_NE80thSt,75.01,75.01
RooseveltWay_NE80thSt,75.02,75.02
RooseveltWay_NE80thSt,75.02,75.02
RooseveltWay_NE80thSt,75.04,75.04
RooseveltWay_NE80thSt,75.07,75.07
RooseveltWay_NE80thSt,75.11,75.11
RooseveltWay_NE80thSt,75.16,75.16
RooseveltWay_NE80thSt,75.19,75.19
RooseveltWay_NE80thSt,75.25,75.25
RooseveltWay_NE80thSt,75.29,75.29
RooseveltWay_NE80thSt,75.35,75.35
RooseveltWay_NE80thSt,75.39,75.39
RooseveltWay_NE80thSt,75.43,75.43
RooseveltWay_NE80thSt,75.48,75.48
MagnoliaBridge,75.93,70.88
MagnoliaBridge,76.01,71.02
MagnoliaBridge,76.09,71.07
MagnoliaBridge,76.09,70.99
MagnoliaBridge,76.09,70.83
MagnoliaBridge,76.08,70.78
MagnoliaBridge,76.08,70.63
MagnoliaBridge,76.05,70.5
MagnoliaBridge,76.02,70.31
MagnoliaBridge,76.01,70.18
MagnoliaBridge,75.99,70.25
MagnoliaBridge,76.02,70.37
MagnoliaBridge,76.08,70.55
MagnoliaBridge,76.18,70.97
MagnoliaBridge,76.3,71.35
HarborAveUpperNorthBridge,73.53,67.41
HarborAveUpperNorthBridge,73.57,67.43
HarborAveUpperNorthBridge,73.62,67.56
HarborAveUpperNorthBridge,73.66,67.69
HarborAveUpperNorthBridge,73.71,67.78
HarborAveUpperNorthBridge,73.78,67.81
HarborAveUpperNorthBridge,73.86,67.94
HarborAveUpperNorthBridge,73.94,68.05
HarborAveUpperNorthBridge,74.02,68.18
HarborAveUpperNorthBridge,74.11,68.17
HarborAveUpperNorthBridge,74.2,68.31
HarborAveUpperNorthBridge,74.28,68.4
HarborAveUpperNorthBridge,74.37,68.4
HarborAveUpperNorthBridge,74.46,68.45
HarborAveUpperNorthBridge,74.56,68.35
AlbroPlaceAirportWay,81.5,69.83
AlbroPlaceAirportWay,81.5,70.01
AlbroPlaceAirportWay,81.4,70.17
AlbroPlaceAirportWay,81.4,70.05
AlbroPlaceAirportWay,81.4,69.96
AlbroPlaceAirportWay,81.4,69.96
AlbroPlaceAirportWay,81.4,69.92
AlbroPlaceAirportWay,81.4,70.05
AlbroPlaceAirportWay,81.4,70.06
AlbroPlaceAirportWay,81.4,70.12
AlbroPlaceAirportWay,81.4,70.07
AlbroPlaceAirportWay,81.4,70.12
AlbroPlaceAirportWay,81.3,70.11
AlbroPlaceAirportWay,81.3,70.2
AlbroPlaceAirportWay,81.3,70.27
HarborAveUpperNorthBridge,74.2,68.31
HarborAveUpperNorthBridge,74.28,68.4
HarborAveUpperNorthBridge,74.37,68.4
HarborAveUpperNorthBridge,74.46,68.45
HarborAveUpperNorthBridge,74.56,68.35
HarborAveUpperNorthBridge,74.67,68.26
HarborAveUpperNorthBridge,74.77,68.29
HarborAveUpperNorthBridge,74.88,68.42
HarborAveUpperNorthBridge,74.99,68.54
HarborAveUpperNorthBridge,75.09,68.6
HarborAveUpperNorthBridge,75.19,68.62
HarborAveUpperNorthBridge,75.3,68.67
HarborAveUpperNorthBridge,75.39,68.64
HarborAveUpperNorthBridge,75.47,68.7
HarborAveUpperNorthBridge,75.54,68.95
RooseveltWay_NE80thSt,75.29,75.29
RooseveltWay_NE80thSt,75.35,75.35
RooseveltWay_NE80thSt,75.39,75.39
RooseveltWay_NE80thSt,75.43,75.43
RooseveltWay_NE80thSt,75.48,75.48
RooseveltWay_NE80thSt,75.52,75.52
RooseveltWay_NE80thSt,75.58,75.58
RooseveltWay_NE80thSt,75.62,75.62
RooseveltWay_NE80thSt,75.68,75.68
RooseveltWay_NE80thSt,75.73,75.73
RooseveltWay_NE80thSt,75.8,75.8
RooseveltWay_NE80thSt,75.87,75.87
RooseveltWay_NE80thSt,75.94,75.94
RooseveltWay_NE80thSt,76.03,76.03
RooseveltWay_NE80thSt,76.12,76.12
SpokaneSwingBridge,74.2,68.31
SpokaneSwingBridge,74.28,68.4
SpokaneSwingBridge,74.37,68.4
SpokaneSwingBridge,74.46,68.45
SpokaneSwingBridge,74.56,68.35
SpokaneSwingBridge,74.67,68.26
SpokaneSwingBridge,74.77,68.29
AlbroPlaceAirportWay,81.6,68.99
AlbroPlaceAirportWay,81.5,69.09
AlbroPlaceAirportWay,81.5,69.37
AlbroPlaceAirportWay,81.5,69.65
AlbroPlaceAirportWay,81.5,69.86
AlbroPlaceAirportWay,81.5,69.85
AlbroPlaceAirportWay,81.5,69.92
AlbroPlaceAirportWay,81.5,70.06
AlbroPlaceAirportWay,81.5,70.04
AlbroPlaceAirportWay,81.5,69.89
AlbroPlaceAirportWay,81.5,69.83
AlbroPlaceAirportWay,81.5,70.01
AlbroPlaceAirportWay,81.4,70.17
AlbroPlaceAirportWay,81.4,70.05
AlbroPlaceAirportWay,81.4,69.96
SpokaneSwingBridge,73.53,67.41
SpokaneSwingBridge,73.57,67.43
SpokaneSwingBridge,73.62,67.56
SpokaneSwingBridge,73.66,67.69
SpokaneSwingBridge,73.71,67.78
SpokaneSwingBridge,73.78,67.81
SpokaneSwingBridge,73.86,67.94
SpokaneSwingBridge,73.94,68.05
SpokaneSwingBridge,74.02,68.18
SpokaneSwingBridge,74.11,68.17
SpokaneSwingBridge,74.2,68.31
SpokaneSwingBridge,74.28,68.4
MagnoliaBridge,87.8,75.53
MagnoliaBridge,87.8,75.53
MagnoliaBridge,87.7,75.53
MagnoliaBridge,87.6,75.54
MagnoliaBridge,87.6,75.59
MagnoliaBridge,87.5,75.66
MagnoliaBridge,87.5,75.79
MagnoliaBridge,87.4,75.89
MagnoliaBridge,87.4,75.95
MagnoliaBridge,87.3,76.02
HarborAveUpperNorthBridge,91.3,80.2
HarborAveUpperNorthBridge,91.2,80.2
HarborAveUpperNorthBridge,91.1,80.2
HarborAveUpperNorthBridge,91.1,80.1
HarborAveUpperNorthBridge,91,80.1
HarborAveUpperNorthBridge,91,80.1
HarborAveUpperNorthBridge,90.9,80
HarborAveUpperNorthBridge,90.9,79.97
HarborAveUpperNorthBridge,90.8,79.91
HarborAveUpperNorthBridge,90.8,79.88
HarborAveUpperNorthBridge,90.7,79.88
HarborAveUpperNorthBridge,90.7,79.83
HarborAveUpperNorthBridge,90.6,79.76
HarborAveUpperNorthBridge,90.6,79.74
HarborAveUpperNorthBridge,90.5,79.71
AlbroPlaceAirportWay,92.8,82
AlbroPlaceAirportWay,92.8,82
AlbroPlaceAirportWay,92.8,81.9
AlbroPlaceAirportWay,92.8,81.8
AlbroPlaceAirportWay,92.8,81.7
AlbroPlaceAirportWay,92.8,81.7
AlbroPlaceAirportWay,92.8,81.7
AlbroPlaceAirportWay,92.8,81.7
AlbroPlaceAirportWay,92.8,81.7
AlbroPlaceAirportWay,92.8,81.7
AlbroPlaceAirportWay,92.8,81.6
AlbroPlaceAirportWay,92.8,81.6
AlbroPlaceAirportWay,92.8,81.6
AlbroPlaceAirportWay,92.8,81.6
AlbroPlaceAirportWay,92.8,81.6
RooseveltWay_NE80thSt,83.6,83.6
RooseveltWay_NE80thSt,83.5,83.5
RooseveltWay_NE80thSt,83.5,83.5
RooseveltWay_NE80thSt,83.5,83.5
RooseveltWay_NE80thSt,83.5,83.5
RooseveltWay_NE80thSt,83.4,83.4
RooseveltWay_NE80thSt,83.4,83.4
RooseveltWay_NE80thSt,83.4,83.4
RooseveltWay_NE80thSt,83.3,83.3
RooseveltWay_NE80thSt,83.3,83.3
RooseveltWay_NE80thSt,83.3,83.3
RooseveltWay_NE80thSt,83.2,83.2
RooseveltWay_NE80thSt,83.2,83.2
RooseveltWay_NE80thSt,83.2,83.2
RooseveltWay_NE80thSt,83.2,83.2
SpokaneSwingBridge,90.8,79.91
SpokaneSwingBridge,90.8,79.88
SpokaneSwingBridge,90.7,79.88
SpokaneSwingBridge,90.7,79.83
SpokaneSwingBridge,90.6,79.76
SpokaneSwingBridge,90.6,79.74
SpokaneSwingBridge,90.5,79.71
SpokaneSwingBridge,90.5,79.67
SpokaneSwingBridge,90.4,79.6
SpokaneSwingBridge,90.4,79.53
SpokaneSwingBridge,90.3,79.48
SpokaneSwingBridge,90.3,79.43
SpokaneSwingBridge,90.2,79.36
SpokaneSwingBridge,90.2,79.29
SpokaneSwingBridge,90.1,79.23
MagnoliaBridge,87.5,75.66
MagnoliaBridge,87.5,75.79
MagnoliaBridge,87.4,75.89
MagnoliaBridge,87.4,75.95
MagnoliaBridge,87.3,76.02
MagnoliaBridge,87.2,76.05
MagnoliaBridge,87.2,76.06
MagnoliaBridge,87.1,75.93
MagnoliaBridge,87,75.79
MagnoliaBridge,87,75.68
MagnoliaBridge,86.9,75.53
MagnoliaBridge,86.8,75.29
MagnoliaBridge,86.8,75.09
MagnoliaBridge,86.7,74.96
MagnoliaBridge,86.7,74.82
HarborAveUpperNorthBridge,90.7,79.88
SpokaneSwingBridge,74.8,65.56
SpokaneSwingBridge,74.79,65.61
SpokaneSwingBridge,74.76,65.67
SpokaneSwingBridge,74.74,65.75
SpokaneSwingBridge,74.7,65.76
SpokaneSwingBridge,74.69,65.75
SpokaneSwingBridge,99.8,78.87
SpokaneSwingBridge,99.8,78.97
SpokaneSwingBridge,99.9,78.77
SpokaneSwingBridge,99.9,78.67
SpokaneSwingBridge,100,78.37
SpokaneSwingBridge,100,78.15
SpokaneSwingBridge,100.1,78.17
SpokaneSwingBridge,100.1,78.33
SpokaneSwingBridge,100.1,78.4
SpokaneSwingBridge,100.2,78.59
SpokaneSwingBridge,100.2,78.81
SpokaneSwingBridge,100.2,79.17
SpokaneSwingBridge,100.3,79.22
SpokaneSwingBridge,100.3,79.24
SpokaneSwingBridge,100.3,79.37
RooseveltWay_NE80thSt,100.2,100.2
RooseveltWay_NE80thSt,100,100
RooseveltWay_NE80thSt,99.7,99.7
MagnoliaBridge,105.1,86.7
MagnoliaBridge,105.1,86.7
MagnoliaBridge,105.1,86.9
MagnoliaBridge,105.1,87.2
MagnoliaBridge,105.1,87.3
MagnoliaBridge,105.1,87.3
MagnoliaBridge,105,87.1
MagnoliaBridge,105,87.1
MagnoliaBridge,105,87
MagnoliaBridge,105,86.9
MagnoliaBridge,104.9,87
MagnoliaBridge,104.9,87.2
MagnoliaBridge,104.9,87.4
MagnoliaBridge,104.9,87.6
MagnoliaBridge,104.9,87.9
SpokaneSwingBridge,105.5,84.8
SpokaneSwingBridge,105.5,84.8
SpokaneSwingBridge,105.5,84.6
SpokaneSwingBridge,105.5,84.4
SpokaneSwingBridge,105.5,84.5
SpokaneSwingBridge,105.5,84.6
SpokaneSwingBridge,105.5,84.6
SpokaneSwingBridge,105.5,84.5
SpokaneSwingBridge,105.5,84.3
SpokaneSwingBridge,105.5,84.1
SpokaneSwingBridge,105.4,83.9
SpokaneSwingBridge,105.4,83.9
SpokaneSwingBridge,105.4,84
SpokaneSwingBridge,105.4,84
SpokaneSwingBridge,105.4,84
HarborAveUpperNorthBridge,90.7,79.83
HarborAveUpperNorthBridge,90.6,79.76
HarborAveUpperNorthBridge,90.6,79.74
HarborAveUpperNorthBridge,90.5,79.71
HarborAveUpperNorthBridge,90.5,79.67
HarborAveUpperNorthBridge,90.4,79.6
HarborAveUpperNorthBridge,90.4,79.53
HarborAveUpperNorthBridge,90.3,79.48
HarborAveUpperNorthBridge,90.3,79.43
HarborAveUpperNorthBridge,90.2,79.36
HarborAveUpperNorthBridge,90.2,79.29
HarborAveUpperNorthBridge,90.1,79.23
HarborAveUpperNorthBridge,90.1,79.18
HarborAveUpperNorthBridge,90,79.1
SpokaneSwingBridge,83.7,72.82
SpokaneSwingBridge,83.6,72.7
SpokaneSwingBridge,83.6,72.51
SpokaneSwingBridge,83.6,72.24
SpokaneSwingBridge,83.5,72.04
SpokaneSwingBridge,83.5,71.89
SpokaneSwingBridge,83.4,71.75
SpokaneSwingBridge,83.4,71.63
SpokaneSwingBridge,83.3,71.54
SpokaneSwingBridge,83.3,71.56
SpokaneSwingBridge,83.3,71.69
SpokaneSwingBridge,83.2,71.87
SpokaneSwingBridge,83.2,71.96
SpokaneSwingBridge,83.2,71.99
SpokaneSwingBridge,83.1,71.99
AlbroPlaceAirportWay,91.1,73.85
AlbroPlaceAirportWay,91,73.74
AlbroPlaceAirportWay,91,73.66
AlbroPlaceAirportWay,91,73.61
AlbroPlaceAirportWay,91,73.61
AlbroPlaceAirportWay,90.9,73.54
AlbroPlaceAirportWay,90.9,73.51
AlbroPlaceAirportWay,90.9,73.51
AlbroPlaceAirportWay,90.9,73.54
AlbroPlaceAirportWay,90.9,73.54
AlbroPlaceAirportWay,90.9,73.58
AlbroPlaceAirportWay,90.9,73.61
AlbroPlaceAirportWay,90.9,73.59
AlbroPlaceAirportWay,90.8,73.57
AlbroPlaceAirportWay,90.8,73.5
RooseveltWay_NE80thSt,79.56,79.56
RooseveltWay_NE80thSt,79.55,79.55
RooseveltWay_NE80thSt,79.53,79.53
RooseveltWay_NE80thSt,79.51,79.51
RooseveltWay_NE80thSt,79.5,79.5
RooseveltWay_NE80thSt,79.49,79.49
RooseveltWay_NE80thSt,79.46,79.46
RooseveltWay_NE80thSt,79.44,79.44
RooseveltWay_NE80thSt,79.43,79.43
RooseveltWay_NE80thSt,79.41,79.41
RooseveltWay_NE80thSt,79.39,79.39
RooseveltWay_NE80thSt,79.38,79.38
RooseveltWay_NE80thSt,79.36,79.36
RooseveltWay_NE80thSt,79.33,79.33
RooseveltWay_NE80thSt,79.32,79.32
MagnoliaBridge,81.3,72.45
MagnoliaBridge,81.2,72.43
MagnoliaBridge,81.2,72.39
MagnoliaBridge,81.2,72.37
MagnoliaBridge,81.1,72.34
MagnoliaBridge,81.1,72.28
MagnoliaBridge,81.1,72.25
MagnoliaBridge,81,72.22
MagnoliaBridge,81,72.16
MagnoliaBridge,81,72.14
MagnoliaBridge,81,72.1
MagnoliaBridge,80.9,72.1
AlbroPlaceAirportWay,92.6,80.1
RooseveltWay_NE80thSt,74.87,74.87
RooseveltWay_NE80thSt,74.87,74.87
RooseveltWay_NE80thSt,74.85,74.85
RooseveltWay_NE80thSt,74.84,74.84
RooseveltWay_NE80thSt,74.82,74.82
RooseveltWay_NE80thSt,74.82,74.82
RooseveltWay_NE80thSt,74.82,74.82
RooseveltWay_NE80thSt,74.82,74.82
RooseveltWay_NE80thSt,74.81,74.81
RooseveltWay_NE80thSt,74.79,74.79
RooseveltWay_NE80thSt,74.77,74.77
RooseveltWay_NE80thSt,74.76,74.76
RooseveltWay_NE80thSt,74.76,74.76
RooseveltWay_NE80thSt,74.75,74.75
RooseveltWay_NE80thSt,74.74,74.74
HarborAveUpperNorthBridge,74.84,65.5
HarborAveUpperNorthBridge,74.8,65.56
HarborAveUpperNorthBridge,74.79,65.61
HarborAveUpperNorthBridge,74.76,65.67
HarborAveUpperNorthBridge,74.74,65.75
SpokaneSwingBridge,96.8,81.9
SpokaneSwingBridge,96.8,81.9
SpokaneSwingBridge,96.7,81.9
SpokaneSwingBridge,96.6,81.9
SpokaneSwingBridge,96.6,81.8
SpokaneSwingBridge,96.5,81.8
SpokaneSwingBridge,96.4,81.9
MagnoliaBridge,95.7,85
MagnoliaBridge,95.7,84.8
MagnoliaBridge,95.6,84.5
MagnoliaBridge,95.5,84.4
MagnoliaBridge,95.4,84.4
MagnoliaBridge,95.4,84.3
MagnoliaBridge,95.3,84.4
MagnoliaBridge,95.2,84.5
MagnoliaBridge,95.2,84.5
MagnoliaBridge,95.1,84.5
MagnoliaBridge,95.1,84.3
MagnoliaBridge,95,84.3
MagnoliaBridge,94.9,84.2
MagnoliaBridge,94.9,84.2
MagnoliaBridge,94.8,84
AlbroPlaceAirportWay,91.5,85.2
AlbroPlaceAirportWay,91.5,85.2
AlbroPlaceAirportWay,91.6,85.3
AlbroPlaceAirportWay,91.6,85.4
AlbroPlaceAirportWay,91.6,85.3
AlbroPlaceAirportWay,91.6,85.3
AlbroPlaceAirportWay,91.6,85.2
AlbroPlaceAirportWay,91.6,85.1
AlbroPlaceAirportWay,91.6,85
AlbroPlaceAirportWay,91.6,85
AlbroPlaceAirportWay,91.7,85
AlbroPlaceAirportWay,91.7,85
AlbroPlaceAirportWay,91.7,85
AlbroPlaceAirportWay,91.7,85
AlbroPlaceAirportWay,91.7,85.1
SpokaneSwingBridge,96.1,81.6
SpokaneSwingBridge,96,81.6
SpokaneSwingBridge,95.9,81.5
SpokaneSwingBridge,95.9,81.5
SpokaneSwingBridge,95.8,81.5
SpokaneSwingBridge,78.32,69.92
SpokaneSwingBridge,78.28,69.88
SpokaneSwingBridge,78.27,69.79
SpokaneSwingBridge,78.24,69.72
SpokaneSwingBridge,78.21,69.65
SpokaneSwingBridge,78.18,69.62
MagnoliaBridge,72.8,63.46
MagnoliaBridge,72.79,63.36
MagnoliaBridge,72.75,63.29
MagnoliaBridge,72.75,63.21
MagnoliaBridge,72.75,63.13
MagnoliaBridge,72.74,63.04
MagnoliaBridge,72.72,62.97
MagnoliaBridge,72.7,62.93
HarborAveUpperNorthBridge,73.33,65.14
HarborAveUpperNorthBridge,73.3,65.07
HarborAveUpperNorthBridge,73.3,65.06
HarborAveUpperNorthBridge,73.27,65.01
HarborAveUpperNorthBridge,73.25,64.98
HarborAveUpperNorthBridge,73.24,64.91
HarborAveUpperNorthBridge,73.2,64.83
HarborAveUpperNorthBridge,73.19,64.8
HarborAveUpperNorthBridge,73.16,64.73
HarborAveUpperNorthBridge,73.14,64.66
HarborAveUpperNorthBridge,73.13,64.64
HarborAveUpperNorthBridge,73.1,64.64
HarborAveUpperNorthBridge,73.09,64.64
HarborAveUpperNorthBridge,73.06,64.65
HarborAveUpperNorthBridge,73.04,64.73
HarborAveUpperNorthBridge,73.16,64.73
HarborAveUpperNorthBridge,73.14,64.66
HarborAveUpperNorthBridge,73.13,64.64
HarborAveUpperNorthBridge,73.1,64.64
HarborAveUpperNorthBridge,73.09,64.64
HarborAveUpperNorthBridge,73.06,64.65
HarborAveUpperNorthBridge,73.04,64.73
HarborAveUpperNorthBridge,73.04,64.72
AlbroPlaceAirportWay,92.6,79.96
AlbroPlaceAirportWay,92.6,79.88
AlbroPlaceAirportWay,92.6,79.81
AlbroPlaceAirportWay,92.6,79.66
RooseveltWay_NE80thSt,83,83
RooseveltWay_NE80thSt,83,83
RooseveltWay_NE80thSt,82.9,82.9
RooseveltWay_NE80thSt,82.9,82.9
RooseveltWay_NE80thSt,82.9,82.9
RooseveltWay_NE80thSt,82.8,82.8
RooseveltWay_NE80thSt,82.8,82.8
RooseveltWay_NE80thSt,82.8,82.8
RooseveltWay_NE80thSt,82.7,82.7
RooseveltWay_NE80thSt,82.7,82.7
RooseveltWay_NE80thSt,82.7,82.7
RooseveltWay_NE80thSt,82.7,82.7
RooseveltWay_NE80thSt,82.6,82.6
RooseveltWay_NE80thSt,82.6,82.6
RooseveltWay_NE80thSt,82.5,82.5
MagnoliaBridge,86.4,75.05
MagnoliaBridge,86.3,75.24
MagnoliaBridge,86.3,75.34
MagnoliaBridge,86.2,75.46
MagnoliaBridge,86.2,75.54
MagnoliaBridge,86.1,75.6
MagnoliaBridge,86.1,75.68
MagnoliaBridge,86,75.76
MagnoliaBridge,86,75.85
MagnoliaBridge,85.9,75.96
MagnoliaBridge,85.9,76.04
MagnoliaBridge,85.8,76.07
MagnoliaBridge,85.8,76.14
MagnoliaBridge,85.7,76.2
MagnoliaBridge,85.7,76.31
SpokaneSwingBridge,89.7,78.81
SpokaneSwingBridge,89.7,78.83
SpokaneSwingBridge,89.6,78.8
SpokaneSwingBridge,89.6,78.71
SpokaneSwingBridge,89.5,78.64
SpokaneSwingBridge,89.5,78.67
SpokaneSwingBridge,89.4,78.69
SpokaneSwingBridge,89.4,78.7
SpokaneSwingBridge,89.3,78.73
SpokaneSwingBridge,89.3,78.58
SpokaneSwingBridge,89.2,78.49
SpokaneSwingBridge,89.2,78.37
SpokaneSwingBridge,89.1,78.27
SpokaneSwingBridge,89.1,78.06
SpokaneSwingBridge,89,77.86
HarborAveUpperNorthBridge,89.7,78.81
HarborAveUpperNorthBridge,89.7,78.83
HarborAveUpperNorthBridge,89.6,78.8
HarborAveUpperNorthBridge,89.6,78.71
HarborAveUpperNorthBridge,89.5,78.64
HarborAveUpperNorthBridge,89.5,78.67
HarborAveUpperNorthBridge,89.4,78.69
HarborAveUpperNorthBridge,89.4,78.7
HarborAveUpperNorthBridge,89.3,78.73
HarborAveUpperNorthBridge,89.3,78.58
HarborAveUpperNorthBridge,89.2,78.49
HarborAveUpperNorthBridge,89.2,78.37
HarborAveUpperNorthBridge,89.1,78.27
HarborAveUpperNorthBridge,89.1,78.06
HarborAveUpperNorthBridge,89,77.86
HarborAveUpperNorthBridge,74.7,65.76
SpokaneSwingBridge,74.37,68.4
SpokaneSwingBridge,98.8,78.16
SpokaneSwingBridge,96.1,81.6
AlbroPlaceAirportWay,91.3,74.47
AlbroPlaceAirportWay,91.3,74.48
AlbroPlaceAirportWay,91.3,74.45
AlbroPlaceAirportWay,91.3,74.46
AlbroPlaceAirportWay,91.3,74.53
AlbroPlaceAirportWay,91.3,74.55
AlbroPlaceAirportWay,91.3,74.56
AlbroPlaceAirportWay,91.2,74.62
AlbroPlaceAirportWay,91.2,74.6
AlbroPlaceAirportWay,91.2,74.56
AlbroPlaceAirportWay,91.2,74.56
AlbroPlaceAirportWay,91.2,74.56
AlbroPlaceAirportWay,91.2,74.54
AlbroPlaceAirportWay,91.1,74.48
AlbroPlaceAirportWay,91.1,74.4
SpokaneSwingBridge,84.4,74.13
SpokaneSwingBridge,84.4,74.03
SpokaneSwingBridge,84.3,74
SpokaneSwingBridge,84.3,73.94
SpokaneSwingBridge,84.3,73.85
SpokaneSwingBridge,84.2,73.77
SpokaneSwingBridge,84.2,73.69
SpokaneSwingBridge,84.1,73.66
SpokaneSwingBridge,84.1,73.6
SpokaneSwingBridge,84.1,73.55
SpokaneSwingBridge,84,73.49
SpokaneSwingBridge,84,73.45
SpokaneSwingBridge,84,73.42
SpokaneSwingBridge,83.9,73.39
SpokaneSwingBridge,83.9,73.37
HarborAveUpperNorthBridge,74.69,65.75
HarborAveUpperNorthBridge,74.66,65.71
HarborAveUpperNorthBridge,74.64,65.7
HarborAveUpperNorthBridge,74.6,65.7
HarborAveUpperNorthBridge,74.59,65.7
HarborAveUpperNorthBridge,74.57,65.71
HarborAveUpperNorthBridge,74.53,65.68
HarborAveUpperNorthBridge,74.51,65.62
HarborAveUpperNorthBridge,74.48,65.55
MagnoliaBridge,74.49,63.51
MagnoliaBridge,74.49,63.56
MagnoliaBridge,74.49,63.53
MagnoliaBridge,74.49,63.47
MagnoliaBridge,74.46,63.43
MagnoliaBridge,74.44,63.47
MagnoliaBridge,74.44,63.62
MagnoliaBridge,74.42,63.78
MagnoliaBridge,74.39,63.94
MagnoliaBridge,74.39,64.08
MagnoliaBridge,74.39,64.21
MagnoliaBridge,74.37,64.31
MagnoliaBridge,74.34,64.41
MagnoliaBridge,74.34,64.45
MagnoliaBridge,74.34,64.46
SpokaneSwingBridge,74.79,65.61
SpokaneSwingBridge,74.76,65.67
SpokaneSwingBridge,74.74,65.75
SpokaneSwingBridge,74.7,65.76
SpokaneSwingBridge,74.69,65.75
SpokaneSwingBridge,74.66,65.71
SpokaneSwingBridge,74.64,65.7
SpokaneSwingBridge,74.6,65.7
SpokaneSwingBridge,74.59,65.7
SpokaneSwingBridge,74.57,65.71
SpokaneSwingBridge,74.53,65.68
SpokaneSwingBridge,74.51,65.62
SpokaneSwingBridge,74.48,65.55
SpokaneSwingBridge,74.47,65.48
SpokaneSwingBridge,74.43,65.43
RooseveltWay_NE80thSt,76.37,76.37
HarborAveUpperNorthBridge,73,64.73
RooseveltWay_NE80thSt,92.4,92.4
RooseveltWay_NE80thSt,92.3,92.3
RooseveltWay_NE80thSt,92.3,92.3
RooseveltWay_NE80thSt,92.2,92.2
RooseveltWay_NE80thSt,92.2,92.2
RooseveltWay_NE80thSt,92.2,92.2
RooseveltWay_NE80thSt,92.1,92.1
RooseveltWay_NE80thSt,92.1,92.1
RooseveltWay_NE80thSt,92,92
RooseveltWay_NE80thSt,92,92
RooseveltWay_NE80thSt,92,92
RooseveltWay_NE80thSt,91.9,91.9
RooseveltWay_NE80thSt,91.9,91.9
RooseveltWay_NE80thSt,91.8,91.8
RooseveltWay_NE80thSt,91.8,91.8
MagnoliaBridge,105.5,86.5
MagnoliaBridge,105.5,86.6
MagnoliaBridge,105.5,86.5
MagnoliaBridge,105.4,86.4
MagnoliaBridge,105.4,86.3
MagnoliaBridge,105.4,86.5
MagnoliaBridge,105.4,86.7
MagnoliaBridge,105.4,86.8
MagnoliaBridge,105.4,86.6
MagnoliaBridge,105.4,86.5
MagnoliaBridge,105.3,86.3
MagnoliaBridge,105.3,86.1
MagnoliaBridge,105.3,86.2
MagnoliaBridge,105.2,86.3
MagnoliaBridge,105.2,86.4
SpokaneSwingBridge,105.5,85.7
SpokaneSwingBridge,105.5,85.5
SpokaneSwingBridge,105.5,85.3
SpokaneSwingBridge,105.5,85.4
SpokaneSwingBridge,105.5,85.3
SpokaneSwingBridge,105.5,85.4
SpokaneSwingBridge,105.5,85.6
SpokaneSwingBridge,105.5,85.6
SpokaneSwingBridge,105.5,85.5
SpokaneSwingBridge,105.5,85.1
SpokaneSwingBridge,105.5,85.1
SpokaneSwingBridge,105.5,85.2
SpokaneSwingBridge,105.5,85.2
SpokaneSwingBridge,105.5,85.3
SpokaneSwingBridge,105.5,85.3
RooseveltWay_NE80thSt,82.1,82.1
SpokaneSwingBridge,74.46,68.45
SpokaneSwingBridge,74.56,68.35
SpokaneSwingBridge,98.9,78.23
SpokaneSwingBridge,98.9,78.3
SpokaneSwingBridge,99,78.65
SpokaneSwingBridge,99,78.75
SpokaneSwingBridge,99.1,78.77
RooseveltWay_NE80thSt,107.8,107.8
RooseveltWay_NE80thSt,107.9,107.9
RooseveltWay_NE80thSt,108,108
RooseveltWay_NE80thSt,107.9,107.9
RooseveltWay_NE80thSt,107.8,107.8
RooseveltWay_NE80thSt,107.7,107.7
RooseveltWay_NE80thSt,107.4,107.4
RooseveltWay_NE80thSt,107,107
RooseveltWay_NE80thSt,106.6,106.6
RooseveltWay_NE80thSt,106.2,106.2
RooseveltWay_NE80thSt,105.8,105.8
RooseveltWay_NE80thSt,105.5,105.5
RooseveltWay_NE80thSt,105.2,105.2
RooseveltWay_NE80thSt,104.8,104.8
RooseveltWay_NE80thSt,104.5,104.5
HarborAveUpperNorthBridge,98.4,78.45
HarborAveUpperNorthBridge,98.4,78.65
HarborAveUpperNorthBridge,98.5,78.87
AlbroPlaceAirportWay,91.2,74.56
AlbroPlaceAirportWay,91.2,74.56
AlbroPlaceAirportWay,91.2,74.54
AlbroPlaceAirportWay,91.1,74.48
AlbroPlaceAirportWay,91.1,74.4
AlbroPlaceAirportWay,91.1,74.33
AlbroPlaceAirportWay,91.1,74.19
AlbroPlaceAirportWay,91.1,74.09
AlbroPlaceAirportWay,91.1,73.98
AlbroPlaceAirportWay,91.1,73.93
AlbroPlaceAirportWay,91.1,73.85
AlbroPlaceAirportWay,91,73.74
AlbroPlaceAirportWay,91,73.66
AlbroPlaceAirportWay,91,73.61
AlbroPlaceAirportWay,91,73.61
RooseveltWay_NE80thSt,79.73,79.73
RooseveltWay_NE80thSt,79.72,79.72
RooseveltWay_NE80thSt,79.72,79.72
RooseveltWay_NE80thSt,79.69,79.69
RooseveltWay_NE80thSt,79.66,79.66
RooseveltWay_NE80thSt,79.65,79.65
RooseveltWay_NE80thSt,79.63,79.63
RooseveltWay_NE80thSt,79.61,79.61
RooseveltWay_NE80thSt,79.61,79.61
RooseveltWay_NE80thSt,79.59,79.59
RooseveltWay_NE80thSt,79.56,79.56
RooseveltWay_NE80thSt,79.55,79.55
RooseveltWay_NE80thSt,79.53,79.53
RooseveltWay_NE80thSt,79.51,79.51
RooseveltWay_NE80thSt,79.5,79.5
MagnoliaBridge,81.6,72.85
MagnoliaBridge,81.5,72.79
MagnoliaBridge,81.5,72.76
MagnoliaBridge,81.5,72.73
MagnoliaBridge,81.4,72.7
MagnoliaBridge,81.4,72.65
MagnoliaBridge,81.4,72.59
MagnoliaBridge,81.3,72.54
MagnoliaBridge,81.3,72.52
MagnoliaBridge,81.3,72.49
MagnoliaBridge,81.3,72.45
MagnoliaBridge,81.2,72.43
MagnoliaBridge,81.2,72.39
MagnoliaBridge,81.2,72.37
MagnoliaBridge,81.1,72.34
SpokaneSwingBridge,84,73.42
SpokaneSwingBridge,83.9,73.39
SpokaneSwingBridge,83.9,73.37
SpokaneSwingBridge,83.8,73.28
SpokaneSwingBridge,83.8,73.15
SpokaneSwingBridge,83.8,73.04
SpokaneSwingBridge,83.7,73
SpokaneSwingBridge,83.7,72.89
SpokaneSwingBridge,83.7,72.82
SpokaneSwingBridge,83.6,72.7
SpokaneSwingBridge,83.6,72.51
SpokaneSwingBridge,83.6,72.24
SpokaneSwingBridge,83.5,72.04
SpokaneSwingBridge,83.5,71.89
SpokaneSwingBridge,83.4,71.75
HarborAveUpperNorthBridge,84,73.42
HarborAveUpperNorthBridge,83.9,73.39
HarborAveUpperNorthBridge,83.9,73.37
HarborAveUpperNorthBridge,83.8,73.28
HarborAveUpperNorthBridge,83.8,73.15
HarborAveUpperNorthBridge,83.8,73.04
HarborAveUpperNorthBridge,83.7,73
HarborAveUpperNorthBridge,83.7,72.89
HarborAveUpperNorthBridge,83.7,72.82
HarborAveUpperNorthBridge,83.6,72.7
HarborAveUpperNorthBridge,83.6,72.51
HarborAveUpperNorthBridge,83.6,72.24
HarborAveUpperNorthBridge,83.5,72.04
HarborAveUpperNorthBridge,83.5,71.89
HarborAveUpperNorthBridge,83.4,71.75
SpokaneSwingBridge,96,81.6
SpokaneSwingBridge,95.9,81.5
SpokaneSwingBridge,95.9,81.5
SpokaneSwingBridge,95.8,81.5
SpokaneSwingBridge,83.7,72.82
SpokaneSwingBridge,83.6,72.77
SpokaneSwingBridge,83.6,72.76
SpokaneSwingBridge,83.6,72.74
RooseveltWay_NE80thSt,76.34,76.34
RooseveltWay_NE80thSt,76.33,76.33
RooseveltWay_NE80thSt,76.32,76.32
RooseveltWay_NE80thSt,76.3,76.3
RooseveltWay_NE80thSt,76.27,76.27
RooseveltWay_NE80thSt,76.27,76.27
MagnoliaBridge,76.32,66.88
MagnoliaBridge,76.29,66.88
MagnoliaBridge,76.27,66.88
MagnoliaBridge,76.26,66.89
MagnoliaBridge,76.22,66.88
MagnoliaBridge,76.21,66.87
MagnoliaBridge,76.17,66.87
MagnoliaBridge,76.16,66.84
MagnoliaBridge,76.13,66.79
MagnoliaBridge,76.1,66.74
MagnoliaBridge,76.06,66.69
RooseveltWay_NE80thSt,82.1,82.1
RooseveltWay_NE80thSt,82,82
RooseveltWay_NE80thSt,82,82
RooseveltWay_NE80thSt,82,82
RooseveltWay_NE80thSt,81.9,81.9
MagnoliaBridge,85.4,76.55
MagnoliaBridge,85.4,76.54
MagnoliaBridge,85.3,76.5
MagnoliaBridge,85.3,76.44
MagnoliaBridge,85.2,76.39
MagnoliaBridge,85.2,76.36
MagnoliaBridge,85.1,76.29
MagnoliaBridge,85.1,76.24
MagnoliaBridge,85,76.23
MagnoliaBridge,85,76.2
MagnoliaBridge,84.9,76.17
MagnoliaBridge,84.9,76.12
MagnoliaBridge,84.8,76.06
MagnoliaBridge,84.8,76.01
MagnoliaBridge,84.8,75.95
HarborAveUpperNorthBridge,88.7,77.13
HarborAveUpperNorthBridge,88.7,77.08
HarborAveUpperNorthBridge,88.6,77.03
HarborAveUpperNorthBridge,88.6,76.97
HarborAveUpperNorthBridge,88.5,76.9
HarborAveUpperNorthBridge,88.5,76.86
HarborAveUpperNorthBridge,88.4,76.85
HarborAveUpperNorthBridge,88.4,76.77
HarborAveUpperNorthBridge,88.3,76.75
HarborAveUpperNorthBridge,88.3,76.72
HarborAveUpperNorthBridge,88.2,76.68
HarborAveUpperNorthBridge,88.2,76.67
HarborAveUpperNorthBridge,88.1,76.67
HarborAveUpperNorthBridge,88.1,76.66
HarborAveUpperNorthBridge,88,76.63
SpokaneSwingBridge,88.7,77.13
SpokaneSwingBridge,88.7,77.08
SpokaneSwingBridge,88.6,77.03
SpokaneSwingBridge,88.6,76.97
SpokaneSwingBridge,88.5,76.9
SpokaneSwingBridge,88.5,76.86
SpokaneSwingBridge,88.4,76.85
SpokaneSwingBridge,88.4,76.77
SpokaneSwingBridge,88.3,76.75
SpokaneSwingBridge,88.3,76.72
SpokaneSwingBridge,88.2,76.68
SpokaneSwingBridge,88.2,76.67
SpokaneSwingBridge,88.1,76.67
SpokaneSwingBridge,88.1,76.66
SpokaneSwingBridge,88,76.63
RooseveltWay_NE80thSt,75.8,75.8
RooseveltWay_NE80thSt,75.87,75.87
RooseveltWay_NE80thSt,75.94,75.94
RooseveltWay_NE80thSt,76.03,76.03
RooseveltWay_NE80thSt,76.12,76.12
RooseveltWay_NE80thSt,76.23,76.23
RooseveltWay_NE80thSt,76.36,76.36
RooseveltWay_NE80thSt,76.51,76.51
RooseveltWay_NE80thSt,76.67,76.67
RooseveltWay_NE80thSt,76.85,76.85
RooseveltWay_NE80thSt,77.05,77.05
RooseveltWay_NE80thSt,77.27,77.27
RooseveltWay_NE80thSt,77.49,77.49
RooseveltWay_NE80thSt,77.73,77.73
RooseveltWay_NE80thSt,77.96,77.96
SpokaneSwingBridge,75.19,68.62
SpokaneSwingBridge,75.3,68.67
SpokaneSwingBridge,87,75.41
SpokaneSwingBridge,86.9,75.37
SpokaneSwingBridge,86.9,75.36
SpokaneSwingBridge,86.8,75.32
SpokaneSwingBridge,86.8,75.32
SpokaneSwingBridge,86.7,75.31
SpokaneSwingBridge,86.7,75.32
SpokaneSwingBridge,86.7,75.27
AlbroPlaceAirportWay,92.2,76.35
AlbroPlaceAirportWay,92.1,76.27
AlbroPlaceAirportWay,92.1,76.23
AlbroPlaceAirportWay,92.1,76.2
AlbroPlaceAirportWay,92.1,76.2
AlbroPlaceAirportWay,92.1,76.2
AlbroPlaceAirportWay,92.1,76.2
AlbroPlaceAirportWay,92.1,76.19
AlbroPlaceAirportWay,92.1,76.16
AlbroPlaceAirportWay,92.1,76.15
AlbroPlaceAirportWay,92.1,76.09
AlbroPlaceAirportWay,92,76.03
AlbroPlaceAirportWay,92,75.93
AlbroPlaceAirportWay,92,75.82
AlbroPlaceAirportWay,92,75.72
HarborAveUpperNorthBridge,86.9,75.37
AlbroPlaceAirportWay,92.1,76.09
AlbroPlaceAirportWay,92,76.03
AlbroPlaceAirportWay,92,75.93
AlbroPlaceAirportWay,92,75.82
AlbroPlaceAirportWay,92,75.72
AlbroPlaceAirportWay,92,75.65
AlbroPlaceAirportWay,92,75.57
AlbroPlaceAirportWay,91.9,75.56
AlbroPlaceAirportWay,91.9,75.56
AlbroPlaceAirportWay,91.9,75.56
AlbroPlaceAirportWay,91.9,75.6
AlbroPlaceAirportWay,91.9,75.69
AlbroPlaceAirportWay,91.9,75.79
AlbroPlaceAirportWay,91.9,75.83
AlbroPlaceAirportWay,91.9,75.77
RooseveltWay_NE80thSt,80.9,80.9
RooseveltWay_NE80thSt,80.9,80.9
RooseveltWay_NE80thSt,80.9,80.9
RooseveltWay_NE80thSt,80.9,80.9
RooseveltWay_NE80thSt,80.8,80.8
RooseveltWay_NE80thSt,80.8,80.8
RooseveltWay_NE80thSt,80.8,80.8
RooseveltWay_NE80thSt,80.8,80.8
RooseveltWay_NE80thSt,80.8,80.8
RooseveltWay_NE80thSt,80.7,80.7
RooseveltWay_NE80thSt,80.7,80.7
RooseveltWay_NE80thSt,80.7,80.7
RooseveltWay_NE80thSt,80.7,80.7
RooseveltWay_NE80thSt,80.7,80.7
RooseveltWay_NE80thSt,80.6,80.6
RooseveltWay_NE80thSt,76.33,76.33
RooseveltWay_NE80thSt,76.32,76.32
RooseveltWay_NE80thSt,76.3,76.3
RooseveltWay_NE80thSt,76.27,76.27
RooseveltWay_NE80thSt,76.27,76.27
RooseveltWay_NE80thSt,76.25,76.25
RooseveltWay_NE80thSt,76.22,76.22
RooseveltWay_NE80thSt,76.22,76.22
RooseveltWay_NE80thSt,76.21,76.21
RooseveltWay_NE80thSt,76.2,76.2
RooseveltWay_NE80thSt,76.18,76.18
RooseveltWay_NE80thSt,76.16,76.16
RooseveltWay_NE80thSt,76.16,76.16
RooseveltWay_NE80thSt,76.15,76.15
RooseveltWay_NE80thSt,76.13,76.13
MagnoliaBridge,76.06,66.69
MagnoliaBridge,76.04,66.66
MagnoliaBridge,76,66.67
MagnoliaBridge,75.96,66.71
MagnoliaBridge,75.94,66.79
MagnoliaBridge,75.92,66.82
MagnoliaBridge,75.89,66.88
MagnoliaBridge,75.86,66.94
MagnoliaBridge,75.84,66.97
MagnoliaBridge,75.84,66.97
MagnoliaBridge,75.8,66.97
MagnoliaBridge,75.78,66.96
MagnoliaBridge,75.75,66.97
MagnoliaBridge,75.73,66.96
MagnoliaBridge,75.73,66.93
HarborAveUpperNorthBridge,77.72,68.77
HarborAveUpperNorthBridge,77.71,68.78
HarborAveUpperNorthBridge,77.68,68.74
HarborAveUpperNorthBridge,77.66,68.74
HarborAveUpperNorthBridge,77.62,68.76
HarborAveUpperNorthBridge,77.6,68.79
HarborAveUpperNorthBridge,77.57,68.79
HarborAveUpperNorthBridge,77.55,68.83
HarborAveUpperNorthBridge,77.52,68.82
HarborAveUpperNorthBridge,77.49,68.81
HarborAveUpperNorthBridge,77.46,68.79
AlbroPlaceAirportWay,81.1,72.56
AlbroPlaceAirportWay,81.1,72.72
AlbroPlaceAirportWay,81.1,72.88
AlbroPlaceAirportWay,81.1,73.03
AlbroPlaceAirportWay,81.1,73.02
AlbroPlaceAirportWay,81.1,72.99
AlbroPlaceAirportWay,81.1,72.97
AlbroPlaceAirportWay,81.1,72.8
AlbroPlaceAirportWay,81.1,72.83
AlbroPlaceAirportWay,81.1,72.8
AlbroPlaceAirportWay,81.1,72.67
AlbroPlaceAirportWay,81.1,72.58
AlbroPlaceAirportWay,81.1,72.55
AlbroPlaceAirportWay,81.1,72.52
AlbroPlaceAirportWay,81.1,72.48
HarborAveUpperNorthBridge,77.14,70.86
HarborAveUpperNorthBridge,77.19,70.98
HarborAveUpperNorthBridge,77.26,70.99
HarborAveUpperNorthBridge,77.34,70.99
HarborAveUpperNorthBridge,77.43,71.05
HarborAveUpperNorthBridge,77.53,71.16
HarborAveUpperNorthBridge,77.64,71.07
HarborAveUpperNorthBridge,77.74,71.11
HarborAveUpperNorthBridge,77.84,71.02
HarborAveUpperNorthBridge,77.96,71.02
HarborAveUpperNorthBridge,78.08,70.94
HarborAveUpperNorthBridge,78.19,71.08
HarborAveUpperNorthBridge,78.3,71.39
HarborAveUpperNorthBridge,78.43,71.64
HarborAveUpperNorthBridge,78.55,71.66
RooseveltWay_NE80thSt,80,80
RooseveltWay_NE80thSt,80.1,80.1
RooseveltWay_NE80thSt,80.1,80.1
RooseveltWay_NE80thSt,80.1,80.1
RooseveltWay_NE80thSt,80.2,80.2
RooseveltWay_NE80thSt,80.2,80.2
RooseveltWay_NE80thSt,80.3,80.3
AlbroPlaceAirportWay,89.2,88.5
AlbroPlaceAirportWay,89.2,88.2
AlbroPlaceAirportWay,89.3,88.1
AlbroPlaceAirportWay,89.3,88.1
AlbroPlaceAirportWay,89.3,88
AlbroPlaceAirportWay,89.4,88.3
AlbroPlaceAirportWay,89.4,88.3
AlbroPlaceAirportWay,89.4,88.2
AlbroPlaceAirportWay,89.4,88.3
AlbroPlaceAirportWay,89.5,88.1
AlbroPlaceAirportWay,89.5,88.1
AlbroPlaceAirportWay,89.5,88.1
AlbroPlaceAirportWay,89.6,88.2
AlbroPlaceAirportWay,89.6,88.3
AlbroPlaceAirportWay,89.6,88.2
AlbroPlaceAirportWay,86.4,66.67
AlbroPlaceAirportWay,86.3,66.59
AlbroPlaceAirportWay,86.3,66.58
AlbroPlaceAirportWay,86.3,66.57
AlbroPlaceAirportWay,86.3,66.55
AlbroPlaceAirportWay,86.3,66.55
AlbroPlaceAirportWay,86.2,66.55
AlbroPlaceAirportWay,86.2,66.56
AlbroPlaceAirportWay,86.2,66.52
AlbroPlaceAirportWay,86.2,66.5
AlbroPlaceAirportWay,86.2,66.52
AlbroPlaceAirportWay,86.2,66.5
AlbroPlaceAirportWay,86.1,66.52
AlbroPlaceAirportWay,86.1,66.53
AlbroPlaceAirportWay,86.1,66.56
SpokaneSwingBridge,74.59,65.7
SpokaneSwingBridge,74.57,65.71
SpokaneSwingBridge,74.53,65.68
SpokaneSwingBridge,74.51,65.62
SpokaneSwingBridge,74.48,65.55
SpokaneSwingBridge,74.47,65.48
SpokaneSwingBridge,74.43,65.43
SpokaneSwingBridge,74.42,65.41
SpokaneSwingBridge,74.38,65.42
SpokaneSwingBridge,74.37,65.4
SpokaneSwingBridge,74.34,65.41
SpokaneSwingBridge,74.33,65.43
SpokaneSwingBridge,74.3,65.44
SpokaneSwingBridge,74.28,65.45
SpokaneSwingBridge,74.26,65.43
SpokaneSwingBridge,74.88,68.42
HarborAveUpperNorthBridge,98.5,78.64
HarborAveUpperNorthBridge,96.1,81.7
SpokaneSwingBridge,83,72.41
MagnoliaBridge,76.04,66.66
AlbroPlaceAirportWay,87.6,87.8
AlbroPlaceAirportWay,87.7,87.7
AlbroPlaceAirportWay,87.7,87.8
AlbroPlaceAirportWay,87.7,88.1
AlbroPlaceAirportWay,87.8,88.3
AlbroPlaceAirportWay,87.8,88.2
AlbroPlaceAirportWay,87.8,88
AlbroPlaceAirportWay,87.9,87.7
AlbroPlaceAirportWay,87.9,87.6
AlbroPlaceAirportWay,87.9,87.5
AlbroPlaceAirportWay,88,87.6
AlbroPlaceAirportWay,88,88
AlbroPlaceAirportWay,88,88.4
AlbroPlaceAirportWay,88,88.4
AlbroPlaceAirportWay,88.1,88.5
RooseveltWay_NE80thSt,92.8,92.8
RooseveltWay_NE80thSt,92.8,92.8
RooseveltWay_NE80thSt,92.7,92.7
RooseveltWay_NE80thSt,92.7,92.7
RooseveltWay_NE80thSt,92.6,92.6
RooseveltWay_NE80thSt,92.6,92.6
RooseveltWay_NE80thSt,92.6,92.6
RooseveltWay_NE80thSt,92.5,92.5
RooseveltWay_NE80thSt,92.5,92.5
RooseveltWay_NE80thSt,92.4,92.4
RooseveltWay_NE80thSt,92.4,92.4
RooseveltWay_NE80thSt,92.3,92.3
RooseveltWay_NE80thSt,92.3,92.3
RooseveltWay_NE80thSt,92.2,92.2
RooseveltWay_NE80thSt,92.2,92.2
HarborAveUpperNorthBridge,105.4,85
HarborAveUpperNorthBridge,105.4,85.1
HarborAveUpperNorthBridge,105.4,85.1
HarborAveUpperNorthBridge,105.4,85.3
HarborAveUpperNorthBridge,105.4,85.5
HarborAveUpperNorthBridge,105.4,85.6
HarborAveUpperNorthBridge,105.4,85.5
HarborAveUpperNorthBridge,105.4,85.4
HarborAveUpperNorthBridge,105.4,85.4
HarborAveUpperNorthBridge,105.4,85.5
HarborAveUpperNorthBridge,105.5,85.7
HarborAveUpperNorthBridge,105.5,85.5
HarborAveUpperNorthBridge,105.5,85.3
HarborAveUpperNorthBridge,105.5,85.4
HarborAveUpperNorthBridge,105.5,85.3
SpokaneSwingBridge,105.4,85
SpokaneSwingBridge,105.4,85.1
SpokaneSwingBridge,105.4,85.1
SpokaneSwingBridge,105.4,85.3
SpokaneSwingBridge,105.4,85.5
SpokaneSwingBridge,105.4,85.6
SpokaneSwingBridge,105.4,85.5
SpokaneSwingBridge,105.4,85.4
SpokaneSwingBridge,105.4,85.4
SpokaneSwingBridge,105.4,85.5
SpokaneSwingBridge,105.5,85.7
SpokaneSwingBridge,105.5,85.5
SpokaneSwingBridge,105.5,85.3
SpokaneSwingBridge,105.5,85.4
SpokaneSwingBridge,105.5,85.3
MagnoliaBridge,105.7,86.4
MagnoliaBridge,105.7,86.4
MagnoliaBridge,105.6,86.5
MagnoliaBridge,105.6,86.5
MagnoliaBridge,105.6,86.5
MagnoliaBridge,105.6,86.5
MagnoliaBridge,105.6,86.5
MagnoliaBridge,105.6,86.6
MagnoliaBridge,105.5,86.5
MagnoliaBridge,105.5,86.5
MagnoliaBridge,105.5,86.5
MagnoliaBridge,105.5,86.6
MagnoliaBridge,105.5,86.5
MagnoliaBridge,105.4,86.4
MagnoliaBridge,105.4,86.3
AlbroPlaceAirportWay,88,87.6
AlbroPlaceAirportWay,88,88
AlbroPlaceAirportWay,88,88.4
AlbroPlaceAirportWay,88,88.4
AlbroPlaceAirportWay,88.1,88.5
AlbroPlaceAirportWay,88.1,88.5
AlbroPlaceAirportWay,88.1,88
AlbroPlaceAirportWay,88.2,87.8
AlbroPlaceAirportWay,88.2,87.9
AlbroPlaceAirportWay,88.3,87.9
AlbroPlaceAirportWay,88.3,87.8
AlbroPlaceAirportWay,88.3,87.7
AlbroPlaceAirportWay,88.3,87.5
AlbroPlaceAirportWay,88.4,87.7
AlbroPlaceAirportWay,88.4,87.8
HarborAveUpperNorthBridge,86.9,75.36
RooseveltWay_NE80thSt,74.6,74.6
HarborAveUpperNorthBridge,86.8,75.32
HarborAveUpperNorthBridge,86.8,75.32
HarborAveUpperNorthBridge,86.7,75.31
HarborAveUpperNorthBridge,86.7,75.32
HarborAveUpperNorthBridge,86.7,75.27
HarborAveUpperNorthBridge,86.6,75.24
HarborAveUpperNorthBridge,86.6,75.22
HarborAveUpperNorthBridge,86.5,75.2
HarborAveUpperNorthBridge,86.5,75.16
HarborAveUpperNorthBridge,86.4,75.13
HarborAveUpperNorthBridge,86.4,75.11
HarborAveUpperNorthBridge,86.3,75.13
HarborAveUpperNorthBridge,86.3,75.12
HarborAveUpperNorthBridge,86.1,74.85
HarborAveUpperNorthBridge,86,74.8
HarborAveUpperNorthBridge,86,74.76
HarborAveUpperNorthBridge,85.9,74.77
HarborAveUpperNorthBridge,85.9,74.78
HarborAveUpperNorthBridge,85.9,74.81
HarborAveUpperNorthBridge,85.8,74.85
HarborAveUpperNorthBridge,85.8,74.89
HarborAveUpperNorthBridge,85.7,74.9
HarborAveUpperNorthBridge,85.7,74.87
HarborAveUpperNorthBridge,85.7,74.87
HarborAveUpperNorthBridge,85.6,74.87
HarborAveUpperNorthBridge,85.6,74.84
HarborAveUpperNorthBridge,85.5,74.79
HarborAveUpperNorthBridge,85.5,74.65
RooseveltWay_NE80thSt,80.7,80.7
RooseveltWay_NE80thSt,80.7,80.7
RooseveltWay_NE80thSt,80.7,80.7
RooseveltWay_NE80thSt,80.7,80.7
RooseveltWay_NE80thSt,80.6,80.6
RooseveltWay_NE80thSt,80.6,80.6
RooseveltWay_NE80thSt,80.6,80.6
RooseveltWay_NE80thSt,80.6,80.6
RooseveltWay_NE80thSt,80.5,80.5
RooseveltWay_NE80thSt,80.5,80.5
RooseveltWay_NE80thSt,80.5,80.5
AlbroPlaceAirportWay,88.3,87.8
AlbroPlaceAirportWay,88.3,87.7
AlbroPlaceAirportWay,88.3,87.5
AlbroPlaceAirportWay,88.4,87.7
AlbroPlaceAirportWay,88.4,87.8
AlbroPlaceAirportWay,88.4,88
AlbroPlaceAirportWay,88.5,88
AlbroPlaceAirportWay,88.5,88.2
AlbroPlaceAirportWay,88.5,88.3
AlbroPlaceAirportWay,88.5,88.4
AlbroPlaceAirportWay,88.6,88.4
AlbroPlaceAirportWay,88.6,88.5
AlbroPlaceAirportWay,88.6,88.6
AlbroPlaceAirportWay,88.7,88.5
AlbroPlaceAirportWay,88.7,88.5
RooseveltWay_NE80thSt,92,92
RooseveltWay_NE80thSt,91.9,91.9
RooseveltWay_NE80thSt,91.9,91.9
RooseveltWay_NE80thSt,91.8,91.8
RooseveltWay_NE80thSt,91.8,91.8
RooseveltWay_NE80thSt,91.7,91.7
RooseveltWay_NE80thSt,91.7,91.7
RooseveltWay_NE80thSt,91.6,91.6
RooseveltWay_NE80thSt,91.5,91.5
RooseveltWay_NE80thSt,91.5,91.5
RooseveltWay_NE80thSt,91.4,91.4
RooseveltWay_NE80thSt,91.4,91.4
RooseveltWay_NE80thSt,91.4,91.4
RooseveltWay_NE80thSt,91.3,91.3
RooseveltWay_NE80thSt,91.3,91.3
SpokaneSwingBridge,105.5,85.1
SpokaneSwingBridge,105.5,85.2
SpokaneSwingBridge,105.5,85.2
SpokaneSwingBridge,105.5,85.3
SpokaneSwingBridge,105.5,85.3
SpokaneSwingBridge,105.5,85.3
SpokaneSwingBridge,105.5,85.3
SpokaneSwingBridge,105.5,85.2
SpokaneSwingBridge,105.5,85.1
SpokaneSwingBridge,105.5,85
SpokaneSwingBridge,105.5,84.8
SpokaneSwingBridge,105.5,84.8
SpokaneSwingBridge,105.5,84.6
SpokaneSwingBridge,105.5,84.4
SpokaneSwingBridge,105.5,84.5
MagnoliaBridge,105.3,86.3
MagnoliaBridge,105.3,86.1
MagnoliaBridge,105.3,86.2
MagnoliaBridge,105.2,86.3
MagnoliaBridge,105.2,86.4
MagnoliaBridge,105.2,86.5
MagnoliaBridge,105.1,86.5
MagnoliaBridge,105.1,86.6
MagnoliaBridge,105.1,86.6
MagnoliaBridge,105.1,86.8
RooseveltWay_NE80thSt,81.2,81.2
RooseveltWay_NE80thSt,81.1,81.1
RooseveltWay_NE80thSt,81.1,81.1
RooseveltWay_NE80thSt,81.1,81.1
RooseveltWay_NE80thSt,81.1,81.1
RooseveltWay_NE80thSt,81,81
RooseveltWay_NE80thSt,81,81
RooseveltWay_NE80thSt,81,81
RooseveltWay_NE80thSt,81,81
RooseveltWay_NE80thSt,81,81
RooseveltWay_NE80thSt,80.9,80.9
RooseveltWay_NE80thSt,80.9,80.9
RooseveltWay_NE80thSt,80.9,80.9
RooseveltWay_NE80thSt,80.9,80.9
RooseveltWay_NE80thSt,80.8,80.8
SpokaneSwingBridge,86.8,75.32
SpokaneSwingBridge,86.8,75.32
SpokaneSwingBridge,86.7,75.31
SpokaneSwingBridge,86.7,75.32
SpokaneSwingBridge,86.7,75.27
SpokaneSwingBridge,86.6,75.24
SpokaneSwingBridge,86.6,75.22
SpokaneSwingBridge,86.5,75.2
SpokaneSwingBridge,86.5,75.16
SpokaneSwingBridge,86.4,75.13
SpokaneSwingBridge,86.4,75.11
SpokaneSwingBridge,86.3,75.13
SpokaneSwingBridge,86.3,75.12
SpokaneSwingBridge,86.2,75.12
SpokaneSwingBridge,86.2,75.11
SpokaneSwingBridge,74.99,68.54
SpokaneSwingBridge,75.09,68.6
SpokaneSwingBridge,75.19,68.62
SpokaneSwingBridge,75.3,68.67
SpokaneSwingBridge,75.39,68.64
SpokaneSwingBridge,75.47,68.7
SpokaneSwingBridge,75.54,68.95
HarborAveUpperNorthBridge,98.6,77.96
HarborAveUpperNorthBridge,98.6,77.88
HarborAveUpperNorthBridge,98.7,77.91
HarborAveUpperNorthBridge,98.7,78.04
HarborAveUpperNorthBridge,98.8,78.13
HarborAveUpperNorthBridge,98.8,78.16
HarborAveUpperNorthBridge,98.9,78.23
HarborAveUpperNorthBridge,98.9,78.3
HarborAveUpperNorthBridge,99,78.65
HarborAveUpperNorthBridge,99,78.75
HarborAveUpperNorthBridge,99.1,78.77
HarborAveUpperNorthBridge,96.1,81.6
HarborAveUpperNorthBridge,96,81.6
HarborAveUpperNorthBridge,95.9,81.5
HarborAveUpperNorthBridge,95.9,81.5
HarborAveUpperNorthBridge,95.8,81.5
MagnoliaBridge,95.1,84.3
MagnoliaBridge,95,84.3
MagnoliaBridge,94.9,84.2
MagnoliaBridge,94.9,84.2
MagnoliaBridge,94.8,84
MagnoliaBridge,94.8,84
MagnoliaBridge,94.7,83.9
MagnoliaBridge,94.6,83.8
MagnoliaBridge,94.6,83.7
MagnoliaBridge,94.5,83.7
MagnoliaBridge,94.4,83.6
MagnoliaBridge,94.3,83.6
MagnoliaBridge,94.3,83.6
MagnoliaBridge,94.2,83.5
MagnoliaBridge,94.1,83.4
RooseveltWay_NE80thSt,80.5,80.5
SpokaneSwingBridge,75.39,68.64
SpokaneSwingBridge,99.1,78.77
SpokaneSwingBridge,95.7,81.5
AlbroPlaceAirportWay,88.6,88.4
AlbroPlaceAirportWay,88.6,88.5
AlbroPlaceAirportWay,88.6,88.6
AlbroPlaceAirportWay,88.7,88.5
AlbroPlaceAirportWay,88.7,88.5
AlbroPlaceAirportWay,88.7,88.5
AlbroPlaceAirportWay,88.8,88.4
AlbroPlaceAirportWay,88.8,88.3
AlbroPlaceAirportWay,88.8,88.3
AlbroPlaceAirportWay,88.9,88
AlbroPlaceAirportWay,88.9,87.9
AlbroPlaceAirportWay,88.9,88.2
AlbroPlaceAirportWay,89,88.4
AlbroPlaceAirportWay,89,88.5
AlbroPlaceAirportWay,89,88.5
HarborAveUpperNorthBridge,105.5,84.8
HarborAveUpperNorthBridge,105.5,84.8
HarborAveUpperNorthBridge,105.5,84.6
HarborAveUpperNorthBridge,105.5,84.4
HarborAveUpperNorthBridge,105.5,84.5
HarborAveUpperNorthBridge,105.5,84.6
HarborAveUpperNorthBridge,105.5,84.6
HarborAveUpperNorthBridge,105.5,84.5
HarborAveUpperNorthBridge,105.5,84.3
HarborAveUpperNorthBridge,105.5,84.1
HarborAveUpperNorthBridge,105.4,83.9
HarborAveUpperNorthBridge,105.4,83.9
HarborAveUpperNorthBridge,105.4,84
HarborAveUpperNorthBridge,105.4,84
HarborAveUpperNorthBridge,105.4,84
RooseveltWay_NE80thSt,91.4,91.4
RooseveltWay_NE80thSt,91.4,91.4
RooseveltWay_NE80thSt,91.4,91.4
RooseveltWay_NE80thSt,91.3,91.3
RooseveltWay_NE80thSt,91.3,91.3
RooseveltWay_NE80thSt,91.2,91.2
RooseveltWay_NE80thSt,91.2,91.2
RooseveltWay_NE80thSt,91.1,91.1
RooseveltWay_NE80thSt,91.1,91.1
RooseveltWay_NE80thSt,91.1,91.1
RooseveltWay_NE80thSt,91,91
RooseveltWay_NE80thSt,91,91
RooseveltWay_NE80thSt,91,91
RooseveltWay_NE80thSt,90.9,90.9
RooseveltWay_NE80thSt,90.9,90.9
AlbroPlaceAirportWay,88.9,87.9
AlbroPlaceAirportWay,88.9,88.2
AlbroPlaceAirportWay,89,88.4
AlbroPlaceAirportWay,89,88.5
AlbroPlaceAirportWay,89,88.5
AlbroPlaceAirportWay,89,88.3
AlbroPlaceAirportWay,89.1,88.4
AlbroPlaceAirportWay,89.1,88.5
AlbroPlaceAirportWay,89.1,88.5
AlbroPlaceAirportWay,89.2,88.5
AlbroPlaceAirportWay,89.2,88.5
AlbroPlaceAirportWay,89.2,88.2
AlbroPlaceAirportWay,89.3,88.1
AlbroPlaceAirportWay,89.3,88.1
AlbroPlaceAirportWay,89.3,88
RooseveltWay_NE80thSt,91,91
RooseveltWay_NE80thSt,91,91
RooseveltWay_NE80thSt,91,91
RooseveltWay_NE80thSt,90.9,90.9
RooseveltWay_NE80thSt,90.9,90.9
RooseveltWay_NE80thSt,90.8,90.8
RooseveltWay_NE80thSt,90.8,90.8
RooseveltWay_NE80thSt,90.8,90.8
RooseveltWay_NE80thSt,90.7,90.7
RooseveltWay_NE80thSt,90.7,90.7
RooseveltWay_NE80thSt,90.7,90.7
RooseveltWay_NE80thSt,90.7,90.7
RooseveltWay_NE80thSt,90.6,90.6
RooseveltWay_NE80thSt,90.6,90.6
RooseveltWay_NE80thSt,90.6,90.6
SpokaneSwingBridge,105.4,83.9
SpokaneSwingBridge,105.4,83.9
SpokaneSwingBridge,105.4,84
SpokaneSwingBridge,105.4,84
SpokaneSwingBridge,105.4,84
SpokaneSwingBridge,105.4,84.1
SpokaneSwingBridge,105.4,84.2
SpokaneSwingBridge,75.47,68.7
SpokaneSwingBridge,75.54,68.95
SpokaneSwingBridge,75.6,68.98
SpokaneSwingBridge,75.65,68.89
SpokaneSwingBridge,75.7,69.04
SpokaneSwingBridge,75.76,69.14
SpokaneSwingBridge,75.81,69.18
SpokaneSwingBridge,75.86,69.25
SpokaneSwingBridge,75.91,69.36
SpokaneSwingBridge,75.95,69.45
SpokaneSwingBridge,75.99,69.55
SpokaneSwingBridge,76.01,69.69
MagnoliaBridge,77.06,72.92
MagnoliaBridge,77.14,73.01
MagnoliaBridge,77.23,73.08
MagnoliaBridge,77.32,73.05
MagnoliaBridge,77.43,73.21
MagnoliaBridge,77.56,73.42
MagnoliaBridge,77.71,73.61
MagnoliaBridge,77.86,73.81
MagnoliaBridge,77.98,73.95
MagnoliaBridge,78.09,73.98
MagnoliaBridge,78.16,73.86
MagnoliaBridge,78.22,73.64
MagnoliaBridge,78.3,73.63
MagnoliaBridge,78.36,73.59
MagnoliaBridge,78.45,73.55
SpokaneSwingBridge,99.1,78.81
SpokaneSwingBridge,99.2,78.81
SpokaneSwingBridge,99.2,78.49
SpokaneSwingBridge,99.3,78.38
SpokaneSwingBridge,99.3,78.44
SpokaneSwingBridge,99.3,78.37
SpokaneSwingBridge,99.4,78.66
SpokaneSwingBridge,99.4,78.65
SpokaneSwingBridge,99.5,78.64
SpokaneSwingBridge,99.5,78.61
HarborAveUpperNorthBridge,94.4,81.1
HarborAveUpperNorthBridge,94.3,81
HarborAveUpperNorthBridge,94.2,81
HarborAveUpperNorthBridge,94.2,81
HarborAveUpperNorthBridge,94.1,81
HarborAveUpperNorthBridge,94.1,81
HarborAveUpperNorthBridge,94,81
HarborAveUpperNorthBridge,94,81
HarborAveUpperNorthBridge,93.9,80.9
HarborAveUpperNorthBridge,93.9,80.9
HarborAveUpperNorthBridge,93.8,80.9
HarborAveUpperNorthBridge,93.7,80.8
HarborAveUpperNorthBridge,93.7,80.8
HarborAveUpperNorthBridge,93.6,80.8
HarborAveUpperNorthBridge,93.6,80.7
SpokaneSwingBridge,100.9,79.85
SpokaneSwingBridge,101,79.82
SpokaneSwingBridge,101,79.88
SpokaneSwingBridge,101,80.1
SpokaneSwingBridge,101.1,80.1
SpokaneSwingBridge,101.1,79.95
SpokaneSwingBridge,101.2,79.91
SpokaneSwingBridge,101.2,79.71
SpokaneSwingBridge,101.2,79.75
SpokaneSwingBridge,101.3,79.64
SpokaneSwingBridge,101.3,79.5
SpokaneSwingBridge,101.3,79.52
SpokaneSwingBridge,101.3,79.56
SpokaneSwingBridge,101.4,79.82
SpokaneSwingBridge,101.4,80
SpokaneSwingBridge,95.7,81.4
SpokaneSwingBridge,95.6,81.4
SpokaneSwingBridge,95.6,81.4
SpokaneSwingBridge,95.5,81.4
SpokaneSwingBridge,95.4,81.4
SpokaneSwingBridge,95.4,81.4
SpokaneSwingBridge,95.3,81.4
SpokaneSwingBridge,95.3,81.3
SpokaneSwingBridge,95.2,81.4
RooseveltWay_NE80thSt,86.2,86.2
RooseveltWay_NE80thSt,86.1,86.1
RooseveltWay_NE80thSt,86.1,86.1
RooseveltWay_NE80thSt,86.1,86.1
RooseveltWay_NE80thSt,86.1,86.1
RooseveltWay_NE80thSt,86.1,86.1
RooseveltWay_NE80thSt,86,86
RooseveltWay_NE80thSt,86,86
RooseveltWay_NE80thSt,86,86
RooseveltWay_NE80thSt,86,86
RooseveltWay_NE80thSt,86,86
RooseveltWay_NE80thSt,86,86
RooseveltWay_NE80thSt,85.9,85.9
RooseveltWay_NE80thSt,85.9,85.9
AlbroPlaceAirportWay,85.5,81.7
AlbroPlaceAirportWay,85.6,81.7
AlbroPlaceAirportWay,85.6,81.8
AlbroPlaceAirportWay,85.6,81.7
AlbroPlaceAirportWay,85.7,81.4
AlbroPlaceAirportWay,85.7,81.3
AlbroPlaceAirportWay,85.7,81.4
AlbroPlaceAirportWay,85.8,81.5
AlbroPlaceAirportWay,85.8,81.7
AlbroPlaceAirportWay,85.8,81.7
AlbroPlaceAirportWay,85.8,81.7
AlbroPlaceAirportWay,85.9,81.8
AlbroPlaceAirportWay,85.9,82
AlbroPlaceAirportWay,85.9,82.1
AlbroPlaceAirportWay,85.9,82.1
SpokaneSwingBridge,100.6,79.43
SpokaneSwingBridge,100.6,79.6
SpokaneSwingBridge,100.6,79.49
SpokaneSwingBridge,100.7,79.37
SpokaneSwingBridge,100.7,79.41
SpokaneSwingBridge,100.8,79.47
SpokaneSwingBridge,100.8,79.43
SpokaneSwingBridge,100.8,79.55
SpokaneSwingBridge,100.9,79.62
SpokaneSwingBridge,100.9,79.72
SpokaneSwingBridge,100.9,79.85
SpokaneSwingBridge,101,79.82
SpokaneSwingBridge,101,79.88
SpokaneSwingBridge,101,80.1
SpokaneSwingBridge,101.1,80.1
RooseveltWay_NE80thSt,96.9,96.9
RooseveltWay_NE80thSt,96.8,96.8
RooseveltWay_NE80thSt,96.6,96.6
RooseveltWay_NE80thSt,96.5,96.5
RooseveltWay_NE80thSt,96.4,96.4
RooseveltWay_NE80thSt,96.3,96.3
RooseveltWay_NE80thSt,96.2,96.2
RooseveltWay_NE80thSt,96.1,96.1
RooseveltWay_NE80thSt,96,96
RooseveltWay_NE80thSt,95.9,95.9
RooseveltWay_NE80thSt,80.5,80.5
RooseveltWay_NE80thSt,80.5,80.5
RooseveltWay_NE80thSt,80.4,80.4
MagnoliaBridge,83.1,74.59
MagnoliaBridge,83.1,74.58
MagnoliaBridge,83,74.57
MagnoliaBridge,83,74.57
MagnoliaBridge,83,74.57
MagnoliaBridge,82.9,74.57
MagnoliaBridge,82.9,74.57
MagnoliaBridge,82.9,74.54
MagnoliaBridge,82.8,74.55
MagnoliaBridge,82.8,74.52
MagnoliaBridge,82.8,74.52
MagnoliaBridge,82.7,74.48
MagnoliaBridge,82.7,74.44
MagnoliaBridge,82.7,74.42
MagnoliaBridge,82.6,74.39
SpokaneSwingBridge,86,74.76
SpokaneSwingBridge,85.9,74.77
SpokaneSwingBridge,85.9,74.78
SpokaneSwingBridge,85.9,74.81
SpokaneSwingBridge,85.8,74.85
SpokaneSwingBridge,85.8,74.89
SpokaneSwingBridge,85.7,74.9
SpokaneSwingBridge,85.7,74.87
SpokaneSwingBridge,85.7,74.87
SpokaneSwingBridge,85.6,74.87
SpokaneSwingBridge,85.6,74.84
SpokaneSwingBridge,85.5,74.79
SpokaneSwingBridge,85.5,74.65
SpokaneSwingBridge,85.5,74.55
SpokaneSwingBridge,85.4,74.5
SpokaneSwingBridge,77.14,70.86
SpokaneSwingBridge,77.19,70.98
SpokaneSwingBridge,77.26,70.99
SpokaneSwingBridge,77.34,70.99
SpokaneSwingBridge,77.43,71.05
SpokaneSwingBridge,77.53,71.16
SpokaneSwingBridge,77.64,71.07
SpokaneSwingBridge,77.74,71.11
SpokaneSwingBridge,77.84,71.02
SpokaneSwingBridge,77.96,71.02
SpokaneSwingBridge,78.08,70.94
SpokaneSwingBridge,78.19,71.08
SpokaneSwingBridge,78.3,71.39
SpokaneSwingBridge,78.43,71.64
SpokaneSwingBridge,78.55,71.66
RooseveltWay_NE80thSt,99.6,99.6
RooseveltWay_NE80thSt,85.9,85.9
MagnoliaBridge,79.24,73.67
MagnoliaBridge,79.28,73.27
MagnoliaBridge,79.29,73.39
MagnoliaBridge,79.3,73.36
MagnoliaBridge,79.34,73.33
MagnoliaBridge,79.41,72.89
MagnoliaBridge,79.52,72.49
MagnoliaBridge,79.68,72.37
MagnoliaBridge,79.85,72.25
MagnoliaBridge,80,72.27
MagnoliaBridge,80.2,72.17
MagnoliaBridge,80.3,71.89
MagnoliaBridge,80.4,72.12
MagnoliaBridge,80.4,72.36
MagnoliaBridge,80.4,72.34
RooseveltWay_NE80thSt,99.4,99.4
RooseveltWay_NE80thSt,99.2,99.2
RooseveltWay_NE80thSt,99,99
RooseveltWay_NE80thSt,98.8,98.8
RooseveltWay_NE80thSt,98.6,98.6
RooseveltWay_NE80thSt,98.5,98.5
RooseveltWay_NE80thSt,98.3,98.3
RooseveltWay_NE80thSt,98.2,98.2
RooseveltWay_NE80thSt,98,98
RooseveltWay_NE80thSt,97.9,97.9
RooseveltWay_NE80thSt,97.7,97.7
HarborAveUpperNorthBridge,99.8,78.87
HarborAveUpperNorthBridge,99.8,78.97
HarborAveUpperNorthBridge,99.9,78.77
HarborAveUpperNorthBridge,99.9,78.67
HarborAveUpperNorthBridge,100,78.37
HarborAveUpperNorthBridge,100,78.15
HarborAveUpperNorthBridge,100.1,78.17
HarborAveUpperNorthBridge,100.1,78.33
HarborAveUpperNorthBridge,100.1,78.4
RooseveltWay_NE80thSt,74.6,74.6
RooseveltWay_NE80thSt,74.59,74.59
RooseveltWay_NE80thSt,74.57,74.57
RooseveltWay_NE80thSt,74.55,74.55
RooseveltWay_NE80thSt,74.55,74.55
RooseveltWay_NE80thSt,74.55,74.55
HarborAveUpperNorthBridge,74.34,65.41
HarborAveUpperNorthBridge,74.33,65.43
HarborAveUpperNorthBridge,74.3,65.44
HarborAveUpperNorthBridge,74.28,65.45
HarborAveUpperNorthBridge,74.26,65.43
HarborAveUpperNorthBridge,74.23,65.36
HarborAveUpperNorthBridge,74.22,65.29
HarborAveUpperNorthBridge,74.18,65.23
HarborAveUpperNorthBridge,74.17,65.19
HarborAveUpperNorthBridge,74.16,65.19
HarborAveUpperNorthBridge,74.13,65.19
HarborAveUpperNorthBridge,74.12,65.19
HarborAveUpperNorthBridge,74.1,65.19
HarborAveUpperNorthBridge,74.07,65.18
HarborAveUpperNorthBridge,74.06,65.2
MagnoliaBridge,74.29,64.28
MagnoliaBridge,74.26,63.93
MagnoliaBridge,74.25,63.59
AlbroPlaceAirportWay,87.6,87.8
AlbroPlaceAirportWay,87.6,87.8
AlbroPlaceAirportWay,87.7,87.7
AlbroPlaceAirportWay,87.7,87.8
AlbroPlaceAirportWay,87.7,88.1
AlbroPlaceAirportWay,87.8,88.3
HarborAveUpperNorthBridge,105.4,85.1
HarborAveUpperNorthBridge,105.4,85
HarborAveUpperNorthBridge,105.4,85.1
HarborAveUpperNorthBridge,105.4,85.1
HarborAveUpperNorthBridge,105.4,85.3
HarborAveUpperNorthBridge,105.4,85.5
MagnoliaBridge,105.7,86.6
MagnoliaBridge,105.7,86.4
MagnoliaBridge,105.7,86.4
MagnoliaBridge,105.6,86.5
MagnoliaBridge,105.6,86.5
MagnoliaBridge,105.6,86.5
HarborAveUpperNorthBridge,85.7,74.87
HarborAveUpperNorthBridge,85.6,74.87
HarborAveUpperNorthBridge,85.6,74.84
HarborAveUpperNorthBridge,85.5,74.79
HarborAveUpperNorthBridge,85.5,74.65
HarborAveUpperNorthBridge,85.5,74.55
HarborAveUpperNorthBridge,85.4,74.5
HarborAveUpperNorthBridge,85.4,74.4
HarborAveUpperNorthBridge,85.3,74.35
HarborAveUpperNorthBridge,85.3,74.31
HarborAveUpperNorthBridge,85.2,74.27
HarborAveUpperNorthBridge,85.2,74.22
HarborAveUpperNorthBridge,85.2,74.16
HarborAveUpperNorthBridge,85.1,74.17
HarborAveUpperNorthBridge,85.1,74.18
AlbroPlaceAirportWay,91.8,75.52
AlbroPlaceAirportWay,91.7,75.39
AlbroPlaceAirportWay,91.7,75.31
AlbroPlaceAirportWay,91.7,75.23
AlbroPlaceAirportWay,91.7,75.1
AlbroPlaceAirportWay,91.7,75.08
AlbroPlaceAirportWay,91.7,75.01
AlbroPlaceAirportWay,91.7,74.97
AlbroPlaceAirportWay,91.7,74.95
AlbroPlaceAirportWay,91.7,74.9
AlbroPlaceAirportWay,91.6,74.79
AlbroPlaceAirportWay,91.6,74.65
AlbroPlaceAirportWay,91.6,74.56
AlbroPlaceAirportWay,91.6,74.49
AlbroPlaceAirportWay,91.6,74.4
RooseveltWay_NE80thSt,80.5,80.5
RooseveltWay_NE80thSt,80.5,80.5
RooseveltWay_NE80thSt,80.5,80.5
RooseveltWay_NE80thSt,80.5,80.5
RooseveltWay_NE80thSt,80.4,80.4
RooseveltWay_NE80thSt,80.4,80.4
RooseveltWay_NE80thSt,80.4,80.4
RooseveltWay_NE80thSt,80.4,80.4
RooseveltWay_NE80thSt,80.4,80.4
RooseveltWay_NE80thSt,80.4,80.4
RooseveltWay_NE80thSt,80.3,80.3
RooseveltWay_NE80thSt,80.3,80.3
RooseveltWay_NE80thSt,80.3,80.3
RooseveltWay_NE80thSt,80.3,80.3
RooseveltWay_NE80thSt,80.2,80.2
RooseveltWay_NE80thSt,95.8,95.8
RooseveltWay_NE80thSt,95.7,95.7
RooseveltWay_NE80thSt,95.6,95.6
RooseveltWay_NE80thSt,95.5,95.5
RooseveltWay_NE80thSt,95.4,95.4
RooseveltWay_NE80thSt,95.3,95.3
RooseveltWay_NE80thSt,95.2,95.2
RooseveltWay_NE80thSt,95.1,95.1
RooseveltWay_NE80thSt,95,95
RooseveltWay_NE80thSt,94.9,94.9
RooseveltWay_NE80thSt,94.8,94.8
RooseveltWay_NE80thSt,94.7,94.7
RooseveltWay_NE80thSt,94.6,94.6
RooseveltWay_NE80thSt,94.5,94.5
RooseveltWay_NE80thSt,94.4,94.4
AlbroPlaceAirportWay,85.8,81.7
AlbroPlaceAirportWay,85.9,81.8
AlbroPlaceAirportWay,85.9,82
AlbroPlaceAirportWay,85.9,82.1
AlbroPlaceAirportWay,85.9,82.1
AlbroPlaceAirportWay,86,81.8
AlbroPlaceAirportWay,86,81.6
AlbroPlaceAirportWay,86,81.7
AlbroPlaceAirportWay,86.1,82
SpokaneSwingBridge,85.7,74.87
SpokaneSwingBridge,85.6,74.87
SpokaneSwingBridge,85.6,74.84
SpokaneSwingBridge,85.5,74.79
SpokaneSwingBridge,85.5,74.65
SpokaneSwingBridge,85.5,74.55
SpokaneSwingBridge,85.4,74.5
SpokaneSwingBridge,85.4,74.4
SpokaneSwingBridge,85.3,74.35
SpokaneSwingBridge,85.3,74.31
SpokaneSwingBridge,85.2,74.27
SpokaneSwingBridge,85.2,74.22
SpokaneSwingBridge,85.2,74.16
SpokaneSwingBridge,85.1,74.17
SpokaneSwingBridge,85.1,74.18
MagnoliaBridge,82.8,74.52
MagnoliaBridge,82.7,74.48
MagnoliaBridge,82.7,74.44
MagnoliaBridge,82.7,74.42
MagnoliaBridge,82.6,74.39
MagnoliaBridge,82.6,74.36
MagnoliaBridge,82.6,74.31
MagnoliaBridge,82.5,74.3
MagnoliaBridge,82.5,74.23
MagnoliaBridge,82.5,74.19
MagnoliaBridge,82.5,74.17
MagnoliaBridge,82.4,74.16
MagnoliaBridge,82.4,74.1
MagnoliaBridge,82.4,74.04
MagnoliaBridge,82.4,73.97
AlbroPlaceAirportWay,91.6,74.79
AlbroPlaceAirportWay,91.6,74.65
AlbroPlaceAirportWay,91.6,74.56
AlbroPlaceAirportWay,91.6,74.49
AlbroPlaceAirportWay,91.6,74.4
AlbroPlaceAirportWay,91.6,74.33
AlbroPlaceAirportWay,91.5,74.28
AlbroPlaceAirportWay,91.5,74.24
AlbroPlaceAirportWay,91.5,74.23
AlbroPlaceAirportWay,91.5,74.23
AlbroPlaceAirportWay,91.5,74.19
AlbroPlaceAirportWay,91.5,74.18
AlbroPlaceAirportWay,91.5,74.18
AlbroPlaceAirportWay,91.5,74.21
AlbroPlaceAirportWay,91.4,74.23
RooseveltWay_NE80thSt,80.3,80.3
RooseveltWay_NE80thSt,80.3,80.3
RooseveltWay_NE80thSt,80.3,80.3
RooseveltWay_NE80thSt,80.3,80.3
RooseveltWay_NE80thSt,80.2,80.2
RooseveltWay_NE80thSt,80.2,80.2
RooseveltWay_NE80thSt,80.2,80.2
RooseveltWay_NE80thSt,80.2,80.2
RooseveltWay_NE80thSt,80.2,80.2
RooseveltWay_NE80thSt,80.1,80.1
RooseveltWay_NE80thSt,80.1,80.1
RooseveltWay_NE80thSt,80.1,80.1
RooseveltWay_NE80thSt,80.1,80.1
RooseveltWay_NE80thSt,80.1,80.1
RooseveltWay_NE80thSt,80.1,80.1
MagnoliaBridge,82.5,74.17
MagnoliaBridge,82.4,74.16
MagnoliaBridge,82.4,74.1
MagnoliaBridge,82.4,74.04
MagnoliaBridge,82.4,73.97
MagnoliaBridge,82.4,73.9
MagnoliaBridge,82.3,73.81
MagnoliaBridge,82.3,73.75
MagnoliaBridge,82.3,73.69
MagnoliaBridge,82.2,73.61
MagnoliaBridge,82.2,73.55
MagnoliaBridge,82.2,73.48
MagnoliaBridge,82.1,73.41
MagnoliaBridge,82.1,73.35
MagnoliaBridge,82.1,73.31
SpokaneSwingBridge,85.2,74.16
SpokaneSwingBridge,85.1,74.17
SpokaneSwingBridge,85.1,74.18
SpokaneSwingBridge,85,74.17
SpokaneSwingBridge,85,74.11
SpokaneSwingBridge,85,74.07
SpokaneSwingBridge,84.9,73.97
SpokaneSwingBridge,84.9,73.89
SpokaneSwingBridge,84.8,73.89
SpokaneSwingBridge,84.8,73.94
SpokaneSwingBridge,84.7,73.97
SpokaneSwingBridge,84.7,73.99
SpokaneSwingBridge,84.7,74
MagnoliaBridge,74.24,63.31
RooseveltWay_NE80thSt,80.3,80.3
HarborAveUpperNorthBridge,100.2,78.59
SpokaneSwingBridge,84.6,74.04
SpokaneSwingBridge,84.6,74.05
HarborAveUpperNorthBridge,85.2,74.16
HarborAveUpperNorthBridge,85.1,74.17
HarborAveUpperNorthBridge,85.1,74.18
HarborAveUpperNorthBridge,85,74.17
HarborAveUpperNorthBridge,85,74.11
HarborAveUpperNorthBridge,85,74.07
HarborAveUpperNorthBridge,84.9,73.97
HarborAveUpperNorthBridge,84.9,73.89
HarborAveUpperNorthBridge,84.8,73.89
HarborAveUpperNorthBridge,84.8,73.94
HarborAveUpperNorthBridge,84.7,73.97
HarborAveUpperNorthBridge,84.7,73.99
HarborAveUpperNorthBridge,84.7,74
HarborAveUpperNorthBridge,84.6,74.04
HarborAveUpperNorthBridge,84.6,74.05
MagnoliaBridge,74.23,63.17
MagnoliaBridge,74.19,63.2
MagnoliaBridge,74.19,63.25
MagnoliaBridge,74.19,63.5
MagnoliaBridge,74.19,63.75
MagnoliaBridge,74.18,63.83
MagnoliaBridge,74.16,63.89
MagnoliaBridge,74.14,63.95
MagnoliaBridge,74.14,64.04
MagnoliaBridge,74.14,64.12
MagnoliaBridge,74.14,64.2
SpokaneSwingBridge,74.3,65.44
SpokaneSwingBridge,74.28,65.45
SpokaneSwingBridge,74.26,65.43
SpokaneSwingBridge,74.23,65.36
SpokaneSwingBridge,74.22,65.29
SpokaneSwingBridge,74.18,65.23
SpokaneSwingBridge,74.17,65.19
SpokaneSwingBridge,74.16,65.19
SpokaneSwingBridge,74.13,65.19
SpokaneSwingBridge,74.12,65.19
SpokaneSwingBridge,74.1,65.19
SpokaneSwingBridge,74.07,65.18
SpokaneSwingBridge,74.06,65.2
SpokaneSwingBridge,74.03,65.22
SpokaneSwingBridge,74.02,65.24
RooseveltWay_NE80thSt,79.93,79.93
RooseveltWay_NE80thSt,79.9,79.9
RooseveltWay_NE80thSt,79.89,79.89
RooseveltWay_NE80thSt,79.86,79.86
RooseveltWay_NE80thSt,79.84,79.84
RooseveltWay_NE80thSt,79.84,79.84
RooseveltWay_NE80thSt,79.82,79.82
RooseveltWay_NE80thSt,79.8,79.8
RooseveltWay_NE80thSt,79.78,79.78
RooseveltWay_NE80thSt,79.75,79.75
RooseveltWay_NE80thSt,79.73,79.73
RooseveltWay_NE80thSt,79.72,79.72
RooseveltWay_NE80thSt,79.72,79.72
RooseveltWay_NE80thSt,79.69,79.69
RooseveltWay_NE80thSt,79.66,79.66
HarborAveUpperNorthBridge,84.4,74.13
HarborAveUpperNorthBridge,84.4,74.03
HarborAveUpperNorthBridge,84.3,74
HarborAveUpperNorthBridge,84.3,73.94
HarborAveUpperNorthBridge,84.3,73.85
HarborAveUpperNorthBridge,84.2,73.77
HarborAveUpperNorthBridge,84.2,73.69
HarborAveUpperNorthBridge,84.1,73.66
HarborAveUpperNorthBridge,84.1,73.6
HarborAveUpperNorthBridge,84.1,73.55
HarborAveUpperNorthBridge,84,73.49
HarborAveUpperNorthBridge,84,73.45
HarborAveUpperNorthBridge,84,73.42
HarborAveUpperNorthBridge,83.9,73.39
HarborAveUpperNorthBridge,83.9,73.37
MagnoliaBridge,81.9,73.13
MagnoliaBridge,81.8,73.08
MagnoliaBridge,81.8,73.07
MagnoliaBridge,81.8,73.06
MagnoliaBridge,81.7,73.02
MagnoliaBridge,81.7,72.98
MagnoliaBridge,81.7,72.97
MagnoliaBridge,81.6,72.93
MagnoliaBridge,81.6,72.89
HarborAveUpperNorthBridge,100.2,78.81
HarborAveUpperNorthBridge,100.2,79.17
HarborAveUpperNorthBridge,100.3,79.22
HarborAveUpperNorthBridge,100.3,79.24
HarborAveUpperNorthBridge,100.3,79.37
MagnoliaBridge,101,81.6
MagnoliaBridge,101.1,81.8
MagnoliaBridge,101.1,81.8
MagnoliaBridge,101.2,81.6
MagnoliaBridge,101.2,81.6
MagnoliaBridge,101.3,81.9
MagnoliaBridge,101.3,82.1
MagnoliaBridge,101.3,82.3
MagnoliaBridge,101.4,82.3
MagnoliaBridge,101.5,82.4
MagnoliaBridge,101.5,82.4
MagnoliaBridge,101.5,82.5
MagnoliaBridge,101.5,82.5
MagnoliaBridge,101.6,82.6
MagnoliaBridge,101.6,82.9
HarborAveUpperNorthBridge,96.1,81.6
HarborAveUpperNorthBridge,96,81.6
HarborAveUpperNorthBridge,95.9,81.5
HarborAveUpperNorthBridge,95.9,81.5
HarborAveUpperNorthBridge,95.8,81.5
HarborAveUpperNorthBridge,95.7,81.5
HarborAveUpperNorthBridge,95.7,81.4
HarborAveUpperNorthBridge,95.6,81.4
HarborAveUpperNorthBridge,95.6,81.4
HarborAveUpperNorthBridge,95.5,81.4
HarborAveUpperNorthBridge,95.4,81.4
HarborAveUpperNorthBridge,95.4,81.4
HarborAveUpperNorthBridge,95.3,81.4
HarborAveUpperNorthBridge,95.3,81.3
HarborAveUpperNorthBridge,95.2,81.4
MagnoliaBridge,94.4,83.6
MagnoliaBridge,94.3,83.6
MagnoliaBridge,94.3,83.6
MagnoliaBridge,94.2,83.5
MagnoliaBridge,94.1,83.4
MagnoliaBridge,94.1,83.4
MagnoliaBridge,94,83.3
MagnoliaBridge,93.9,83.3
MagnoliaBridge,81.6,72.86
AlbroPlaceAirportWay,86,66.64
RooseveltWay_NE80thSt,95.8,95.8
MagnoliaBridge,93.9,83.2
AlbroPlaceAirportWay,86,66.68
AlbroPlaceAirportWay,86,66.71
AlbroPlaceAirportWay,86,66.76
AlbroPlaceAirportWay,85.9,66.76
AlbroPlaceAirportWay,85.9,66.71
AlbroPlaceAirportWay,85.9,66.64
AlbroPlaceAirportWay,85.9,66.58
AlbroPlaceAirportWay,85.9,66.57
AlbroPlaceAirportWay,85.9,66.55
AlbroPlaceAirportWay,85.8,66.52
AlbroPlaceAirportWay,85.8,66.48
AlbroPlaceAirportWay,85.8,66.49
AlbroPlaceAirportWay,85.8,66.6
AlbroPlaceAirportWay,85.7,66.79
SpokaneSwingBridge,74.13,65.19
SpokaneSwingBridge,74.12,65.19
SpokaneSwingBridge,74.1,65.19
SpokaneSwingBridge,74.07,65.18
SpokaneSwingBridge,74.06,65.2
SpokaneSwingBridge,74.03,65.22
SpokaneSwingBridge,74.02,65.24
SpokaneSwingBridge,74,65.25
SpokaneSwingBridge,73.97,65.2
SpokaneSwingBridge,73.96,65.24
SpokaneSwingBridge,73.94,65.32
SpokaneSwingBridge,73.92,65.35
RooseveltWay_NE80thSt,95.7,95.7
RooseveltWay_NE80thSt,95.6,95.6
RooseveltWay_NE80thSt,95.5,95.5
RooseveltWay_NE80thSt,95.4,95.4
HarborAveUpperNorthBridge,100.6,79.43
HarborAveUpperNorthBridge,100.6,79.6
HarborAveUpperNorthBridge,100.6,79.49
HarborAveUpperNorthBridge,100.7,79.37
HarborAveUpperNorthBridge,100.7,79.41
HarborAveUpperNorthBridge,100.8,79.47
HarborAveUpperNorthBridge,100.8,79.43
HarborAveUpperNorthBridge,100.8,79.55
HarborAveUpperNorthBridge,100.9,79.62
HarborAveUpperNorthBridge,100.9,79.72
HarborAveUpperNorthBridge,100.9,79.85
HarborAveUpperNorthBridge,101,79.82
HarborAveUpperNorthBridge,101,79.88
HarborAveUpperNorthBridge,101,80.1
HarborAveUpperNorthBridge,101.1,80.1
MagnoliaBridge,101.9,83.7
MagnoliaBridge,102,83.7
MagnoliaBridge,102.1,83.7
MagnoliaBridge,102.1,84
RooseveltWay_NE80thSt,80.4,80.4
RooseveltWay_NE80thSt,80.5,80.5
RooseveltWay_NE80thSt,80.6,80.6
RooseveltWay_NE80thSt,80.7,80.7
RooseveltWay_NE80thSt,80.8,80.8
RooseveltWay_NE80thSt,80.9,80.9
RooseveltWay_NE80thSt,81,81
MagnoliaBridge,80.2,72.17
MagnoliaBridge,80.3,71.89
MagnoliaBridge,80.4,72.12
MagnoliaBridge,80.4,72.36
MagnoliaBridge,80.4,72.34
MagnoliaBridge,80.4,71.95
MagnoliaBridge,80.4,71.57
MagnoliaBridge,80.4,71.17
MagnoliaBridge,80.4,70.78
MagnoliaBridge,80.4,70.47
MagnoliaBridge,80.4,70.21
MagnoliaBridge,80.4,70.04
MagnoliaBridge,80.5,70.12
MagnoliaBridge,80.5,70.44
MagnoliaBridge,80.6,70.69
AlbroPlaceAirportWay,81.1,72.67
AlbroPlaceAirportWay,81.1,72.58
AlbroPlaceAirportWay,81.1,72.55
AlbroPlaceAirportWay,81.1,72.52
AlbroPlaceAirportWay,81.1,72.48
AlbroPlaceAirportWay,81.1,72.5
AlbroPlaceAirportWay,81.1,72.56
AlbroPlaceAirportWay,81.1,72.64
AlbroPlaceAirportWay,81.1,72.71
AlbroPlaceAirportWay,81.1,72.8
AlbroPlaceAirportWay,81.1,72.76
AlbroPlaceAirportWay,81.1,72.56
AlbroPlaceAirportWay,81.1,72.6
AlbroPlaceAirportWay,81.1,72.79
AlbroPlaceAirportWay,81,72.86
SpokaneSwingBridge,78.08,70.94
SpokaneSwingBridge,78.19,71.08
SpokaneSwingBridge,78.3,71.39
SpokaneSwingBridge,78.43,71.64
SpokaneSwingBridge,78.55,71.66
MagnoliaBridge,93.8,83.2
MagnoliaBridge,93.7,83.1
MagnoliaBridge,93.7,83.1
MagnoliaBridge,93.6,83
MagnoliaBridge,93.5,83
MagnoliaBridge,93.5,82.9
HarborAveUpperNorthBridge,95.4,81.4
HarborAveUpperNorthBridge,95.4,81.4
HarborAveUpperNorthBridge,95.3,81.4
HarborAveUpperNorthBridge,95.3,81.3
HarborAveUpperNorthBridge,95.2,81.4
HarborAveUpperNorthBridge,95.2,81.3
HarborAveUpperNorthBridge,95.1,81.3
HarborAveUpperNorthBridge,95.1,81.4
HarborAveUpperNorthBridge,95,81.4
HarborAveUpperNorthBridge,95,81.4
HarborAveUpperNorthBridge,94.9,81.4
HarborAveUpperNorthBridge,94.8,81.4
HarborAveUpperNorthBridge,94.8,81.4
HarborAveUpperNorthBridge,94.7,81.4
HarborAveUpperNorthBridge,94.7,81.3
AlbroPlaceAirportWay,91.7,85
AlbroPlaceAirportWay,91.7,85
AlbroPlaceAirportWay,91.7,85
AlbroPlaceAirportWay,91.7,85
AlbroPlaceAirportWay,91.7,85.1
AlbroPlaceAirportWay,91.7,85.2
AlbroPlaceAirportWay,91.7,85.1
AlbroPlaceAirportWay,91.7,85.1
AlbroPlaceAirportWay,91.7,85.1
AlbroPlaceAirportWay,91.7,85.2
AlbroPlaceAirportWay,91.7,85.3
AlbroPlaceAirportWay,91.7,85.3
AlbroPlaceAirportWay,91.8,85.3
AlbroPlaceAirportWay,91.8,85.2
AlbroPlaceAirportWay,91.8,85.1
RooseveltWay_NE80thSt,86,86
RooseveltWay_NE80thSt,86,86
RooseveltWay_NE80thSt,85.9,85.9
RooseveltWay_NE80thSt,85.9,85.9
SpokaneSwingBridge,95.4,81.4
SpokaneSwingBridge,95.4,81.4
SpokaneSwingBridge,95.3,81.4
SpokaneSwingBridge,95.3,81.3
SpokaneSwingBridge,95.2,81.4
SpokaneSwingBridge,95.2,81.3
SpokaneSwingBridge,95.1,81.3
SpokaneSwingBridge,95.1,81.4
SpokaneSwingBridge,95,81.4
SpokaneSwingBridge,95,81.4
SpokaneSwingBridge,94.9,81.4
SpokaneSwingBridge,94.8,81.4
SpokaneSwingBridge,94.8,81.4
SpokaneSwingBridge,94.7,81.4
SpokaneSwingBridge,94.7,81.3
MagnoliaBridge,93.7,83.1
MagnoliaBridge,93.7,83.1
MagnoliaBridge,93.6,83
MagnoliaBridge,93.5,83
MagnoliaBridge,93.5,82.9
MagnoliaBridge,93.4,82.9
MagnoliaBridge,93.3,82.8
MagnoliaBridge,93.3,82.8
MagnoliaBridge,93.2,82.8
MagnoliaBridge,93.1,82.7
MagnoliaBridge,93,82.7
MagnoliaBridge,92.9,82.7
MagnoliaBridge,92.8,82.6
MagnoliaBridge,92.7,82.6
MagnoliaBridge,92.6,82.5
SpokaneSwingBridge,94.4,81.1
SpokaneSwingBridge,94.3,81
SpokaneSwingBridge,94.2,81
SpokaneSwingBridge,94.2,81
SpokaneSwingBridge,94.1,81
SpokaneSwingBridge,94.1,81
SpokaneSwingBridge,94,81
SpokaneSwingBridge,94,81
SpokaneSwingBridge,93.9,80.9
SpokaneSwingBridge,93.9,80.9
SpokaneSwingBridge,93.8,80.9
SpokaneSwingBridge,93.7,80.8
SpokaneSwingBridge,93.7,80.8
SpokaneSwingBridge,93.6,80.8
SpokaneSwingBridge,93.6,80.7
AlbroPlaceAirportWay,85.8,66.52
AlbroPlaceAirportWay,85.8,66.48
AlbroPlaceAirportWay,85.8,66.49
AlbroPlaceAirportWay,85.8,66.6
AlbroPlaceAirportWay,85.7,66.79
AlbroPlaceAirportWay,85.7,66.94
AlbroPlaceAirportWay,85.7,67.01
AlbroPlaceAirportWay,85.7,67.09
AlbroPlaceAirportWay,85.7,67.17
AlbroPlaceAirportWay,85.7,67.21
AlbroPlaceAirportWay,85.7,67.02
AlbroPlaceAirportWay,85.6,66.86
AlbroPlaceAirportWay,85.6,66.81
AlbroPlaceAirportWay,85.6,66.94
AlbroPlaceAirportWay,85.6,67.04
RooseveltWay_NE80thSt,74.5,74.5
RooseveltWay_NE80thSt,74.5,74.5
RooseveltWay_NE80thSt,74.48,74.48
RooseveltWay_NE80thSt,74.46,74.46
RooseveltWay_NE80thSt,74.44,74.44
RooseveltWay_NE80thSt,74.44,74.44
RooseveltWay_NE80thSt,74.43,74.43
RooseveltWay_NE80thSt,74.41,74.41
RooseveltWay_NE80thSt,74.4,74.4
RooseveltWay_NE80thSt,74.39,74.39
RooseveltWay_NE80thSt,74.39,74.39
RooseveltWay_NE80thSt,74.39,74.39
RooseveltWay_NE80thSt,74.37,74.37
RooseveltWay_NE80thSt,74.34,74.34
RooseveltWay_NE80thSt,74.32,74.32
MagnoliaBridge,74.09,64.17
MagnoliaBridge,74.09,64.04
MagnoliaBridge,74.09,63.89
MagnoliaBridge,74.06,63.89
MagnoliaBridge,74.04,63.96
MagnoliaBridge,74.04,64.15
MagnoliaBridge,74.04,64.26
MagnoliaBridge,74.03,64.34
MagnoliaBridge,73.99,64.39
MagnoliaBridge,81.6,72.85
MagnoliaBridge,81.5,72.79
MagnoliaBridge,81.5,72.76
MagnoliaBridge,81.5,72.73
MagnoliaBridge,81.4,72.7
SpokaneSwingBridge,73.91,65.4
SpokaneSwingBridge,73.89,65.43
SpokaneSwingBridge,73.86,65.46
SpokaneSwingBridge,83,72.45
SpokaneSwingBridge,83,72.46
SpokaneSwingBridge,82.9,72.42
SpokaneSwingBridge,82.9,72.37
SpokaneSwingBridge,82.9,72.3
MagnoliaBridge,76,66.67
MagnoliaBridge,75.96,66.71
MagnoliaBridge,75.94,66.79
SpokaneSwingBridge,78.02,69.2
SpokaneSwingBridge,77.99,69.13
SpokaneSwingBridge,77.97,69
SpokaneSwingBridge,77.93,68.88
SpokaneSwingBridge,77.9,68.82
SpokaneSwingBridge,77.88,68.75
SpokaneSwingBridge,77.84,68.73
SpokaneSwingBridge,77.82,68.72
SpokaneSwingBridge,77.79,68.74
SpokaneSwingBridge,77.76,68.76
SpokaneSwingBridge,77.72,68.77
SpokaneSwingBridge,77.71,68.78
SpokaneSwingBridge,77.68,68.74
SpokaneSwingBridge,77.66,68.74
SpokaneSwingBridge,77.62,68.76
RooseveltWay_NE80thSt,85.5,85.5
RooseveltWay_NE80thSt,85.5,85.5
RooseveltWay_NE80thSt,85.4,85.4
RooseveltWay_NE80thSt,85.4,85.4
RooseveltWay_NE80thSt,85.4,85.4
RooseveltWay_NE80thSt,85.4,85.4
RooseveltWay_NE80thSt,85.3,85.3
RooseveltWay_NE80thSt,85.3,85.3
RooseveltWay_NE80thSt,85.3,85.3
RooseveltWay_NE80thSt,85.3,85.3
RooseveltWay_NE80thSt,85.3,85.3
RooseveltWay_NE80thSt,85.2,85.2
RooseveltWay_NE80thSt,85.2,85.2
RooseveltWay_NE80thSt,85.2,85.2
RooseveltWay_NE80thSt,85.1,85.1
RooseveltWay_NE80thSt,72.17,72.17
RooseveltWay_NE80thSt,72.18,72.18
RooseveltWay_NE80thSt,72.21,72.21
RooseveltWay_NE80thSt,72.21,72.21
RooseveltWay_NE80thSt,72.23,72.23
RooseveltWay_NE80thSt,72.26,72.26
RooseveltWay_NE80thSt,72.27,72.27
RooseveltWay_NE80thSt,72.29,72.29
RooseveltWay_NE80thSt,72.31,72.31
RooseveltWay_NE80thSt,72.32,72.32
RooseveltWay_NE80thSt,72.32,72.32
RooseveltWay_NE80thSt,72.33,72.33
RooseveltWay_NE80thSt,72.35,72.35
MagnoliaBridge,70.32,62.59
MagnoliaBridge,70.33,62.72
MagnoliaBridge,70.33,62.79
MagnoliaBridge,70.36,62.7
MagnoliaBridge,70.38,62.62
MagnoliaBridge,70.39,62.61
MagnoliaBridge,70.42,62.55
MagnoliaBridge,70.42,62.61
MagnoliaBridge,70.43,62.73
MagnoliaBridge,70.46,62.78
MagnoliaBridge,70.48,62.87
MagnoliaBridge,70.52,63.01
MagnoliaBridge,70.54,63.11
MagnoliaBridge,70.57,63.27
MagnoliaBridge,70.62,63.35
HarborAveUpperNorthBridge,70.53,64.29
HarborAveUpperNorthBridge,70.53,64.31
HarborAveUpperNorthBridge,70.54,64.36
HarborAveUpperNorthBridge,70.56,64.39
HarborAveUpperNorthBridge,70.57,64.38
HarborAveUpperNorthBridge,70.58,64.4
HarborAveUpperNorthBridge,70.58,64.42
HarborAveUpperNorthBridge,70.58,64.52
HarborAveUpperNorthBridge,70.59,64.64
HarborAveUpperNorthBridge,70.62,64.8
HarborAveUpperNorthBridge,70.63,64.83
HarborAveUpperNorthBridge,70.64,64.81
HarborAveUpperNorthBridge,70.66,64.78
HarborAveUpperNorthBridge,70.68,64.82
HarborAveUpperNorthBridge,70.69,64.92
AlbroPlaceAirportWay,85.5,66.65
AlbroPlaceAirportWay,85.5,66.58
AlbroPlaceAirportWay,85.4,66.53
AlbroPlaceAirportWay,85.4,66.51
AlbroPlaceAirportWay,85.4,66.48
AlbroPlaceAirportWay,85.4,66.48
AlbroPlaceAirportWay,85.4,66.51
AlbroPlaceAirportWay,85.4,66.56
AlbroPlaceAirportWay,85.4,66.53
AlbroPlaceAirportWay,85.3,66.48
AlbroPlaceAirportWay,85.3,66.48
AlbroPlaceAirportWay,85.3,66.45
AlbroPlaceAirportWay,85.3,66.47
AlbroPlaceAirportWay,85.3,66.48
AlbroPlaceAirportWay,85.3,66.44
RooseveltWay_NE80thSt,74.18,74.18
RooseveltWay_NE80thSt,74.17,74.17
RooseveltWay_NE80thSt,74.14,74.14
RooseveltWay_NE80thSt,74.12,74.12
RooseveltWay_NE80thSt,74.08,74.08
RooseveltWay_NE80thSt,74.07,74.07
RooseveltWay_NE80thSt,74.07,74.07
RooseveltWay_NE80thSt,74.04,74.04
RooseveltWay_NE80thSt,74.02,74.02
AlbroPlaceAirportWay,90.9,73.58
AlbroPlaceAirportWay,90.9,73.61
AlbroPlaceAirportWay,90.9,73.59
AlbroPlaceAirportWay,90.8,73.57
AlbroPlaceAirportWay,90.8,73.5
AlbroPlaceAirportWay,90.8,73.38
AlbroPlaceAirportWay,90.8,73.32
AlbroPlaceAirportWay,90.8,73.23
AlbroPlaceAirportWay,90.7,73.11
AlbroPlaceAirportWay,90.7,73.09
AlbroPlaceAirportWay,90.7,73.08
AlbroPlaceAirportWay,90.7,73.01
AlbroPlaceAirportWay,90.7,72.97
AlbroPlaceAirportWay,90.7,72.92
AlbroPlaceAirportWay,90.7,72.86
SpokaneSwingBridge,83.3,71.69
SpokaneSwingBridge,83.2,71.87
SpokaneSwingBridge,83.2,71.96
SpokaneSwingBridge,83.2,71.99
SpokaneSwingBridge,83.1,71.99
SpokaneSwingBridge,83.1,72
SpokaneSwingBridge,83,72
SpokaneSwingBridge,83,72.03
SpokaneSwingBridge,83,72
SpokaneSwingBridge,82.9,71.95
SpokaneSwingBridge,82.9,71.87
SpokaneSwingBridge,82.9,71.82
SpokaneSwingBridge,82.8,71.72
SpokaneSwingBridge,82.8,71.63
SpokaneSwingBridge,82.7,71.56
RooseveltWay_NE80thSt,79.39,79.39
RooseveltWay_NE80thSt,79.38,79.38
RooseveltWay_NE80thSt,79.36,79.36
RooseveltWay_NE80thSt,79.33,79.33
RooseveltWay_NE80thSt,79.32,79.32
RooseveltWay_NE80thSt,79.3,79.3
RooseveltWay_NE80thSt,79.28,79.28
RooseveltWay_NE80thSt,79.27,79.27
RooseveltWay_NE80thSt,79.26,79.26
MagnoliaBridge,80.9,72.05
MagnoliaBridge,73.99,64.42
SpokaneSwingBridge,78.66,71.72
MagnoliaBridge,102.1,84
RooseveltWay_NE80thSt,85.9,85.9
HarborAveUpperNorthBridge,83.2,72.31
HarborAveUpperNorthBridge,77.44,68.81
HarborAveUpperNorthBridge,71.36,67.6
MagnoliaBridge,80.9,72.04
MagnoliaBridge,80.8,72.01
HarborAveUpperNorthBridge,83.6,72.51
HarborAveUpperNorthBridge,83.6,72.24
HarborAveUpperNorthBridge,83.5,72.04
HarborAveUpperNorthBridge,83.5,71.89
HarborAveUpperNorthBridge,83.4,71.75
HarborAveUpperNorthBridge,83.4,71.63
HarborAveUpperNorthBridge,83.3,71.54
HarborAveUpperNorthBridge,83.3,71.56
HarborAveUpperNorthBridge,83.3,71.69
HarborAveUpperNorthBridge,83.2,71.87
HarborAveUpperNorthBridge,83.2,71.96
HarborAveUpperNorthBridge,83.2,71.99
HarborAveUpperNorthBridge,83.1,71.99
HarborAveUpperNorthBridge,83.1,72
HarborAveUpperNorthBridge,83,72
SpokaneSwingBridge,105.4,85.1
SpokaneSwingBridge,105.4,85
SpokaneSwingBridge,105.4,85.1
SpokaneSwingBridge,105.4,85.1
SpokaneSwingBridge,105.4,85.3
SpokaneSwingBridge,105.4,85.5
MagnoliaBridge,73.99,64.52
MagnoliaBridge,73.99,64.6
MagnoliaBridge,73.99,64.68
MagnoliaBridge,73.98,64.75
MagnoliaBridge,73.96,64.8
HarborAveUpperNorthBridge,73.91,65.4
HarborAveUpperNorthBridge,73.89,65.43
HarborAveUpperNorthBridge,73.86,65.46
HarborAveUpperNorthBridge,73.86,65.48
HarborAveUpperNorthBridge,73.84,65.53
HarborAveUpperNorthBridge,73.81,65.56
HarborAveUpperNorthBridge,73.81,65.59
HarborAveUpperNorthBridge,73.77,65.62
HarborAveUpperNorthBridge,73.76,65.63
HarborAveUpperNorthBridge,73.76,65.63
HarborAveUpperNorthBridge,73.73,65.62
HarborAveUpperNorthBridge,73.71,65.66
HarborAveUpperNorthBridge,73.7,65.69
HarborAveUpperNorthBridge,73.67,65.79
HarborAveUpperNorthBridge,73.66,65.9
MagnoliaBridge,105.1,86.7
RooseveltWay_NE80thSt,79.23,79.23
RooseveltWay_NE80thSt,74.01,74.01
HarborAveUpperNorthBridge,105.4,83.9
HarborAveUpperNorthBridge,105.4,83.9
HarborAveUpperNorthBridge,105.4,84
HarborAveUpperNorthBridge,105.4,84
HarborAveUpperNorthBridge,105.4,84
HarborAveUpperNorthBridge,105.4,84.1
HarborAveUpperNorthBridge,105.4,84.2
HarborAveUpperNorthBridge,105.3,84.2
HarborAveUpperNorthBridge,105.3,84.2
HarborAveUpperNorthBridge,105.3,84.3
HarborAveUpperNorthBridge,105.2,84.3
HarborAveUpperNorthBridge,105.2,84.2
HarborAveUpperNorthBridge,105.1,84.1
HarborAveUpperNorthBridge,105.1,84
HarborAveUpperNorthBridge,105,84.1
MagnoliaBridge,102.2,84.1
MagnoliaBridge,102.2,84.1
MagnoliaBridge,102.2,84.2
MagnoliaBridge,102.3,84.4
MagnoliaBridge,102.3,84.4
MagnoliaBridge,102.3,84.6
MagnoliaBridge,102.3,84.7
MagnoliaBridge,102.4,84.8
MagnoliaBridge,102.4,84.8
MagnoliaBridge,102.4,84.4
MagnoliaBridge,105.1,86.7
MagnoliaBridge,105.1,86.9
MagnoliaBridge,105.1,87.2
MagnoliaBridge,105.1,87.3
HarborAveUpperNorthBridge,105.5,85.2
HarborAveUpperNorthBridge,105.5,85.3
HarborAveUpperNorthBridge,105.5,85.3
HarborAveUpperNorthBridge,105.5,85.3
HarborAveUpperNorthBridge,105.5,85.3
HarborAveUpperNorthBridge,105.5,85.2
HarborAveUpperNorthBridge,105.5,85.1
HarborAveUpperNorthBridge,105.5,85
HarborAveUpperNorthBridge,105.5,84.8
HarborAveUpperNorthBridge,105.5,84.8
HarborAveUpperNorthBridge,105.5,84.6
HarborAveUpperNorthBridge,105.5,84.4
HarborAveUpperNorthBridge,105.5,84.5
HarborAveUpperNorthBridge,105.5,84.6
HarborAveUpperNorthBridge,105.5,84.6
AlbroPlaceAirportWay,86.1,82.3
RooseveltWay_NE80thSt,90.7,90.7
RooseveltWay_NE80thSt,90.7,90.7
RooseveltWay_NE80thSt,90.6,90.6
RooseveltWay_NE80thSt,90.6,90.6
RooseveltWay_NE80thSt,90.6,90.6
RooseveltWay_NE80thSt,90.5,90.5
RooseveltWay_NE80thSt,90.5,90.5
RooseveltWay_NE80thSt,90.5,90.5
RooseveltWay_NE80thSt,90.5,90.5
RooseveltWay_NE80thSt,90.4,90.4
RooseveltWay_NE80thSt,90.4,90.4
RooseveltWay_NE80thSt,90.4,90.4
RooseveltWay_NE80thSt,90.3,90.3
RooseveltWay_NE80thSt,90.3,90.3
RooseveltWay_NE80thSt,90.3,90.3
AlbroPlaceAirportWay,89.5,88.1
AlbroPlaceAirportWay,89.5,88.1
AlbroPlaceAirportWay,89.6,88.2
AlbroPlaceAirportWay,89.6,88.3
AlbroPlaceAirportWay,89.6,88.2
AlbroPlaceAirportWay,89.7,87.9
AlbroPlaceAirportWay,89.7,87.8
AlbroPlaceAirportWay,89.7,87.9
SpokaneSwingBridge,105.3,84.2
RooseveltWay_NE80thSt,79.21,79.21
RooseveltWay_NE80thSt,79.19,79.19
RooseveltWay_NE80thSt,79.17,79.17
RooseveltWay_NE80thSt,79.16,79.16
RooseveltWay_NE80thSt,79.15,79.15
MagnoliaBridge,81,72.1
MagnoliaBridge,80.9,72.1
MagnoliaBridge,80.9,72.05
MagnoliaBridge,80.9,72.04
MagnoliaBridge,80.8,72.01
MagnoliaBridge,80.8,71.96
MagnoliaBridge,80.8,71.9
MagnoliaBridge,80.7,71.84
MagnoliaBridge,80.7,71.81
MagnoliaBridge,80.7,71.76
MagnoliaBridge,80.6,71.73
MagnoliaBridge,80.6,71.67
MagnoliaBridge,80.6,71.63
SpokaneSwingBridge,105.3,84.2
SpokaneSwingBridge,105.3,84.3
SpokaneSwingBridge,105.2,84.3
SpokaneSwingBridge,105.2,84.2
SpokaneSwingBridge,105.1,84.1
SpokaneSwingBridge,105.1,84
SpokaneSwingBridge,105,84.1
MagnoliaBridge,80.5,71.57
HarborAveUpperNorthBridge,105.2,84.3
HarborAveUpperNorthBridge,105.2,84.2
HarborAveUpperNorthBridge,105.1,84.1
HarborAveUpperNorthBridge,105.1,84
HarborAveUpperNorthBridge,105,84.1
HarborAveUpperNorthBridge,105,84.2
HarborAveUpperNorthBridge,105,84.2
HarborAveUpperNorthBridge,105,84.2
HarborAveUpperNorthBridge,105,84.2
HarborAveUpperNorthBridge,105,84.2
HarborAveUpperNorthBridge,105,84.2
HarborAveUpperNorthBridge,104.9,84.3
HarborAveUpperNorthBridge,104.9,84.4
HarborAveUpperNorthBridge,104.9,84.5
HarborAveUpperNorthBridge,104.9,84.7
MagnoliaBridge,104.9,88.3
MagnoliaBridge,104.8,88
MagnoliaBridge,104.8,87.8
MagnoliaBridge,104.8,87.9
MagnoliaBridge,104.8,88.1
MagnoliaBridge,104.8,88.2
MagnoliaBridge,104.7,88
MagnoliaBridge,104.7,87.9
MagnoliaBridge,104.7,88
MagnoliaBridge,104.7,88
MagnoliaBridge,104.6,88
MagnoliaBridge,104.6,87.9
MagnoliaBridge,104.6,88
MagnoliaBridge,104.6,88.2
MagnoliaBridge,104.6,88.3
SpokaneSwingBridge,105.2,84.3
SpokaneSwingBridge,105.2,84.2
SpokaneSwingBridge,105.1,84.1
SpokaneSwingBridge,105.1,84
SpokaneSwingBridge,105,84.1
SpokaneSwingBridge,105,84.2
SpokaneSwingBridge,105,84.2
SpokaneSwingBridge,105,84.2
SpokaneSwingBridge,105,84.2
SpokaneSwingBridge,105,84.2
SpokaneSwingBridge,105,84.2
SpokaneSwingBridge,104.9,84.3
SpokaneSwingBridge,104.9,84.4
SpokaneSwingBridge,104.9,84.5
SpokaneSwingBridge,104.9,84.7
RooseveltWay_NE80thSt,90.4,90.4
RooseveltWay_NE80thSt,90.4,90.4
MagnoliaBridge,80.5,71.54
HarborAveUpperNorthBridge,83.2,71.96
HarborAveUpperNorthBridge,83.2,71.99
HarborAveUpperNorthBridge,83.1,71.99
HarborAveUpperNorthBridge,83.1,72
HarborAveUpperNorthBridge,83,72
HarborAveUpperNorthBridge,83,72.03
HarborAveUpperNorthBridge,83,72
HarborAveUpperNorthBridge,82.9,71.95
HarborAveUpperNorthBridge,82.9,71.87
HarborAveUpperNorthBridge,82.9,71.82
HarborAveUpperNorthBridge,82.8,71.72
HarborAveUpperNorthBridge,82.8,71.63
HarborAveUpperNorthBridge,82.7,71.56
HarborAveUpperNorthBridge,82.7,71.49
HarborAveUpperNorthBridge,82.7,71.43
HarborAveUpperNorthBridge,82.9,71.87
HarborAveUpperNorthBridge,82.9,71.82
HarborAveUpperNorthBridge,82.8,71.72
HarborAveUpperNorthBridge,82.8,71.63
HarborAveUpperNorthBridge,82.7,71.56
HarborAveUpperNorthBridge,82.7,71.49
HarborAveUpperNorthBridge,82.7,71.43
HarborAveUpperNorthBridge,82.6,71.4
HarborAveUpperNorthBridge,82.6,71.39
HarborAveUpperNorthBridge,82.6,71.36
HarborAveUpperNorthBridge,82.5,71.34
RooseveltWay_NE80thSt,90.3,90.3
HarborAveUpperNorthBridge,82.5,71.34
AlbroPlaceAirportWay,89.8,87.8
AlbroPlaceAirportWay,89.8,87.6
AlbroPlaceAirportWay,89.8,87.4
AlbroPlaceAirportWay,89.8,87.4
AlbroPlaceAirportWay,89.9,87.6
AlbroPlaceAirportWay,89.9,87.8
AlbroPlaceAirportWay,89.9,88.1
HarborAveUpperNorthBridge,105,84.2
HarborAveUpperNorthBridge,104.9,84.3
HarborAveUpperNorthBridge,104.9,84.4
HarborAveUpperNorthBridge,104.9,84.5
HarborAveUpperNorthBridge,104.9,84.7
HarborAveUpperNorthBridge,104.9,84.9
HarborAveUpperNorthBridge,104.8,85.1
HarborAveUpperNorthBridge,104.8,85.1
HarborAveUpperNorthBridge,104.8,85.1
HarborAveUpperNorthBridge,104.8,85
HarborAveUpperNorthBridge,104.8,84.8
HarborAveUpperNorthBridge,104.8,84.8
HarborAveUpperNorthBridge,104.7,84.7
HarborAveUpperNorthBridge,104.7,84.8
HarborAveUpperNorthBridge,104.6,84.7
MagnoliaBridge,104.6,88
MagnoliaBridge,104.6,87.9
MagnoliaBridge,104.6,88
MagnoliaBridge,104.6,88.2
MagnoliaBridge,104.6,88.3
MagnoliaBridge,104.6,88.4
MagnoliaBridge,104.5,88.5
MagnoliaBridge,104.5,88.4
MagnoliaBridge,104.5,88.6
MagnoliaBridge,104.4,88.3
MagnoliaBridge,104.3,88
MagnoliaBridge,104.1,87.8
MagnoliaBridge,103.9,87.5
MagnoliaBridge,103.7,87.4
MagnoliaBridge,103.5,87.2
SpokaneSwingBridge,105,84.2
SpokaneSwingBridge,104.9,84.3
SpokaneSwingBridge,104.9,84.4
RooseveltWay_NE80thSt,90.3,90.3
RooseveltWay_NE80thSt,90.3,90.3
RooseveltWay_NE80thSt,90.2,90.2
RooseveltWay_NE80thSt,90.2,90.2
RooseveltWay_NE80thSt,90.2,90.2
RooseveltWay_NE80thSt,90.1,90.1
RooseveltWay_NE80thSt,90.1,90.1
RooseveltWay_NE80thSt,90.1,90.1
RooseveltWay_NE80thSt,90,90
RooseveltWay_NE80thSt,90,90
RooseveltWay_NE80thSt,90,90
RooseveltWay_NE80thSt,90,90
HarborAveUpperNorthBridge,82.5,71.33
HarborAveUpperNorthBridge,82.4,71.36
HarborAveUpperNorthBridge,82.4,71.41
AlbroPlaceAirportWay,90.7,73.08
AlbroPlaceAirportWay,90.7,73.01
AlbroPlaceAirportWay,90.7,72.97
AlbroPlaceAirportWay,90.7,72.92
AlbroPlaceAirportWay,90.7,72.86
AlbroPlaceAirportWay,90.6,72.82
AlbroPlaceAirportWay,90.6,72.77
AlbroPlaceAirportWay,90.6,72.74
AlbroPlaceAirportWay,90.6,72.74
AlbroPlaceAirportWay,90.6,72.73
AlbroPlaceAirportWay,90.5,72.72
AlbroPlaceAirportWay,90.5,72.66
AlbroPlaceAirportWay,90.5,72.68
AlbroPlaceAirportWay,90.5,72.68
AlbroPlaceAirportWay,90.5,72.72
SpokaneSwingBridge,82.9,71.87
SpokaneSwingBridge,82.9,71.82
SpokaneSwingBridge,82.8,71.72
SpokaneSwingBridge,82.8,71.63
SpokaneSwingBridge,82.7,71.56
SpokaneSwingBridge,82.7,71.49
RooseveltWay_NE80thSt,73.99,73.99
RooseveltWay_NE80thSt,73.97,73.97
RooseveltWay_NE80thSt,73.97,73.97
RooseveltWay_NE80thSt,73.97,73.97
RooseveltWay_NE80thSt,73.96,73.96
SpokaneSwingBridge,78.78,71.74
SpokaneSwingBridge,78.89,71.83
SpokaneSwingBridge,79.01,71.83
SpokaneSwingBridge,79.12,72.03
SpokaneSwingBridge,79.23,72.09
SpokaneSwingBridge,79.35,72.07
SpokaneSwingBridge,79.46,72.06
SpokaneSwingBridge,79.56,72
SpokaneSwingBridge,79.67,71.98
RooseveltWay_NE80thSt,80.6,80.6
RooseveltWay_NE80thSt,80.7,80.7
RooseveltWay_NE80thSt,80.8,80.8
RooseveltWay_NE80thSt,80.9,80.9
RooseveltWay_NE80thSt,81,81
RooseveltWay_NE80thSt,81,81
RooseveltWay_NE80thSt,81.1,81.1
RooseveltWay_NE80thSt,81.1,81.1
RooseveltWay_NE80thSt,81.1,81.1
RooseveltWay_NE80thSt,81.2,81.2
RooseveltWay_NE80thSt,81.3,81.3
RooseveltWay_NE80thSt,81.3,81.3
RooseveltWay_NE80thSt,81.4,81.4
RooseveltWay_NE80thSt,81.4,81.4
RooseveltWay_NE80thSt,81.5,81.5
HarborAveUpperNorthBridge,78.08,70.94
HarborAveUpperNorthBridge,78.19,71.08
HarborAveUpperNorthBridge,78.3,71.39
HarborAveUpperNorthBridge,78.43,71.64
AlbroPlaceAirportWay,85.3,66.48
AlbroPlaceAirportWay,85.3,66.45
AlbroPlaceAirportWay,85.3,66.47
AlbroPlaceAirportWay,85.3,66.48
AlbroPlaceAirportWay,85.3,66.44
AlbroPlaceAirportWay,85.2,66.41
AlbroPlaceAirportWay,85.2,66.36
AlbroPlaceAirportWay,85.2,66.29
AlbroPlaceAirportWay,85.2,66.31
AlbroPlaceAirportWay,85.2,66.35
AlbroPlaceAirportWay,85.1,66.39
AlbroPlaceAirportWay,85.1,66.39
AlbroPlaceAirportWay,85.1,66.37
AlbroPlaceAirportWay,85.1,66.42
AlbroPlaceAirportWay,85.1,66.4
RooseveltWay_NE80thSt,73.99,73.99
RooseveltWay_NE80thSt,73.97,73.97
RooseveltWay_NE80thSt,73.97,73.97
RooseveltWay_NE80thSt,73.97,73.97
RooseveltWay_NE80thSt,73.96,73.96
RooseveltWay_NE80thSt,73.94,73.94
RooseveltWay_NE80thSt,73.92,73.92
RooseveltWay_NE80thSt,73.91,73.91
RooseveltWay_NE80thSt,73.91,73.91
RooseveltWay_NE80thSt,73.89,73.89
RooseveltWay_NE80thSt,73.87,73.87
RooseveltWay_NE80thSt,73.86,73.86
RooseveltWay_NE80thSt,73.86,73.86
RooseveltWay_NE80thSt,73.86,73.86
RooseveltWay_NE80thSt,73.83,73.83
MagnoliaBridge,73.67,64.8
MagnoliaBridge,73.67,64.7
MagnoliaBridge,73.65,64.59
MagnoliaBridge,73.62,64.46
MagnoliaBridge,73.57,64.35
MagnoliaBridge,73.57,64.26
MagnoliaBridge,73.52,64.17
MagnoliaBridge,73.49,64.12
MagnoliaBridge,73.46,64.08
MagnoliaBridge,73.42,64.03
MagnoliaBridge,73.38,63.98
MagnoliaBridge,73.36,63.94
MagnoliaBridge,73.32,63.91
MagnoliaBridge,73.3,63.89
MagnoliaBridge,73.26,63.82
SpokaneSwingBridge,73.29,65.13
SpokaneSwingBridge,73.26,65.09
SpokaneSwingBridge,73.24,65.02
SpokaneSwingBridge,73.21,64.99
SpokaneSwingBridge,73.19,64.95
SpokaneSwingBridge,73.16,64.95
RooseveltWay_NE80thSt,85.9,85.9
RooseveltWay_NE80thSt,85.8,85.8
RooseveltWay_NE80thSt,85.8,85.8
RooseveltWay_NE80thSt,85.8,85.8
RooseveltWay_NE80thSt,85.7,85.7
RooseveltWay_NE80thSt,85.7,85.7
RooseveltWay_NE80thSt,85.7,85.7
RooseveltWay_NE80thSt,85.7,85.7
RooseveltWay_NE80thSt,85.6,85.6
RooseveltWay_NE80thSt,85.6,85.6
AlbroPlaceAirportWay,91.7,85.3
AlbroPlaceAirportWay,91.7,85.3
AlbroPlaceAirportWay,91.8,85.3
AlbroPlaceAirportWay,91.8,85.2
AlbroPlaceAirportWay,91.8,85.1
AlbroPlaceAirportWay,91.8,85.1
AlbroPlaceAirportWay,91.8,85
AlbroPlaceAirportWay,91.8,85
AlbroPlaceAirportWay,91.8,85
AlbroPlaceAirportWay,91.8,84.9
AlbroPlaceAirportWay,91.8,85
AlbroPlaceAirportWay,91.8,84.9
AlbroPlaceAirportWay,91.9,84.9
AlbroPlaceAirportWay,91.9,84.8
AlbroPlaceAirportWay,91.9,84.8
HarborAveUpperNorthBridge,83.1,72.35
HarborAveUpperNorthBridge,83.1,72.39
HarborAveUpperNorthBridge,83,72.41
HarborAveUpperNorthBridge,83,72.45
HarborAveUpperNorthBridge,83,72.46
HarborAveUpperNorthBridge,82.9,72.42
HarborAveUpperNorthBridge,82.9,72.37
HarborAveUpperNorthBridge,82.9,72.3
MagnoliaBridge,80.3,71.39
MagnoliaBridge,80.3,71.44
MagnoliaBridge,80.2,71.43
MagnoliaBridge,80.2,71.39
MagnoliaBridge,80.2,71.37
MagnoliaBridge,80.1,71.34
MagnoliaBridge,80.1,71.34
MagnoliaBridge,80.1,71.4
MagnoliaBridge,80.1,71.45
MagnoliaBridge,80,71.49
MagnoliaBridge,80,71.58
MagnoliaBridge,79.97,71.67
MagnoliaBridge,79.98,71.74
MagnoliaBridge,79.93,71.79
MagnoliaBridge,79.92,71.78
SpokaneSwingBridge,104.9,84.5
SpokaneSwingBridge,82.7,71.43
SpokaneSwingBridge,73.14,65.04
HarborAveUpperNorthBridge,78.55,71.66
SpokaneSwingBridge,93.5,80.7
HarborAveUpperNorthBridge,82.9,72.3
HarborAveUpperNorthBridge,87.7,76.91
HarborAveUpperNorthBridge,87.9,77.03
HarborAveUpperNorthBridge,88,77.11
HarborAveUpperNorthBridge,88.1,77.22
HarborAveUpperNorthBridge,88.1,77.23
HarborAveUpperNorthBridge,88.2,77.05
MagnoliaBridge,84.3,70.64
MagnoliaBridge,84.4,70.64
MagnoliaBridge,84.4,70.54
MagnoliaBridge,84.5,70.61
MagnoliaBridge,84.5,70.56
MagnoliaBridge,84.5,70.53
MagnoliaBridge,84.6,70.46
MagnoliaBridge,84.6,70.45
MagnoliaBridge,84.7,70.43
MagnoliaBridge,84.8,70.3
MagnoliaBridge,84.8,70.28
MagnoliaBridge,84.9,70.34
MagnoliaBridge,84.9,70.35
MagnoliaBridge,85,70.45
MagnoliaBridge,85,70.61
AlbroPlaceAirportWay,82.6,76.78
AlbroPlaceAirportWay,82.6,76.95
AlbroPlaceAirportWay,82.6,77.12
AlbroPlaceAirportWay,82.6,77.24
AlbroPlaceAirportWay,82.6,77.32
AlbroPlaceAirportWay,82.7,77.12
AlbroPlaceAirportWay,82.7,76.96
AlbroPlaceAirportWay,82.7,76.8
AlbroPlaceAirportWay,82.7,76.48
AlbroPlaceAirportWay,82.7,76.22
SpokaneSwingBridge,87.9,77.03
AlbroPlaceAirportWay,82.7,76.11
SpokaneSwingBridge,88,77.11
AlbroPlaceAirportWay,82.8,75.92
SpokaneSwingBridge,88.1,77.22
AlbroPlaceAirportWay,82.8,75.85
AlbroPlaceAirportWay,82.8,75.95
SpokaneSwingBridge,88.1,77.23
AlbroPlaceAirportWay,82.8,75.96
SpokaneSwingBridge,88.2,77.05
SpokaneSwingBridge,88.3,76.65
SpokaneSwingBridge,88.3,76.43
SpokaneSwingBridge,88.4,75.98
SpokaneSwingBridge,88.4,75.71
SpokaneSwingBridge,88.4,75.57
SpokaneSwingBridge,88.5,75.46
SpokaneSwingBridge,88.5,75.54
SpokaneSwingBridge,88.5,75.69
SpokaneSwingBridge,88.6,75.85
SpokaneSwingBridge,88.6,75.96
RooseveltWay_NE80thSt,85.3,85.3
RooseveltWay_NE80thSt,85.3,85.3
RooseveltWay_NE80thSt,85.3,85.3
RooseveltWay_NE80thSt,85.3,85.3
RooseveltWay_NE80thSt,85.3,85.3
RooseveltWay_NE80thSt,85.3,85.3
RooseveltWay_NE80thSt,85.3,85.3
RooseveltWay_NE80thSt,85.3,85.3
RooseveltWay_NE80thSt,85.3,85.3
RooseveltWay_NE80thSt,85.3,85.3
RooseveltWay_NE80thSt,85.3,85.3
RooseveltWay_NE80thSt,85.3,85.3
RooseveltWay_NE80thSt,85.3,85.3
RooseveltWay_NE80thSt,85.3,85.3
RooseveltWay_NE80thSt,85.3,85.3
HarborAveUpperNorthBridge,87.9,77.03
HarborAveUpperNorthBridge,88,77.11
HarborAveUpperNorthBridge,88.1,77.22
HarborAveUpperNorthBridge,88.1,77.23
HarborAveUpperNorthBridge,88.2,77.05
HarborAveUpperNorthBridge,88.3,76.65
HarborAveUpperNorthBridge,88.3,76.43
HarborAveUpperNorthBridge,88.4,75.98
HarborAveUpperNorthBridge,88.4,75.71
HarborAveUpperNorthBridge,88.4,75.57
HarborAveUpperNorthBridge,88.5,75.46
HarborAveUpperNorthBridge,88.5,75.54
HarborAveUpperNorthBridge,88.5,75.69
HarborAveUpperNorthBridge,88.6,75.85
HarborAveUpperNorthBridge,88.6,75.96
MagnoliaBridge,84.8,70.28
MagnoliaBridge,84.9,70.34
MagnoliaBridge,84.9,70.35
MagnoliaBridge,85,70.45
MagnoliaBridge,85,70.61
MagnoliaBridge,85.1,70.66
MagnoliaBridge,85.1,70.67
MagnoliaBridge,85.2,70.84
MagnoliaBridge,85.2,70.98
MagnoliaBridge,85.2,71.01
MagnoliaBridge,85.3,71
MagnoliaBridge,85.4,71.42
MagnoliaBridge,85.5,71.7
MagnoliaBridge,85.7,72.01
MagnoliaBridge,85.9,72.22
AlbroPlaceAirportWay,81.3,73.34
AlbroPlaceAirportWay,81.3,73.57
AlbroPlaceAirportWay,81.3,73.78
AlbroPlaceAirportWay,81.3,73.78
AlbroPlaceAirportWay,81.3,73.98
AlbroPlaceAirportWay,81.3,74.14
AlbroPlaceAirportWay,81.3,74.33
AlbroPlaceAirportWay,81.3,74.4
AlbroPlaceAirportWay,81.3,74.49
AlbroPlaceAirportWay,81.3,74.66
AlbroPlaceAirportWay,81.4,74.64
AlbroPlaceAirportWay,81.4,74.85
AlbroPlaceAirportWay,81.4,74.95
AlbroPlaceAirportWay,81.4,74.95
AlbroPlaceAirportWay,81.4,74.86
AlbroPlaceAirportWay,80.7,71.39
AlbroPlaceAirportWay,80.7,71.53
AlbroPlaceAirportWay,80.7,71.53
AlbroPlaceAirportWay,80.7,71.42
AlbroPlaceAirportWay,80.7,71.36
AlbroPlaceAirportWay,80.7,71.47
AlbroPlaceAirportWay,80.7,71.62
AlbroPlaceAirportWay,80.7,71.78
AlbroPlaceAirportWay,80.7,71.83
AlbroPlaceAirportWay,80.7,71.82
AlbroPlaceAirportWay,80.7,71.74
AlbroPlaceAirportWay,80.7,71.74
AlbroPlaceAirportWay,80.7,71.75
AlbroPlaceAirportWay,80.7,71.83
AlbroPlaceAirportWay,80.7,71.9
RooseveltWay_NE80thSt,81.1,81.1
RooseveltWay_NE80thSt,81.3,81.3
RooseveltWay_NE80thSt,81.5,81.5
RooseveltWay_NE80thSt,81.6,81.6
RooseveltWay_NE80thSt,81.8,81.8
RooseveltWay_NE80thSt,82,82
RooseveltWay_NE80thSt,82.2,82.2
RooseveltWay_NE80thSt,82.3,82.3
RooseveltWay_NE80thSt,82.5,82.5
RooseveltWay_NE80thSt,82.6,82.6
RooseveltWay_NE80thSt,82.8,82.8
RooseveltWay_NE80thSt,82.9,82.9
RooseveltWay_NE80thSt,83,83
RooseveltWay_NE80thSt,83.1,83.1
RooseveltWay_NE80thSt,83.1,83.1
HarborAveUpperNorthBridge,77.84,70.24
HarborAveUpperNorthBridge,77.89,70.12
HarborAveUpperNorthBridge,77.93,70.12
HarborAveUpperNorthBridge,77.98,70.31
HarborAveUpperNorthBridge,78.04,70.45
HarborAveUpperNorthBridge,78.12,70.29
HarborAveUpperNorthBridge,78.19,70.24
HarborAveUpperNorthBridge,78.28,70.1
HarborAveUpperNorthBridge,78.36,70.33
HarborAveUpperNorthBridge,78.45,70.53
HarborAveUpperNorthBridge,78.55,70.66
HarborAveUpperNorthBridge,78.64,70.67
HarborAveUpperNorthBridge,78.73,70.7
HarborAveUpperNorthBridge,78.8,70.84
HarborAveUpperNorthBridge,78.87,71.02
MagnoliaBridge,78.17,64.84
MagnoliaBridge,78.34,65.02
MagnoliaBridge,78.51,65.13
MagnoliaBridge,78.67,65
MagnoliaBridge,78.81,64.85
MagnoliaBridge,78.94,64.74
MagnoliaBridge,79.05,64.71
MagnoliaBridge,79.15,64.8
MagnoliaBridge,79.24,64.92
MagnoliaBridge,79.32,65.18
MagnoliaBridge,79.39,65.27
MagnoliaBridge,79.46,65.43
MagnoliaBridge,79.53,65.47
MagnoliaBridge,79.57,65.62
MagnoliaBridge,79.64,65.71
AlbroPlaceAirportWay,80.9,72.31
AlbroPlaceAirportWay,80.9,72.17
AlbroPlaceAirportWay,80.9,72.12
AlbroPlaceAirportWay,80.9,72.21
AlbroPlaceAirportWay,80.9,72.24
AlbroPlaceAirportWay,80.9,72.03
AlbroPlaceAirportWay,80.9,72.02
AlbroPlaceAirportWay,80.9,71.9
AlbroPlaceAirportWay,80.9,71.82
AlbroPlaceAirportWay,80.9,71.93
AlbroPlaceAirportWay,80.9,71.97
AlbroPlaceAirportWay,80.9,72.08
AlbroPlaceAirportWay,80.9,72.2
AlbroPlaceAirportWay,80.9,72.33
AlbroPlaceAirportWay,81,72.39
AlbroPlaceAirportWay,81.5,74
AlbroPlaceAirportWay,81.5,74.06
AlbroPlaceAirportWay,81.5,74.23
AlbroPlaceAirportWay,81.5,74.37
AlbroPlaceAirportWay,81.5,74.57
AlbroPlaceAirportWay,81.5,74.6
AlbroPlaceAirportWay,81.5,74.62
AlbroPlaceAirportWay,81.5,74.62
AlbroPlaceAirportWay,81.5,74.7
AlbroPlaceAirportWay,81.5,74.83
AlbroPlaceAirportWay,81.5,74.85
AlbroPlaceAirportWay,81.6,74.65
AlbroPlaceAirportWay,81.6,74.49
AlbroPlaceAirportWay,81.6,74.38
AlbroPlaceAirportWay,81.6,74.34
MagnoliaBridge,86.3,68.7
MagnoliaBridge,86.3,68.77
MagnoliaBridge,86.3,68.84
MagnoliaBridge,86.3,69.02
MagnoliaBridge,86.3,69.17
MagnoliaBridge,86.3,69.37
MagnoliaBridge,86.3,69.51
MagnoliaBridge,86.3,69.55
MagnoliaBridge,86.3,69.54
MagnoliaBridge,86.3,69.58
MagnoliaBridge,86.3,69.57
MagnoliaBridge,86.3,69.55
MagnoliaBridge,86.3,69.46
MagnoliaBridge,86.3,69.42
MagnoliaBridge,86.3,69.43
HarborAveUpperNorthBridge,84.3,74.73
HarborAveUpperNorthBridge,84.3,74.72
HarborAveUpperNorthBridge,84.3,74.74
HarborAveUpperNorthBridge,84.4,74.76
HarborAveUpperNorthBridge,84.4,74.83
HarborAveUpperNorthBridge,84.5,74.85
HarborAveUpperNorthBridge,84.5,74.8
HarborAveUpperNorthBridge,84.5,74.77
HarborAveUpperNorthBridge,84.6,74.69
HarborAveUpperNorthBridge,84.6,74.65
HarborAveUpperNorthBridge,84.6,74.65
HarborAveUpperNorthBridge,84.7,74.62
HarborAveUpperNorthBridge,84.7,74.64
HarborAveUpperNorthBridge,84.7,74.68
HarborAveUpperNorthBridge,84.8,74.74
SpokaneSwingBridge,79.18,71.42
SpokaneSwingBridge,79.21,71.29
SpokaneSwingBridge,79.24,71.35
SpokaneSwingBridge,79.27,71.45
SpokaneSwingBridge,79.31,71.51
SpokaneSwingBridge,79.32,71.3
SpokaneSwingBridge,79.37,71.04
SpokaneSwingBridge,79.4,71
SpokaneSwingBridge,79.44,71.16
SpokaneSwingBridge,79.49,71.34
SpokaneSwingBridge,79.54,71.44
SpokaneSwingBridge,79.59,71.54
SpokaneSwingBridge,79.65,71.53
SpokaneSwingBridge,79.71,71.65
SpokaneSwingBridge,79.76,71.73
RooseveltWay_NE80thSt,86.4,86.4
RooseveltWay_NE80thSt,86.3,86.3
RooseveltWay_NE80thSt,86.3,86.3
RooseveltWay_NE80thSt,86.2,86.2
RooseveltWay_NE80thSt,86.1,86.1
RooseveltWay_NE80thSt,86.1,86.1
RooseveltWay_NE80thSt,86,86
RooseveltWay_NE80thSt,85.9,85.9
RooseveltWay_NE80thSt,85.9,85.9
RooseveltWay_NE80thSt,85.9,85.9
RooseveltWay_NE80thSt,85.8,85.8
RooseveltWay_NE80thSt,85.8,85.8
RooseveltWay_NE80thSt,85.7,85.7
RooseveltWay_NE80thSt,85.7,85.7
RooseveltWay_NE80thSt,85.7,85.7
MagnoliaBridge,86.2,69.48
MagnoliaBridge,86.2,69.43
MagnoliaBridge,86.2,69.29
MagnoliaBridge,86.2,69.21
MagnoliaBridge,86.2,69.09
MagnoliaBridge,86.2,68.97
MagnoliaBridge,86.3,69.06
MagnoliaBridge,86.3,69.24
MagnoliaBridge,86.3,69.33
MagnoliaBridge,86.3,69.39
MagnoliaBridge,86.3,69.38
MagnoliaBridge,86.3,69.27
MagnoliaBridge,86.3,69.21
MagnoliaBridge,86.2,69.12
MagnoliaBridge,86.1,69.04
HarborAveUpperNorthBridge,84.9,74.63
HarborAveUpperNorthBridge,84.9,74.65
HarborAveUpperNorthBridge,84.9,74.67
HarborAveUpperNorthBridge,84.9,74.7
HarborAveUpperNorthBridge,84.8,74.7
HarborAveUpperNorthBridge,84.8,74.69
HarborAveUpperNorthBridge,84.8,74.75
HarborAveUpperNorthBridge,84.8,74.74
HarborAveUpperNorthBridge,84.8,74.66
HarborAveUpperNorthBridge,84.8,74.65
HarborAveUpperNorthBridge,84.7,74.44
HarborAveUpperNorthBridge,84.7,74.13
HarborAveUpperNorthBridge,84.7,73.93
HarborAveUpperNorthBridge,84.7,73.72
HarborAveUpperNorthBridge,84.6,73.64
AlbroPlaceAirportWay,81.8,73.25
AlbroPlaceAirportWay,81.8,73.25
AlbroPlaceAirportWay,81.8,73.29
AlbroPlaceAirportWay,81.8,73.21
AlbroPlaceAirportWay,81.8,73.16
AlbroPlaceAirportWay,81.8,73.25
AlbroPlaceAirportWay,81.8,73.32
AlbroPlaceAirportWay,81.8,73.37
AlbroPlaceAirportWay,81.8,73.39
AlbroPlaceAirportWay,81.9,73.42
AlbroPlaceAirportWay,81.9,73.45
AlbroPlaceAirportWay,81.9,73.54
AlbroPlaceAirportWay,81.9,73.7
AlbroPlaceAirportWay,81.9,73.68
AlbroPlaceAirportWay,81.9,73.65
RooseveltWay_NE80thSt,88.4,88.4
RooseveltWay_NE80thSt,88.4,88.4
RooseveltWay_NE80thSt,88.5,88.5
RooseveltWay_NE80thSt,88.6,88.6
RooseveltWay_NE80thSt,88.7,88.7
RooseveltWay_NE80thSt,88.8,88.8
RooseveltWay_NE80thSt,88.8,88.8
RooseveltWay_NE80thSt,88.8,88.8
RooseveltWay_NE80thSt,88.8,88.8
RooseveltWay_NE80thSt,88.8,88.8
RooseveltWay_NE80thSt,88.8,88.8
RooseveltWay_NE80thSt,88.8,88.8
RooseveltWay_NE80thSt,88.7,88.7
RooseveltWay_NE80thSt,88.6,88.6
RooseveltWay_NE80thSt,88.6,88.6
HarborAveUpperNorthBridge,81.5,73.94
HarborAveUpperNorthBridge,81.5,74.08
HarborAveUpperNorthBridge,81.6,74.19
HarborAveUpperNorthBridge,81.7,74.27
HarborAveUpperNorthBridge,81.8,74.21
HarborAveUpperNorthBridge,81.9,74.3
HarborAveUpperNorthBridge,82.1,74.45
HarborAveUpperNorthBridge,82.3,74.56
HarborAveUpperNorthBridge,82.5,74.66
HarborAveUpperNorthBridge,82.7,74.76
HarborAveUpperNorthBridge,82.9,74.86
HarborAveUpperNorthBridge,83.1,74.97
HarborAveUpperNorthBridge,83.3,75.08
HarborAveUpperNorthBridge,83.5,75.11
HarborAveUpperNorthBridge,83.7,75.09
MagnoliaBridge,84.2,68.83
MagnoliaBridge,84.3,69.04
MagnoliaBridge,84.4,69.11
MagnoliaBridge,84.5,68.97
MagnoliaBridge,84.6,68.91
MagnoliaBridge,84.8,68.86
MagnoliaBridge,84.9,68.91
MagnoliaBridge,85.1,69.03
MagnoliaBridge,85.4,69.2
MagnoliaBridge,85.6,69.24
MagnoliaBridge,85.8,69.2
MagnoliaBridge,86,69.15
MagnoliaBridge,86.1,69.2
MagnoliaBridge,86.2,69.12
MagnoliaBridge,86.3,69.08
SpokaneSwingBridge,84.7,74.44
SpokaneSwingBridge,84.7,74.13
SpokaneSwingBridge,84.7,73.93
SpokaneSwingBridge,84.7,73.72
SpokaneSwingBridge,84.6,73.64
SpokaneSwingBridge,84.6,73.72
SpokaneSwingBridge,84.6,73.8
SpokaneSwingBridge,84.6,73.88
SpokaneSwingBridge,84.6,73.95
SpokaneSwingBridge,84.5,74.03
SpokaneSwingBridge,84.5,74.06
SpokaneSwingBridge,84.5,74.04
SpokaneSwingBridge,84.4,74.01
SpokaneSwingBridge,84.4,73.9
SpokaneSwingBridge,84.4,73.84
RooseveltWay_NE80thSt,85.6,85.6
RooseveltWay_NE80thSt,85.6,85.6
RooseveltWay_NE80thSt,85.6,85.6
RooseveltWay_NE80thSt,85.6,85.6
RooseveltWay_NE80thSt,85.6,85.6
RooseveltWay_NE80thSt,85.6,85.6
RooseveltWay_NE80thSt,85.6,85.6
RooseveltWay_NE80thSt,85.6,85.6
RooseveltWay_NE80thSt,85.6,85.6
RooseveltWay_NE80thSt,85.6,85.6
RooseveltWay_NE80thSt,85.6,85.6
RooseveltWay_NE80thSt,85.6,85.6
RooseveltWay_NE80thSt,85.6,85.6
RooseveltWay_NE80thSt,85.6,85.6
RooseveltWay_NE80thSt,85.6,85.6
HarborAveUpperNorthBridge,84.5,74.06
HarborAveUpperNorthBridge,84.5,74.04
HarborAveUpperNorthBridge,84.4,74.01
HarborAveUpperNorthBridge,84.4,73.9
HarborAveUpperNorthBridge,84.4,73.84
HarborAveUpperNorthBridge,84.3,73.75
HarborAveUpperNorthBridge,84.3,73.76
HarborAveUpperNorthBridge,84.3,73.76
HarborAveUpperNorthBridge,84.2,73.82
HarborAveUpperNorthBridge,84.2,73.87
HarborAveUpperNorthBridge,84.2,73.85
HarborAveUpperNorthBridge,84.2,73.84
HarborAveUpperNorthBridge,84.1,73.81
HarborAveUpperNorthBridge,84.1,73.75
HarborAveUpperNorthBridge,84.1,73.67
MagnoliaBridge,85.6,68.36
MagnoliaBridge,85.5,68.28
MagnoliaBridge,85.4,68.21
MagnoliaBridge,85.3,68.13
MagnoliaBridge,85.2,68.05
MagnoliaBridge,85.1,67.89
MagnoliaBridge,85,67.63
MagnoliaBridge,85,67.38
MagnoliaBridge,84.9,67.24
AlbroPlaceAirportWay,80.7,72.25
AlbroPlaceAirportWay,80.7,72.33
AlbroPlaceAirportWay,80.7,72.17
AlbroPlaceAirportWay,80.7,72.04
AlbroPlaceAirportWay,80.8,72.15
AlbroPlaceAirportWay,80.8,72.27
AlbroPlaceAirportWay,80.8,72.41
AlbroPlaceAirportWay,80.8,72.42
AlbroPlaceAirportWay,80.8,72.37
AlbroPlaceAirportWay,80.8,72.39
AlbroPlaceAirportWay,80.8,72.34
AlbroPlaceAirportWay,80.8,72.54
AlbroPlaceAirportWay,80.8,72.57
AlbroPlaceAirportWay,80.8,72.62
AlbroPlaceAirportWay,80.8,72.47
SpokaneSwingBridge,85.9,75.82
SpokaneSwingBridge,85.9,75.81
SpokaneSwingBridge,86,75.59
SpokaneSwingBridge,86,75.58
SpokaneSwingBridge,86,75.64
SpokaneSwingBridge,86.1,75.75
SpokaneSwingBridge,86.1,75.89
SpokaneSwingBridge,86.2,76.04
SpokaneSwingBridge,86.2,76.15
SpokaneSwingBridge,86.3,76.08
SpokaneSwingBridge,86.3,76.09
SpokaneSwingBridge,86.3,76.12
SpokaneSwingBridge,86.4,76.18
SpokaneSwingBridge,86.4,76.22
SpokaneSwingBridge,86.4,76.29
HarborAveUpperNorthBridge,85.9,75.82
HarborAveUpperNorthBridge,85.9,75.81
HarborAveUpperNorthBridge,86,75.59
HarborAveUpperNorthBridge,86,75.58
HarborAveUpperNorthBridge,86,75.64
HarborAveUpperNorthBridge,86.1,75.75
HarborAveUpperNorthBridge,86.1,75.89
HarborAveUpperNorthBridge,86.2,76.04
HarborAveUpperNorthBridge,86.2,76.15
HarborAveUpperNorthBridge,86.3,76.08
HarborAveUpperNorthBridge,86.3,76.09
HarborAveUpperNorthBridge,86.3,76.12
HarborAveUpperNorthBridge,86.4,76.18
HarborAveUpperNorthBridge,86.4,76.22
HarborAveUpperNorthBridge,86.4,76.29
MagnoliaBridge,83.6,68.3
MagnoliaBridge,83.6,68.45
MagnoliaBridge,83.7,68.6
MagnoliaBridge,83.8,68.75
MagnoliaBridge,83.9,68.82
MagnoliaBridge,84,68.86
MagnoliaBridge,84,68.87
MagnoliaBridge,84,68.87
MagnoliaBridge,84,68.99
MagnoliaBridge,84,69.1
MagnoliaBridge,84,69.23
MagnoliaBridge,84,69.36
MagnoliaBridge,84.1,69.51
MagnoliaBridge,84.1,69.65
MagnoliaBridge,84.1,69.75
RooseveltWay_NE80thSt,88.2,88.2
RooseveltWay_NE80thSt,88.5,88.5
RooseveltWay_NE80thSt,88.7,88.7
RooseveltWay_NE80thSt,89,89
RooseveltWay_NE80thSt,89.2,89.2
RooseveltWay_NE80thSt,89.4,89.4
RooseveltWay_NE80thSt,89.6,89.6
RooseveltWay_NE80thSt,89.8,89.8
RooseveltWay_NE80thSt,90,90
RooseveltWay_NE80thSt,90.1,90.1
RooseveltWay_NE80thSt,90.3,90.3
RooseveltWay_NE80thSt,90.4,90.4
RooseveltWay_NE80thSt,90.6,90.6
RooseveltWay_NE80thSt,90.7,90.7
RooseveltWay_NE80thSt,90.8,90.8
SpokaneSwingBridge,81,72.79
SpokaneSwingBridge,81,72.85
SpokaneSwingBridge,81,72.89
SpokaneSwingBridge,81.1,72.95
SpokaneSwingBridge,81.1,72.98
SpokaneSwingBridge,81.1,72.79
SpokaneSwingBridge,81.2,72.82
SpokaneSwingBridge,81.2,72.84
SpokaneSwingBridge,81.2,72.9
SpokaneSwingBridge,81.2,72.87
SpokaneSwingBridge,81.2,72.84
SpokaneSwingBridge,81.2,72.81
SpokaneSwingBridge,81.2,72.7
SpokaneSwingBridge,81.2,72.71
SpokaneSwingBridge,81.2,72.76
AlbroPlaceAirportWay,80.9,71.97
AlbroPlaceAirportWay,80.9,72.08
AlbroPlaceAirportWay,80.9,72.2
AlbroPlaceAirportWay,80.9,72.33
AlbroPlaceAirportWay,81,72.39
AlbroPlaceAirportWay,81,72.28
AlbroPlaceAirportWay,81,72.18
AlbroPlaceAirportWay,81,72.26
AlbroPlaceAirportWay,81,72.32
AlbroPlaceAirportWay,81,72.21
AlbroPlaceAirportWay,81,72.2
AlbroPlaceAirportWay,81,72.21
AlbroPlaceAirportWay,81.1,72.07
AlbroPlaceAirportWay,81.1,72.02
AlbroPlaceAirportWay,81.1,71.89
MagnoliaBridge,85.3,69.71
MagnoliaBridge,85.3,69.36
MagnoliaBridge,85.4,69.15
MagnoliaBridge,85.5,69.09
MagnoliaBridge,85.6,68.99
MagnoliaBridge,85.7,69.04
MagnoliaBridge,85.7,68.96
MagnoliaBridge,85.8,68.94
MagnoliaBridge,85.7,68.89
MagnoliaBridge,85.7,68.88
MagnoliaBridge,85.5,68.82
MagnoliaBridge,85.4,68.61
MagnoliaBridge,85.3,68.32
MagnoliaBridge,85.2,68.14
MagnoliaBridge,85,68.04
HarborAveUpperNorthBridge,81,72.79
HarborAveUpperNorthBridge,81,72.85
HarborAveUpperNorthBridge,81,72.89
HarborAveUpperNorthBridge,81.1,72.95
HarborAveUpperNorthBridge,81.1,72.98
HarborAveUpperNorthBridge,81.1,72.79
HarborAveUpperNorthBridge,81.2,72.82
HarborAveUpperNorthBridge,81.2,72.84
HarborAveUpperNorthBridge,81.2,72.9
HarborAveUpperNorthBridge,81.2,72.87
HarborAveUpperNorthBridge,81.2,72.84
HarborAveUpperNorthBridge,81.2,72.81
HarborAveUpperNorthBridge,81.2,72.7
HarborAveUpperNorthBridge,81.2,72.71
HarborAveUpperNorthBridge,81.2,72.76
SpokaneSwingBridge,81.1,72.83
SpokaneSwingBridge,81.1,72.86
SpokaneSwingBridge,81.1,72.79
SpokaneSwingBridge,81.1,72.72
SpokaneSwingBridge,81.1,72.78
SpokaneSwingBridge,81.1,72.84
SpokaneSwingBridge,81.1,72.9
SpokaneSwingBridge,81.1,72.96
SpokaneSwingBridge,81.1,73
SpokaneSwingBridge,81.1,73.03
SpokaneSwingBridge,81.1,73.03
SpokaneSwingBridge,81.1,73.04
SpokaneSwingBridge,81.1,73.02
SpokaneSwingBridge,81.1,72.99
SpokaneSwingBridge,81.1,72.99
SpokaneSwingBridge,86.3,76.09
SpokaneSwingBridge,86.3,76.12
SpokaneSwingBridge,86.4,76.18
SpokaneSwingBridge,86.4,76.22
SpokaneSwingBridge,86.4,76.29
SpokaneSwingBridge,86.4,76.32
SpokaneSwingBridge,86.5,76.38
SpokaneSwingBridge,86.5,76.45
SpokaneSwingBridge,86.5,76.44
SpokaneSwingBridge,86.5,76.49
SpokaneSwingBridge,86.6,76.39
SpokaneSwingBridge,86.7,76.24
SpokaneSwingBridge,86.8,76.19
SpokaneSwingBridge,86.9,76.28
SpokaneSwingBridge,87,76.33
RooseveltWay_NE80thSt,85.2,85.2
RooseveltWay_NE80thSt,85.2,85.2
RooseveltWay_NE80thSt,85.2,85.2
RooseveltWay_NE80thSt,85.2,85.2
RooseveltWay_NE80thSt,85.2,85.2
RooseveltWay_NE80thSt,85.2,85.2
RooseveltWay_NE80thSt,85.2,85.2
RooseveltWay_NE80thSt,85.2,85.2
RooseveltWay_NE80thSt,85.2,85.2
RooseveltWay_NE80thSt,85.2,85.2
RooseveltWay_NE80thSt,85.2,85.2
RooseveltWay_NE80thSt,85.3,85.3
RooseveltWay_NE80thSt,85.3,85.3
RooseveltWay_NE80thSt,85.3,85.3
RooseveltWay_NE80thSt,85.3,85.3
HarborAveUpperNorthBridge,86.3,76.09
HarborAveUpperNorthBridge,86.3,76.12
HarborAveUpperNorthBridge,86.4,76.18
HarborAveUpperNorthBridge,86.4,76.22
HarborAveUpperNorthBridge,86.4,76.29
HarborAveUpperNorthBridge,86.4,76.32
HarborAveUpperNorthBridge,86.5,76.38
HarborAveUpperNorthBridge,86.5,76.45
HarborAveUpperNorthBridge,86.5,76.44
HarborAveUpperNorthBridge,86.5,76.49
HarborAveUpperNorthBridge,86.6,76.39
HarborAveUpperNorthBridge,86.7,76.24
HarborAveUpperNorthBridge,86.8,76.19
HarborAveUpperNorthBridge,86.9,76.28
HarborAveUpperNorthBridge,87,76.33
MagnoliaBridge,84,69.23
MagnoliaBridge,84,69.36
MagnoliaBridge,84.1,69.51
MagnoliaBridge,84.1,69.65
MagnoliaBridge,84.1,69.75
MagnoliaBridge,84.2,69.88
MagnoliaBridge,84.2,70.04
MagnoliaBridge,84.2,70.31
MagnoliaBridge,84.3,70.39
MagnoliaBridge,84.3,70.61
MagnoliaBridge,84.3,70.64
MagnoliaBridge,84.4,70.64
MagnoliaBridge,84.4,70.54
MagnoliaBridge,84.5,70.61
MagnoliaBridge,84.5,70.56
SpokaneSwingBridge,77.84,70.24
SpokaneSwingBridge,77.89,70.12
SpokaneSwingBridge,77.93,70.12
SpokaneSwingBridge,77.98,70.31
SpokaneSwingBridge,78.04,70.45
SpokaneSwingBridge,78.12,70.29
SpokaneSwingBridge,78.19,70.24
SpokaneSwingBridge,78.28,70.1
SpokaneSwingBridge,78.36,70.33
SpokaneSwingBridge,78.45,70.53
SpokaneSwingBridge,78.55,70.66
SpokaneSwingBridge,78.64,70.67
SpokaneSwingBridge,78.73,70.7
SpokaneSwingBridge,78.8,70.84
SpokaneSwingBridge,78.87,71.02
AlbroPlaceAirportWay,80.7,71.74
AlbroPlaceAirportWay,80.7,71.74
AlbroPlaceAirportWay,80.7,71.75
AlbroPlaceAirportWay,80.7,71.83
AlbroPlaceAirportWay,80.7,71.9
AlbroPlaceAirportWay,80.7,71.98
AlbroPlaceAirportWay,80.7,72.07
AlbroPlaceAirportWay,80.7,72.18
AlbroPlaceAirportWay,80.7,72.27
AlbroPlaceAirportWay,80.7,72.21
AlbroPlaceAirportWay,80.7,72.25
AlbroPlaceAirportWay,80.7,72.33
AlbroPlaceAirportWay,80.7,72.17
AlbroPlaceAirportWay,80.7,72.04
AlbroPlaceAirportWay,80.8,72.15
SpokaneSwingBridge,78.55,70.66
SpokaneSwingBridge,78.64,70.67
SpokaneSwingBridge,78.73,70.7
SpokaneSwingBridge,78.8,70.84
SpokaneSwingBridge,78.87,71.02
SpokaneSwingBridge,78.93,71.02
SpokaneSwingBridge,78.99,70.97
SpokaneSwingBridge,79.04,71.15
SpokaneSwingBridge,79.09,71.34
SpokaneSwingBridge,79.13,71.5
SpokaneSwingBridge,79.18,71.42
SpokaneSwingBridge,79.21,71.29
SpokaneSwingBridge,79.24,71.35
SpokaneSwingBridge,79.27,71.45
SpokaneSwingBridge,79.31,71.51
SpokaneSwingBridge,79.54,71.44
SpokaneSwingBridge,79.59,71.54
SpokaneSwingBridge,79.65,71.53
SpokaneSwingBridge,79.71,71.65
SpokaneSwingBridge,79.76,71.73
SpokaneSwingBridge,79.83,71.71
SpokaneSwingBridge,79.89,71.76
SpokaneSwingBridge,79.97,71.63
SpokaneSwingBridge,80,71.65
SpokaneSwingBridge,80.1,71.84
SpokaneSwingBridge,80.2,72.04
SpokaneSwingBridge,80.3,72.27
SpokaneSwingBridge,80.4,72.52
SpokaneSwingBridge,80.4,72.7
SpokaneSwingBridge,80.5,72.83
AlbroPlaceAirportWay,81.1,72.2
AlbroPlaceAirportWay,81.1,72.24
AlbroPlaceAirportWay,81.1,72.28
AlbroPlaceAirportWay,81.1,72.42
AlbroPlaceAirportWay,81.1,72.56
AlbroPlaceAirportWay,81.1,72.61
AlbroPlaceAirportWay,81.1,72.69
AlbroPlaceAirportWay,81.1,72.7
AlbroPlaceAirportWay,81.2,72.78
AlbroPlaceAirportWay,81.2,72.85
AlbroPlaceAirportWay,81.2,72.89
AlbroPlaceAirportWay,81.2,72.87
AlbroPlaceAirportWay,81.2,72.78
AlbroPlaceAirportWay,81.2,72.67
AlbroPlaceAirportWay,81.2,72.6
RooseveltWay_NE80thSt,92,92
RooseveltWay_NE80thSt,92,92
RooseveltWay_NE80thSt,91.9,91.9
RooseveltWay_NE80thSt,91.8,91.8
RooseveltWay_NE80thSt,91.8,91.8
RooseveltWay_NE80thSt,91.7,91.7
RooseveltWay_NE80thSt,91.5,91.5
RooseveltWay_NE80thSt,91.4,91.4
RooseveltWay_NE80thSt,91.2,91.2
RooseveltWay_NE80thSt,91,91
RooseveltWay_NE80thSt,90.8,90.8
RooseveltWay_NE80thSt,90.6,90.6
RooseveltWay_NE80thSt,90.4,90.4
RooseveltWay_NE80thSt,90.2,90.2
RooseveltWay_NE80thSt,90,90
MagnoliaBridge,84.4,68.24
MagnoliaBridge,84.4,68.27
MagnoliaBridge,84.3,68.34
MagnoliaBridge,84.3,68.37
MagnoliaBridge,84.2,68.27
MagnoliaBridge,84.2,68.18
MagnoliaBridge,84.2,68.13
MagnoliaBridge,84.1,68.17
MagnoliaBridge,84.1,68.27
MagnoliaBridge,84.1,68.36
MagnoliaBridge,84.1,68.62
RooseveltWay_NE80thSt,85.2,85.2
RooseveltWay_NE80thSt,85.4,85.4
RooseveltWay_NE80thSt,85.6,85.6
RooseveltWay_NE80thSt,85.8,85.8
RooseveltWay_NE80thSt,86.1,86.1
RooseveltWay_NE80thSt,86.5,86.5
RooseveltWay_NE80thSt,86.8,86.8
RooseveltWay_NE80thSt,87.2,87.2
RooseveltWay_NE80thSt,87.5,87.5
RooseveltWay_NE80thSt,87.8,87.8
RooseveltWay_NE80thSt,88.2,88.2
RooseveltWay_NE80thSt,88.5,88.5
RooseveltWay_NE80thSt,88.7,88.7
RooseveltWay_NE80thSt,89,89
RooseveltWay_NE80thSt,89.2,89.2
SpokaneSwingBridge,80.2,72.04
SpokaneSwingBridge,80.3,72.27
SpokaneSwingBridge,80.4,72.52
SpokaneSwingBridge,80.4,72.7
SpokaneSwingBridge,80.5,72.83
SpokaneSwingBridge,80.5,72.92
SpokaneSwingBridge,80.6,72.93
SpokaneSwingBridge,80.6,72.91
SpokaneSwingBridge,80.6,72.81
SpokaneSwingBridge,80.7,72.71
SpokaneSwingBridge,80.7,72.72
SpokaneSwingBridge,80.7,72.74
SpokaneSwingBridge,80.8,72.77
SpokaneSwingBridge,80.8,72.73
SpokaneSwingBridge,80.9,72.72
MagnoliaBridge,81.1,66.95
MagnoliaBridge,81.2,67.25
MagnoliaBridge,81.3,67.33
MagnoliaBridge,81.4,67.27
MagnoliaBridge,81.5,67.45
MagnoliaBridge,81.6,67.64
MagnoliaBridge,81.9,67.88
MagnoliaBridge,82.1,68.16
MagnoliaBridge,82.5,68.5
MagnoliaBridge,82.9,68.84
MagnoliaBridge,83.2,69.07
MagnoliaBridge,83.4,69.27
MagnoliaBridge,83.7,69.7
MagnoliaBridge,84.1,69.79
MagnoliaBridge,84.4,69.82
HarborAveUpperNorthBridge,80.2,72.04
HarborAveUpperNorthBridge,80.3,72.27
HarborAveUpperNorthBridge,80.4,72.52
HarborAveUpperNorthBridge,80.4,72.7
HarborAveUpperNorthBridge,80.5,72.83
HarborAveUpperNorthBridge,80.5,72.92
HarborAveUpperNorthBridge,80.6,72.93
HarborAveUpperNorthBridge,80.6,72.91
HarborAveUpperNorthBridge,80.6,72.81
HarborAveUpperNorthBridge,80.7,72.71
HarborAveUpperNorthBridge,80.7,72.72
HarborAveUpperNorthBridge,80.7,72.74
HarborAveUpperNorthBridge,80.8,72.77
HarborAveUpperNorthBridge,80.8,72.73
HarborAveUpperNorthBridge,80.9,72.72
RooseveltWay_NE80thSt,90.8,90.8
RooseveltWay_NE80thSt,90.6,90.6
RooseveltWay_NE80thSt,90.4,90.4
RooseveltWay_NE80thSt,90.2,90.2
RooseveltWay_NE80thSt,90,90
RooseveltWay_NE80thSt,89.9,89.9
RooseveltWay_NE80thSt,89.7,89.7
RooseveltWay_NE80thSt,89.5,89.5
RooseveltWay_NE80thSt,89.4,89.4
RooseveltWay_NE80thSt,89.2,89.2
RooseveltWay_NE80thSt,89,89
RooseveltWay_NE80thSt,88.9,88.9
RooseveltWay_NE80thSt,88.8,88.8
RooseveltWay_NE80thSt,88.6,88.6
RooseveltWay_NE80thSt,88.5,88.5
HarborAveUpperNorthBridge,81.1,73.03
HarborAveUpperNorthBridge,81.1,73.04
HarborAveUpperNorthBridge,81.1,73.02
HarborAveUpperNorthBridge,81.1,72.99
HarborAveUpperNorthBridge,81.1,72.99
HarborAveUpperNorthBridge,81,73.01
HarborAveUpperNorthBridge,81,73.07
HarborAveUpperNorthBridge,81,73.16
HarborAveUpperNorthBridge,81.1,73.24
HarborAveUpperNorthBridge,81.1,73.34
HarborAveUpperNorthBridge,81.1,73.43
HarborAveUpperNorthBridge,81.1,73.5
HarborAveUpperNorthBridge,81.1,73.58
HarborAveUpperNorthBridge,81.1,73.66
HarborAveUpperNorthBridge,81.2,73.74
SpokaneSwingBridge,81.1,73.43
SpokaneSwingBridge,81.1,73.5
SpokaneSwingBridge,81.1,73.58
SpokaneSwingBridge,81.1,73.66
SpokaneSwingBridge,81.2,73.74
SpokaneSwingBridge,81.2,73.85
SpokaneSwingBridge,81.2,73.98
SpokaneSwingBridge,81.3,73.93
SpokaneSwingBridge,81.3,73.87
SpokaneSwingBridge,81.4,73.84
SpokaneSwingBridge,81.5,73.94
SpokaneSwingBridge,81.5,74.08
SpokaneSwingBridge,81.6,74.19
SpokaneSwingBridge,81.7,74.27
SpokaneSwingBridge,81.8,74.21
MagnoliaBridge,84.1,67.87
MagnoliaBridge,84.1,67.89
MagnoliaBridge,84.1,67.89
MagnoliaBridge,84,67.83
MagnoliaBridge,84,67.87
MagnoliaBridge,84,68.06
MagnoliaBridge,84,68.15
MagnoliaBridge,84,68.26
MagnoliaBridge,84,68.48
MagnoliaBridge,84.1,68.69
MagnoliaBridge,84.2,68.83
MagnoliaBridge,84.3,69.04
MagnoliaBridge,84.4,69.11
MagnoliaBridge,84.5,68.97
MagnoliaBridge,84.6,68.91
HarborAveUpperNorthBridge,81.1,73.43
HarborAveUpperNorthBridge,81.1,73.5
HarborAveUpperNorthBridge,81.1,73.58
HarborAveUpperNorthBridge,81.1,73.66
HarborAveUpperNorthBridge,81.2,73.74
HarborAveUpperNorthBridge,81.2,73.85
HarborAveUpperNorthBridge,81.2,73.98
HarborAveUpperNorthBridge,81.3,73.93
HarborAveUpperNorthBridge,81.3,73.87
HarborAveUpperNorthBridge,81.4,73.84
HarborAveUpperNorthBridge,81.5,73.94
HarborAveUpperNorthBridge,81.5,74.08
HarborAveUpperNorthBridge,81.6,74.19
HarborAveUpperNorthBridge,81.7,74.27
HarborAveUpperNorthBridge,81.8,74.21
MagnoliaBridge,77.25,63.96
MagnoliaBridge,77.36,63.96
MagnoliaBridge,77.48,64.01
MagnoliaBridge,77.61,64.18
MagnoliaBridge,77.77,64.41
MagnoliaBridge,77.98,64.61
MagnoliaBridge,78.17,64.84
MagnoliaBridge,78.34,65.02
MagnoliaBridge,78.51,65.13
MagnoliaBridge,78.67,65
MagnoliaBridge,78.81,64.85
AlbroPlaceAirportWay,80.8,72.34
AlbroPlaceAirportWay,80.8,72.54
AlbroPlaceAirportWay,80.8,72.57
AlbroPlaceAirportWay,80.8,72.62
AlbroPlaceAirportWay,80.8,72.47
AlbroPlaceAirportWay,80.8,72.35
AlbroPlaceAirportWay,80.8,72.4
AlbroPlaceAirportWay,80.8,72.23
AlbroPlaceAirportWay,80.8,72.24
AlbroPlaceAirportWay,80.8,71.9
AlbroPlaceAirportWay,80.8,71.85
AlbroPlaceAirportWay,80.8,71.94
AlbroPlaceAirportWay,80.8,71.95
AlbroPlaceAirportWay,80.8,72.07
AlbroPlaceAirportWay,80.8,71.99
RooseveltWay_NE80thSt,83.8,83.8
RooseveltWay_NE80thSt,84,84
RooseveltWay_NE80thSt,84.1,84.1
RooseveltWay_NE80thSt,84.1,84.1
RooseveltWay_NE80thSt,84.2,84.2
RooseveltWay_NE80thSt,84.4,84.4
RooseveltWay_NE80thSt,84.5,84.5
RooseveltWay_NE80thSt,84.7,84.7
RooseveltWay_NE80thSt,84.8,84.8
RooseveltWay_NE80thSt,85,85
RooseveltWay_NE80thSt,85.2,85.2
RooseveltWay_NE80thSt,85.4,85.4
RooseveltWay_NE80thSt,85.6,85.6
RooseveltWay_NE80thSt,85.8,85.8
RooseveltWay_NE80thSt,86.1,86.1
MagnoliaBridge,80.6,66.34
MagnoliaBridge,80.6,66.32
MagnoliaBridge,80.7,66.3
MagnoliaBridge,80.7,66.37
MagnoliaBridge,80.8,66.66
MagnoliaBridge,80.9,66.84
MagnoliaBridge,80.9,66.8
MagnoliaBridge,81,66.7
MagnoliaBridge,81,66.69
MagnoliaBridge,81.1,66.86
MagnoliaBridge,81.1,66.95
MagnoliaBridge,81.2,67.25
MagnoliaBridge,81.3,67.33
MagnoliaBridge,81.4,67.27
MagnoliaBridge,81.5,67.45
AlbroPlaceAirportWay,81,72.2
AlbroPlaceAirportWay,81,72.21
AlbroPlaceAirportWay,81.1,72.07
AlbroPlaceAirportWay,81.1,72.02
AlbroPlaceAirportWay,81.1,71.89
AlbroPlaceAirportWay,81.1,71.99
AlbroPlaceAirportWay,81.1,72.11
AlbroPlaceAirportWay,81.1,72.14
AlbroPlaceAirportWay,81.1,72.17
AlbroPlaceAirportWay,81.1,72.19
AlbroPlaceAirportWay,81.1,72.2
AlbroPlaceAirportWay,81.1,72.24
AlbroPlaceAirportWay,81.1,72.28
AlbroPlaceAirportWay,81.1,72.42
AlbroPlaceAirportWay,81.1,72.56
RooseveltWay_NE80thSt,91.1,91.1
RooseveltWay_NE80thSt,91.2,91.2
RooseveltWay_NE80thSt,91.4,91.4
RooseveltWay_NE80thSt,91.6,91.6
RooseveltWay_NE80thSt,91.8,91.8
RooseveltWay_NE80thSt,92,92
RooseveltWay_NE80thSt,92.1,92.1
RooseveltWay_NE80thSt,92.2,92.2
RooseveltWay_NE80thSt,92.2,92.2
RooseveltWay_NE80thSt,92.2,92.2
RooseveltWay_NE80thSt,92,92
RooseveltWay_NE80thSt,92,92
RooseveltWay_NE80thSt,91.9,91.9
RooseveltWay_NE80thSt,91.8,91.8
RooseveltWay_NE80thSt,91.8,91.8
MagnoliaBridge,85.5,68.82
MagnoliaBridge,85.4,68.61
MagnoliaBridge,85.3,68.32
MagnoliaBridge,85.2,68.14
MagnoliaBridge,85,68.04
MagnoliaBridge,84.9,67.89
MagnoliaBridge,84.8,67.69
MagnoliaBridge,84.7,67.91
MagnoliaBridge,84.6,68.12
MagnoliaBridge,84.5,68.2
MagnoliaBridge,84.4,68.24
MagnoliaBridge,84.4,68.27
MagnoliaBridge,84.3,68.34
MagnoliaBridge,84.3,68.37
MagnoliaBridge,84.2,68.27
HarborAveUpperNorthBridge,81.2,72.84
RooseveltWay_NE80thSt,83.1,83.1
RooseveltWay_NE80thSt,83.1,83.1
RooseveltWay_NE80thSt,83.1,83.1
RooseveltWay_NE80thSt,83.1,83.1
RooseveltWay_NE80thSt,83.2,83.2
RooseveltWay_NE80thSt,83.2,83.2
RooseveltWay_NE80thSt,83.3,83.3
RooseveltWay_NE80thSt,83.4,83.4
RooseveltWay_NE80thSt,83.5,83.5
RooseveltWay_NE80thSt,83.7,83.7
RooseveltWay_NE80thSt,83.8,83.8
RooseveltWay_NE80thSt,84,84
RooseveltWay_NE80thSt,84.1,84.1
RooseveltWay_NE80thSt,84.1,84.1
RooseveltWay_NE80thSt,84.2,84.2
MagnoliaBridge,80,66.19
MagnoliaBridge,80.1,66.33
MagnoliaBridge,80.1,66.41
MagnoliaBridge,80.2,66.4
MagnoliaBridge,80.3,66.35
MagnoliaBridge,80.3,66.32
MagnoliaBridge,80.4,66.26
MagnoliaBridge,80.4,66.43
MagnoliaBridge,80.5,66.51
MagnoliaBridge,80.5,66.42
MagnoliaBridge,80.6,66.34
MagnoliaBridge,80.6,66.32
MagnoliaBridge,80.7,66.3
MagnoliaBridge,80.7,66.37
MagnoliaBridge,80.8,66.66
HarborAveUpperNorthBridge,79.18,71.42
HarborAveUpperNorthBridge,79.21,71.29
HarborAveUpperNorthBridge,79.24,71.35
HarborAveUpperNorthBridge,79.27,71.45
HarborAveUpperNorthBridge,79.31,71.51
HarborAveUpperNorthBridge,79.32,71.3
HarborAveUpperNorthBridge,79.37,71.04
HarborAveUpperNorthBridge,79.4,71
HarborAveUpperNorthBridge,79.44,71.16
HarborAveUpperNorthBridge,79.49,71.34
HarborAveUpperNorthBridge,79.54,71.44
HarborAveUpperNorthBridge,79.59,71.54
HarborAveUpperNorthBridge,79.65,71.53
HarborAveUpperNorthBridge,79.71,71.65
HarborAveUpperNorthBridge,79.76,71.73
AlbroPlaceAirportWay,81.9,73.45
AlbroPlaceAirportWay,81.9,73.54
AlbroPlaceAirportWay,81.9,73.7
AlbroPlaceAirportWay,81.9,73.68
AlbroPlaceAirportWay,81.9,73.65
AlbroPlaceAirportWay,81.9,73.7
AlbroPlaceAirportWay,82,73.72
AlbroPlaceAirportWay,82,73.76
AlbroPlaceAirportWay,82,73.81
AlbroPlaceAirportWay,82,73.82
AlbroPlaceAirportWay,82,73.8
AlbroPlaceAirportWay,82,73.83
AlbroPlaceAirportWay,82,73.89
AlbroPlaceAirportWay,82,73.88
AlbroPlaceAirportWay,82,73.96
SpokaneSwingBridge,84.5,74.06
SpokaneSwingBridge,84.5,74.04
SpokaneSwingBridge,84.4,74.01
SpokaneSwingBridge,84.4,73.9
SpokaneSwingBridge,84.4,73.84
SpokaneSwingBridge,84.3,73.75
SpokaneSwingBridge,84.3,73.76
SpokaneSwingBridge,84.3,73.76
SpokaneSwingBridge,84.2,73.82
SpokaneSwingBridge,84.2,73.87
SpokaneSwingBridge,84.2,73.85
SpokaneSwingBridge,84.2,73.84
SpokaneSwingBridge,84.1,73.81
SpokaneSwingBridge,84.1,73.75
SpokaneSwingBridge,84.1,73.67
SpokaneSwingBridge,80.7,72.72
SpokaneSwingBridge,80.7,72.74
SpokaneSwingBridge,80.8,72.77
SpokaneSwingBridge,80.8,72.73
SpokaneSwingBridge,80.9,72.72
SpokaneSwingBridge,80.9,72.73
SpokaneSwingBridge,81,72.74
SpokaneSwingBridge,81,72.71
SpokaneSwingBridge,81,72.7
SpokaneSwingBridge,81,72.73
SpokaneSwingBridge,81,72.79
SpokaneSwingBridge,81,72.85
SpokaneSwingBridge,81,72.89
SpokaneSwingBridge,81.1,72.95
SpokaneSwingBridge,81.1,72.98
MagnoliaBridge,83.2,69.07
MagnoliaBridge,83.4,69.27
MagnoliaBridge,83.7,69.7
MagnoliaBridge,84.1,69.79
MagnoliaBridge,84.4,69.82
MagnoliaBridge,84.7,69.9
MagnoliaBridge,85,69.98
MagnoliaBridge,85.1,69.86
MagnoliaBridge,85.2,69.87
MagnoliaBridge,85.3,69.76
MagnoliaBridge,85.3,69.71
MagnoliaBridge,85.3,69.36
MagnoliaBridge,85.4,69.15
MagnoliaBridge,85.5,69.09
MagnoliaBridge,85.6,68.99
HarborAveUpperNorthBridge,80.7,72.72
HarborAveUpperNorthBridge,80.7,72.74
HarborAveUpperNorthBridge,80.8,72.77
HarborAveUpperNorthBridge,80.8,72.73
HarborAveUpperNorthBridge,80.9,72.72
HarborAveUpperNorthBridge,80.9,72.73
HarborAveUpperNorthBridge,81,72.74
HarborAveUpperNorthBridge,81,72.71
HarborAveUpperNorthBridge,81,72.7
HarborAveUpperNorthBridge,81,72.73
HarborAveUpperNorthBridge,81,72.79
HarborAveUpperNorthBridge,81,72.85
HarborAveUpperNorthBridge,81,72.89
HarborAveUpperNorthBridge,81.1,72.95
HarborAveUpperNorthBridge,81.1,72.98
RooseveltWay_NE80thSt,89,89
RooseveltWay_NE80thSt,88.9,88.9
RooseveltWay_NE80thSt,88.8,88.8
RooseveltWay_NE80thSt,88.6,88.6
RooseveltWay_NE80thSt,88.5,88.5
RooseveltWay_NE80thSt,88.4,88.4
RooseveltWay_NE80thSt,88.4,88.4
RooseveltWay_NE80thSt,88.3,88.3
RooseveltWay_NE80thSt,88.3,88.3
RooseveltWay_NE80thSt,88.3,88.3
RooseveltWay_NE80thSt,88.4,88.4
RooseveltWay_NE80thSt,88.4,88.4
RooseveltWay_NE80thSt,88.5,88.5
RooseveltWay_NE80thSt,88.6,88.6
RooseveltWay_NE80thSt,88.7,88.7
AlbroPlaceAirportWay,81.4,74.64
AlbroPlaceAirportWay,81.4,74.85
AlbroPlaceAirportWay,81.4,74.95
AlbroPlaceAirportWay,81.4,74.95
AlbroPlaceAirportWay,81.4,74.86
AlbroPlaceAirportWay,81.4,74.75
AlbroPlaceAirportWay,81.4,74.7
AlbroPlaceAirportWay,81.4,74.67
AlbroPlaceAirportWay,81.4,74.66
AlbroPlaceAirportWay,81.4,74.65
AlbroPlaceAirportWay,81.4,74.51
AlbroPlaceAirportWay,81.4,74.35
AlbroPlaceAirportWay,81.4,74.23
AlbroPlaceAirportWay,81.4,74.09
AlbroPlaceAirportWay,81.4,73.96
SpokaneSwingBridge,81.5,73.94
SpokaneSwingBridge,81.5,74.08
SpokaneSwingBridge,81.6,74.19
SpokaneSwingBridge,81.7,74.27
SpokaneSwingBridge,81.8,74.21
SpokaneSwingBridge,81.9,74.3
SpokaneSwingBridge,82.1,74.45
SpokaneSwingBridge,82.3,74.56
SpokaneSwingBridge,82.5,74.66
SpokaneSwingBridge,82.7,74.76
SpokaneSwingBridge,82.9,74.86
SpokaneSwingBridge,83.1,74.97
SpokaneSwingBridge,83.3,75.08
SpokaneSwingBridge,83.5,75.11
SpokaneSwingBridge,83.7,75.09
AlbroPlaceAirportWay,81.4,74.51
AlbroPlaceAirportWay,81.4,74.35
AlbroPlaceAirportWay,81.4,74.23
AlbroPlaceAirportWay,81.4,74.09
AlbroPlaceAirportWay,81.4,73.96
AlbroPlaceAirportWay,81.4,73.96
AlbroPlaceAirportWay,81.4,74.04
AlbroPlaceAirportWay,81.4,74.1
AlbroPlaceAirportWay,81.5,74.11
AlbroPlaceAirportWay,81.5,74.03
RooseveltWay_NE80thSt,82.8,82.8
RooseveltWay_NE80thSt,82.9,82.9
RooseveltWay_NE80thSt,83,83
RooseveltWay_NE80thSt,83.1,83.1
RooseveltWay_NE80thSt,83.1,83.1
RooseveltWay_NE80thSt,83.2,83.2
RooseveltWay_NE80thSt,83.2,83.2
RooseveltWay_NE80thSt,83.2,83.2
RooseveltWay_NE80thSt,83.2,83.2
RooseveltWay_NE80thSt,83.1,83.1
RooseveltWay_NE80thSt,83.1,83.1
RooseveltWay_NE80thSt,83.1,83.1
RooseveltWay_NE80thSt,83.1,83.1
RooseveltWay_NE80thSt,83.1,83.1
RooseveltWay_NE80thSt,83.2,83.2
HarborAveUpperNorthBridge,78.55,70.66
HarborAveUpperNorthBridge,78.64,70.67
HarborAveUpperNorthBridge,78.73,70.7
HarborAveUpperNorthBridge,78.8,70.84
HarborAveUpperNorthBridge,78.87,71.02
HarborAveUpperNorthBridge,78.93,71.02
HarborAveUpperNorthBridge,78.99,70.97
HarborAveUpperNorthBridge,79.04,71.15
HarborAveUpperNorthBridge,79.09,71.34
HarborAveUpperNorthBridge,79.13,71.5
HarborAveUpperNorthBridge,79.18,71.42
HarborAveUpperNorthBridge,79.21,71.29
HarborAveUpperNorthBridge,79.24,71.35
HarborAveUpperNorthBridge,79.27,71.45
HarborAveUpperNorthBridge,79.31,71.51
MagnoliaBridge,79.39,65.27
MagnoliaBridge,79.46,65.43
MagnoliaBridge,79.53,65.47
MagnoliaBridge,79.57,65.62
MagnoliaBridge,79.64,65.71
MagnoliaBridge,79.69,65.63
MagnoliaBridge,79.75,65.7
MagnoliaBridge,79.81,65.84
MagnoliaBridge,79.87,65.95
MagnoliaBridge,79.93,66.02
MagnoliaBridge,80,66.19
MagnoliaBridge,80.1,66.33
MagnoliaBridge,80.1,66.41
MagnoliaBridge,80.2,66.4
MagnoliaBridge,80.3,66.35
SpokaneSwingBridge,72.73,68.92
SpokaneSwingBridge,72.74,68.85
SpokaneSwingBridge,72.74,68.81
SpokaneSwingBridge,72.75,68.67
SpokaneSwingBridge,72.78,68.64
SpokaneSwingBridge,72.79,68.65
SpokaneSwingBridge,72.8,68.74
SpokaneSwingBridge,72.84,68.87
SpokaneSwingBridge,72.85,68.97
SpokaneSwingBridge,72.89,68.99
SpokaneSwingBridge,72.9,69.01
SpokaneSwingBridge,72.95,69.02
SpokaneSwingBridge,72.99,69.06
SpokaneSwingBridge,73.02,69.13
SpokaneSwingBridge,73.07,69.07
AlbroPlaceAirportWay,81,69.33
AlbroPlaceAirportWay,81,69.18
AlbroPlaceAirportWay,81,69.21
AlbroPlaceAirportWay,81,69.19
AlbroPlaceAirportWay,81,69.01
AlbroPlaceAirportWay,81,68.98
AlbroPlaceAirportWay,81,69.05
AlbroPlaceAirportWay,81,69.11
AlbroPlaceAirportWay,81,69.17
AlbroPlaceAirportWay,81,69.14
AlbroPlaceAirportWay,81,69.02
AlbroPlaceAirportWay,80.9,68.98
AlbroPlaceAirportWay,80.9,69.03
AlbroPlaceAirportWay,80.9,69
AlbroPlaceAirportWay,80.9,68.97
HarborAveUpperNorthBridge,81.2,72.81
HarborAveUpperNorthBridge,81.2,72.7
HarborAveUpperNorthBridge,81.2,72.71
HarborAveUpperNorthBridge,81.2,72.76
HarborAveUpperNorthBridge,81.2,72.82
HarborAveUpperNorthBridge,81.2,72.9
HarborAveUpperNorthBridge,81.2,72.96
HarborAveUpperNorthBridge,81.2,72.97
HarborAveUpperNorthBridge,81.2,72.88
HarborAveUpperNorthBridge,81.1,72.83
HarborAveUpperNorthBridge,81.1,72.86
HarborAveUpperNorthBridge,81.1,72.79
HarborAveUpperNorthBridge,81.1,72.72
HarborAveUpperNorthBridge,81.1,72.78
AlbroPlaceAirportWay,81.2,72.89
AlbroPlaceAirportWay,81.2,72.87
AlbroPlaceAirportWay,81.2,72.78
AlbroPlaceAirportWay,81.2,72.67
AlbroPlaceAirportWay,81.2,72.6
AlbroPlaceAirportWay,81.2,72.46
AlbroPlaceAirportWay,81.2,72.48
AlbroPlaceAirportWay,81.2,72.59
AlbroPlaceAirportWay,81.3,72.83
AlbroPlaceAirportWay,81.3,73.08
AlbroPlaceAirportWay,81.3,73.34
AlbroPlaceAirportWay,81.3,73.57
AlbroPlaceAirportWay,81.3,73.78
AlbroPlaceAirportWay,81.3,73.78
AlbroPlaceAirportWay,81.3,73.98
SpokaneSwingBridge,81.1,73.03
SpokaneSwingBridge,81.1,73.04
SpokaneSwingBridge,81.1,73.02
SpokaneSwingBridge,81.1,72.99
SpokaneSwingBridge,81.1,72.99
SpokaneSwingBridge,81,73.01
SpokaneSwingBridge,81,73.07
SpokaneSwingBridge,81,73.16
SpokaneSwingBridge,81.1,73.24
SpokaneSwingBridge,81.1,73.34
SpokaneSwingBridge,81.1,73.43
SpokaneSwingBridge,81.1,73.5
SpokaneSwingBridge,81.1,73.58
SpokaneSwingBridge,81.1,73.66
SpokaneSwingBridge,81.2,73.74
SpokaneSwingBridge,72.3,68.29
SpokaneSwingBridge,72.32,68.36
SpokaneSwingBridge,72.35,68.35
SpokaneSwingBridge,72.37,68.43
SpokaneSwingBridge,72.4,68.56
SpokaneSwingBridge,72.42,68.68
SpokaneSwingBridge,72.45,68.78
SpokaneSwingBridge,72.48,68.87
SpokaneSwingBridge,72.49,68.94
SpokaneSwingBridge,72.53,69.05
SpokaneSwingBridge,72.55,69.16
SpokaneSwingBridge,72.57,69.24
SpokaneSwingBridge,72.58,69.22
SpokaneSwingBridge,72.61,69.18
SpokaneSwingBridge,72.63,69.21
AlbroPlaceAirportWay,81.1,69.1
AlbroPlaceAirportWay,81.1,69.05
AlbroPlaceAirportWay,81.1,69.02
AlbroPlaceAirportWay,81.1,68.89
AlbroPlaceAirportWay,81,68.93
AlbroPlaceAirportWay,81,69.04
AlbroPlaceAirportWay,81,69.16
AlbroPlaceAirportWay,81,69.26
AlbroPlaceAirportWay,81,69.3
AlbroPlaceAirportWay,81,69.35
AlbroPlaceAirportWay,81,69.33
AlbroPlaceAirportWay,81,69.18
AlbroPlaceAirportWay,81,69.21
AlbroPlaceAirportWay,81,69.19
AlbroPlaceAirportWay,81,69.01
SpokaneSwingBridge,72.67,68.99
SpokaneSwingBridge,72.68,68.97
SpokaneSwingBridge,72.68,68.99
SpokaneSwingBridge,72.68,69.03
SpokaneSwingBridge,72.68,69.09
SpokaneSwingBridge,72.68,69.14
SpokaneSwingBridge,72.69,69.14
SpokaneSwingBridge,72.7,69.09
SpokaneSwingBridge,72.71,69
SpokaneSwingBridge,72.72,68.94
SpokaneSwingBridge,72.73,68.92
SpokaneSwingBridge,72.74,68.85
SpokaneSwingBridge,72.74,68.81
SpokaneSwingBridge,72.75,68.67
SpokaneSwingBridge,72.78,68.64
RooseveltWay_NE80thSt,75.92,75.92
RooseveltWay_NE80thSt,75.93,75.93
RooseveltWay_NE80thSt,75.94,75.94
RooseveltWay_NE80thSt,75.95,75.95
RooseveltWay_NE80thSt,75.95,75.95
RooseveltWay_NE80thSt,75.96,75.96
RooseveltWay_NE80thSt,75.97,75.97
RooseveltWay_NE80thSt,75.98,75.98
RooseveltWay_NE80thSt,76,76
RooseveltWay_NE80thSt,76.01,76.01
RooseveltWay_NE80thSt,76.02,76.02
RooseveltWay_NE80thSt,76.04,76.04
RooseveltWay_NE80thSt,76.06,76.06
RooseveltWay_NE80thSt,76.06,76.06
RooseveltWay_NE80thSt,76.09,76.09
HarborAveUpperNorthBridge,72.67,68.99
HarborAveUpperNorthBridge,72.68,68.97
HarborAveUpperNorthBridge,72.68,68.99
HarborAveUpperNorthBridge,72.68,69.03
HarborAveUpperNorthBridge,72.68,69.09
HarborAveUpperNorthBridge,72.68,69.14
HarborAveUpperNorthBridge,72.69,69.14
HarborAveUpperNorthBridge,72.7,69.09
HarborAveUpperNorthBridge,72.71,69
HarborAveUpperNorthBridge,72.72,68.94
HarborAveUpperNorthBridge,72.73,68.92
HarborAveUpperNorthBridge,72.74,68.85
HarborAveUpperNorthBridge,72.74,68.81
HarborAveUpperNorthBridge,72.75,68.67
HarborAveUpperNorthBridge,72.78,68.64
MagnoliaBridge,72.81,61.88
MagnoliaBridge,72.82,61.95
MagnoliaBridge,72.82,62.01
MagnoliaBridge,72.82,62.04
MagnoliaBridge,72.82,62.08
MagnoliaBridge,72.85,62.13
MagnoliaBridge,72.85,62.2
MagnoliaBridge,72.85,62.28
MagnoliaBridge,72.85,62.33
MagnoliaBridge,72.85,62.38
MagnoliaBridge,72.85,62.53
MagnoliaBridge,72.9,62.55
MagnoliaBridge,72.91,62.54
MagnoliaBridge,72.94,62.62
MagnoliaBridge,72.95,62.62
MagnoliaBridge,84.1,68.58
AlbroPlaceAirportWay,81.8,67.68
AlbroPlaceAirportWay,81.7,67.7
AlbroPlaceAirportWay,81.7,67.64
AlbroPlaceAirportWay,81.7,67.61
AlbroPlaceAirportWay,81.7,67.7
AlbroPlaceAirportWay,81.7,67.78
AlbroPlaceAirportWay,81.7,67.82
AlbroPlaceAirportWay,81.7,67.77
AlbroPlaceAirportWay,81.6,67.69
AlbroPlaceAirportWay,81.6,67.73
AlbroPlaceAirportWay,81.6,67.81
AlbroPlaceAirportWay,81.6,67.79
AlbroPlaceAirportWay,81.6,67.74
AlbroPlaceAirportWay,81.6,67.65
AlbroPlaceAirportWay,81.6,67.57
SpokaneSwingBridge,71.37,67.69
SpokaneSwingBridge,71.39,67.73
SpokaneSwingBridge,71.41,67.81
SpokaneSwingBridge,71.42,67.77
SpokaneSwingBridge,71.42,67.79
SpokaneSwingBridge,71.45,67.8
SpokaneSwingBridge,71.46,67.77
SpokaneSwingBridge,71.47,67.78
SpokaneSwingBridge,71.5,67.82
SpokaneSwingBridge,71.51,67.85
SpokaneSwingBridge,71.54,67.81
SpokaneSwingBridge,71.56,67.84
SpokaneSwingBridge,71.56,67.91
SpokaneSwingBridge,71.59,68.03
SpokaneSwingBridge,71.61,68.11
RooseveltWay_NE80thSt,73.55,73.55
RooseveltWay_NE80thSt,73.6,73.6
RooseveltWay_NE80thSt,73.66,73.66
RooseveltWay_NE80thSt,73.73,73.73
RooseveltWay_NE80thSt,73.81,73.81
RooseveltWay_NE80thSt,73.89,73.89
RooseveltWay_NE80thSt,73.96,73.96
RooseveltWay_NE80thSt,74.03,74.03
RooseveltWay_NE80thSt,74.11,74.11
RooseveltWay_NE80thSt,74.17,74.17
RooseveltWay_NE80thSt,74.24,74.24
RooseveltWay_NE80thSt,74.29,74.29
RooseveltWay_NE80thSt,74.34,74.34
RooseveltWay_NE80thSt,74.39,74.39
RooseveltWay_NE80thSt,74.4,74.4
HarborAveUpperNorthBridge,71.37,67.69
HarborAveUpperNorthBridge,71.39,67.73
HarborAveUpperNorthBridge,71.41,67.81
HarborAveUpperNorthBridge,71.42,67.77
HarborAveUpperNorthBridge,71.42,67.79
HarborAveUpperNorthBridge,71.45,67.8
HarborAveUpperNorthBridge,71.46,67.77
HarborAveUpperNorthBridge,71.47,67.78
HarborAveUpperNorthBridge,71.5,67.82
HarborAveUpperNorthBridge,71.51,67.85
HarborAveUpperNorthBridge,71.54,67.81
HarborAveUpperNorthBridge,71.56,67.84
HarborAveUpperNorthBridge,71.56,67.91
HarborAveUpperNorthBridge,71.59,68.03
HarborAveUpperNorthBridge,71.61,68.11
MagnoliaBridge,71.63,64
MagnoliaBridge,71.68,64.04
MagnoliaBridge,71.74,64
MagnoliaBridge,71.79,63.87
MagnoliaBridge,71.83,63.65
MagnoliaBridge,71.87,63.53
MagnoliaBridge,71.9,63.57
MagnoliaBridge,71.93,63.5
MagnoliaBridge,71.97,63.32
MagnoliaBridge,72.02,63.14
MagnoliaBridge,72.03,63.04
MagnoliaBridge,72.08,63.03
MagnoliaBridge,72.09,63.08
MagnoliaBridge,72.13,63.05
MagnoliaBridge,72.13,63.11
AlbroPlaceAirportWay,81.5,68.2
AlbroPlaceAirportWay,81.5,68.13
AlbroPlaceAirportWay,81.5,67.94
AlbroPlaceAirportWay,81.5,67.78
AlbroPlaceAirportWay,81.5,67.78
AlbroPlaceAirportWay,81.5,67.78
AlbroPlaceAirportWay,81.5,67.73
AlbroPlaceAirportWay,81.5,67.72
AlbroPlaceAirportWay,81.5,67.76
AlbroPlaceAirportWay,81.5,67.82
AlbroPlaceAirportWay,81.4,67.95
AlbroPlaceAirportWay,81.4,68.03
AlbroPlaceAirportWay,81.4,68.11
AlbroPlaceAirportWay,81.4,68.15
AlbroPlaceAirportWay,81.4,68.05
SpokaneSwingBridge,73.47,69.4
SpokaneSwingBridge,73.55,69.44
SpokaneSwingBridge,73.65,69.46
SpokaneSwingBridge,73.73,69.49
SpokaneSwingBridge,73.81,69.55
SpokaneSwingBridge,73.89,69.59
SpokaneSwingBridge,73.97,69.65
SpokaneSwingBridge,74.06,69.73
SpokaneSwingBridge,74.14,69.68
SpokaneSwingBridge,74.24,69.64
SpokaneSwingBridge,74.33,69.73
SpokaneSwingBridge,74.43,69.73
SpokaneSwingBridge,74.52,69.81
SpokaneSwingBridge,74.61,69.84
SpokaneSwingBridge,74.71,69.94
AlbroPlaceAirportWay,80.7,71.49
AlbroPlaceAirportWay,80.7,71.45
AlbroPlaceAirportWay,80.7,71.52
AlbroPlaceAirportWay,80.7,71.45
AlbroPlaceAirportWay,80.7,71.27
AlbroPlaceAirportWay,80.7,71.17
AlbroPlaceAirportWay,80.7,71.14
AlbroPlaceAirportWay,80.7,71.18
AlbroPlaceAirportWay,80.7,71.28
AlbroPlaceAirportWay,80.7,71.25
AlbroPlaceAirportWay,80.7,71.2
AlbroPlaceAirportWay,80.7,71.16
AlbroPlaceAirportWay,80.7,71.07
AlbroPlaceAirportWay,80.7,70.91
AlbroPlaceAirportWay,80.7,70.85
RooseveltWay_NE80thSt,79.03,79.03
RooseveltWay_NE80thSt,79.13,79.13
RooseveltWay_NE80thSt,79.23,79.23
RooseveltWay_NE80thSt,79.33,79.33
RooseveltWay_NE80thSt,79.43,79.43
RooseveltWay_NE80thSt,79.54,79.54
RooseveltWay_NE80thSt,79.65,79.65
RooseveltWay_NE80thSt,79.76,79.76
RooseveltWay_NE80thSt,79.87,79.87
RooseveltWay_NE80thSt,79.98,79.98
RooseveltWay_NE80thSt,80.1,80.1
RooseveltWay_NE80thSt,80.2,80.2
RooseveltWay_NE80thSt,80.3,80.3
RooseveltWay_NE80thSt,80.4,80.4
RooseveltWay_NE80thSt,80.5,80.5
HarborAveUpperNorthBridge,76.77,70.27
HarborAveUpperNorthBridge,76.85,70.25
HarborAveUpperNorthBridge,76.96,70.22
HarborAveUpperNorthBridge,77.08,70.28
HarborAveUpperNorthBridge,77.19,70.34
HarborAveUpperNorthBridge,77.29,70.36
HarborAveUpperNorthBridge,77.37,70.38
HarborAveUpperNorthBridge,77.43,70.44
HarborAveUpperNorthBridge,77.49,70.35
HarborAveUpperNorthBridge,77.54,70.19
HarborAveUpperNorthBridge,77.58,69.85
HarborAveUpperNorthBridge,77.62,69.64
HarborAveUpperNorthBridge,77.65,69.51
HarborAveUpperNorthBridge,77.67,69.45
HarborAveUpperNorthBridge,77.71,69.61
MagnoliaBridge,76.52,63.07
MagnoliaBridge,76.57,63.01
MagnoliaBridge,76.61,63.04
MagnoliaBridge,76.69,63.15
MagnoliaBridge,76.75,63.22
MagnoliaBridge,76.81,63.23
MagnoliaBridge,76.83,63.19
MagnoliaBridge,76.85,63.23
MagnoliaBridge,76.88,63.27
MagnoliaBridge,76.9,63.4
MagnoliaBridge,76.94,63.49
MagnoliaBridge,77,63.62
MagnoliaBridge,77.07,63.68
MagnoliaBridge,77.14,63.88
MagnoliaBridge,77.25,63.96
MagnoliaBridge,77,63.62
MagnoliaBridge,77.07,63.68
RooseveltWay_NE80thSt,85.5,85.5
RooseveltWay_NE80thSt,85.5,85.5
RooseveltWay_NE80thSt,85.5,85.5
RooseveltWay_NE80thSt,85.5,85.5
RooseveltWay_NE80thSt,85.5,85.5
RooseveltWay_NE80thSt,85.5,85.5
RooseveltWay_NE80thSt,85.5,85.5
RooseveltWay_NE80thSt,85.4,85.4
RooseveltWay_NE80thSt,85.4,85.4
RooseveltWay_NE80thSt,85.4,85.4
RooseveltWay_NE80thSt,85.4,85.4
RooseveltWay_NE80thSt,85.4,85.4
RooseveltWay_NE80thSt,85.4,85.4
RooseveltWay_NE80thSt,85.3,85.3
RooseveltWay_NE80thSt,85.3,85.3
MagnoliaBridge,84,67.55
MagnoliaBridge,84,67.64
MagnoliaBridge,83.9,67.78
MagnoliaBridge,83.9,67.82
MagnoliaBridge,83.9,67.94
MagnoliaBridge,83.8,67.99
MagnoliaBridge,83.8,68.04
MagnoliaBridge,83.7,68.09
MagnoliaBridge,83.7,68.12
MagnoliaBridge,83.7,68.13
MagnoliaBridge,83.7,68.08
MagnoliaBridge,83.6,68.01
MagnoliaBridge,83.6,67.99
MagnoliaBridge,83.6,68.06
MagnoliaBridge,83.6,68.06
RooseveltWay_NE80thSt,85.8,85.8
RooseveltWay_NE80thSt,85.8,85.8
RooseveltWay_NE80thSt,85.7,85.7
RooseveltWay_NE80thSt,85.7,85.7
RooseveltWay_NE80thSt,85.7,85.7
RooseveltWay_NE80thSt,85.7,85.7
RooseveltWay_NE80thSt,85.6,85.6
RooseveltWay_NE80thSt,85.6,85.6
RooseveltWay_NE80thSt,85.6,85.6
RooseveltWay_NE80thSt,85.6,85.6
RooseveltWay_NE80thSt,85.6,85.6
RooseveltWay_NE80thSt,85.6,85.6
RooseveltWay_NE80thSt,85.6,85.6
RooseveltWay_NE80thSt,85.6,85.6
RooseveltWay_NE80thSt,85.6,85.6
MagnoliaBridge,86.3,69.38
MagnoliaBridge,86.3,69.27
MagnoliaBridge,86.3,69.21
MagnoliaBridge,86.2,69.12
MagnoliaBridge,86.1,69.04
MagnoliaBridge,86,68.97
MagnoliaBridge,85.9,68.95
MagnoliaBridge,85.8,68.87
MagnoliaBridge,85.8,68.77
MagnoliaBridge,85.7,68.65
MagnoliaBridge,85.6,68.36
MagnoliaBridge,85.5,68.28
MagnoliaBridge,85.4,68.21
MagnoliaBridge,85.3,68.13
MagnoliaBridge,85.2,68.05
HarborAveUpperNorthBridge,84.7,74.44
HarborAveUpperNorthBridge,84.7,74.13
HarborAveUpperNorthBridge,84.7,73.93
HarborAveUpperNorthBridge,84.7,73.72
HarborAveUpperNorthBridge,84.6,73.64
HarborAveUpperNorthBridge,84.6,73.72
HarborAveUpperNorthBridge,84.6,73.8
HarborAveUpperNorthBridge,84.6,73.88
HarborAveUpperNorthBridge,84.6,73.95
HarborAveUpperNorthBridge,84.5,74.03
HarborAveUpperNorthBridge,84.5,74.06
HarborAveUpperNorthBridge,84.5,74.04
HarborAveUpperNorthBridge,84.4,74.01
HarborAveUpperNorthBridge,84.4,73.9
HarborAveUpperNorthBridge,84.4,73.84
AlbroPlaceAirportWay,81.6,67.81
AlbroPlaceAirportWay,81.6,67.79
AlbroPlaceAirportWay,81.6,67.74
AlbroPlaceAirportWay,81.6,67.65
AlbroPlaceAirportWay,81.6,67.57
AlbroPlaceAirportWay,81.6,67.58
AlbroPlaceAirportWay,81.6,67.7
AlbroPlaceAirportWay,81.6,67.92
AlbroPlaceAirportWay,81.6,67.99
AlbroPlaceAirportWay,81.5,68.12
AlbroPlaceAirportWay,81.5,68.2
AlbroPlaceAirportWay,81.5,68.13
AlbroPlaceAirportWay,81.5,67.94
AlbroPlaceAirportWay,81.5,67.78
AlbroPlaceAirportWay,81.5,67.78
RooseveltWay_NE80thSt,74.24,74.24
RooseveltWay_NE80thSt,74.29,74.29
RooseveltWay_NE80thSt,74.34,74.34
RooseveltWay_NE80thSt,74.39,74.39
RooseveltWay_NE80thSt,74.4,74.4
RooseveltWay_NE80thSt,74.44,74.44
RooseveltWay_NE80thSt,74.45,74.45
RooseveltWay_NE80thSt,74.48,74.48
RooseveltWay_NE80thSt,74.5,74.5
RooseveltWay_NE80thSt,74.49,74.49
RooseveltWay_NE80thSt,74.5,74.5
RooseveltWay_NE80thSt,74.5,74.5
RooseveltWay_NE80thSt,74.5,74.5
RooseveltWay_NE80thSt,74.5,74.5
RooseveltWay_NE80thSt,74.5,74.5
MagnoliaBridge,72.03,63.04
MagnoliaBridge,72.08,63.03
MagnoliaBridge,72.09,63.08
MagnoliaBridge,72.13,63.05
MagnoliaBridge,72.13,63.11
MagnoliaBridge,72.18,63.17
MagnoliaBridge,72.19,63.1
MagnoliaBridge,72.22,63.01
MagnoliaBridge,72.24,63.02
MagnoliaBridge,72.27,63.01
MagnoliaBridge,72.29,63.03
MagnoliaBridge,72.33,62.96
MagnoliaBridge,72.34,62.94
MagnoliaBridge,72.34,62.74
MagnoliaBridge,72.34,62.65
HarborAveUpperNorthBridge,71.54,67.81
HarborAveUpperNorthBridge,71.56,67.84
HarborAveUpperNorthBridge,71.56,67.91
HarborAveUpperNorthBridge,71.59,68.03
HarborAveUpperNorthBridge,71.61,68.11
HarborAveUpperNorthBridge,71.63,68.18
HarborAveUpperNorthBridge,71.66,68.2
HarborAveUpperNorthBridge,71.66,68.26
HarborAveUpperNorthBridge,71.7,68.35
HarborAveUpperNorthBridge,71.72,68.42
HarborAveUpperNorthBridge,71.75,68.45
HarborAveUpperNorthBridge,71.76,68.45
HarborAveUpperNorthBridge,71.79,68.48
HarborAveUpperNorthBridge,71.81,68.49
HarborAveUpperNorthBridge,71.83,68.54
SpokaneSwingBridge,71.96,68.52
SpokaneSwingBridge,71.97,68.51
SpokaneSwingBridge,71.99,68.55
SpokaneSwingBridge,72.02,68.56
SpokaneSwingBridge,72.02,68.54
SpokaneSwingBridge,72.05,68.5
SpokaneSwingBridge,72.07,68.53
SpokaneSwingBridge,72.07,68.53
SpokaneSwingBridge,72.1,68.54
SpokaneSwingBridge,72.12,68.43
SpokaneSwingBridge,72.14,68.36
SpokaneSwingBridge,72.16,68.39
SpokaneSwingBridge,72.17,68.45
SpokaneSwingBridge,72.17,68.51
SpokaneSwingBridge,72.2,68.51
RooseveltWay_NE80thSt,74.62,74.62
RooseveltWay_NE80thSt,74.68,74.68
RooseveltWay_NE80thSt,74.74,74.74
RooseveltWay_NE80thSt,74.8,74.8
RooseveltWay_NE80thSt,74.87,74.87
RooseveltWay_NE80thSt,74.94,74.94
RooseveltWay_NE80thSt,75,75
RooseveltWay_NE80thSt,75.05,75.05
RooseveltWay_NE80thSt,75.09,75.09
RooseveltWay_NE80thSt,75.12,75.12
RooseveltWay_NE80thSt,75.15,75.15
RooseveltWay_NE80thSt,75.18,75.18
RooseveltWay_NE80thSt,75.21,75.21
RooseveltWay_NE80thSt,75.23,75.23
RooseveltWay_NE80thSt,75.27,75.27
MagnoliaBridge,72.39,62.48
MagnoliaBridge,72.39,62.58
MagnoliaBridge,72.39,62.58
MagnoliaBridge,72.39,62.52
MagnoliaBridge,72.39,62.47
MagnoliaBridge,72.39,62.41
MagnoliaBridge,72.39,62.4
MagnoliaBridge,72.38,62.28
MagnoliaBridge,72.39,62.12
MagnoliaBridge,72.38,62.05
MagnoliaBridge,72.38,62
MagnoliaBridge,72.36,61.92
MagnoliaBridge,72.36,61.95
MagnoliaBridge,72.37,61.91
MagnoliaBridge,72.39,62.03
HarborAveUpperNorthBridge,71.96,68.52
HarborAveUpperNorthBridge,71.97,68.51
HarborAveUpperNorthBridge,71.99,68.55
HarborAveUpperNorthBridge,72.02,68.56
HarborAveUpperNorthBridge,72.02,68.54
HarborAveUpperNorthBridge,72.05,68.5
HarborAveUpperNorthBridge,72.07,68.53
HarborAveUpperNorthBridge,72.07,68.53
HarborAveUpperNorthBridge,72.1,68.54
HarborAveUpperNorthBridge,72.12,68.43
HarborAveUpperNorthBridge,72.14,68.36
HarborAveUpperNorthBridge,72.16,68.39
HarborAveUpperNorthBridge,72.17,68.45
HarborAveUpperNorthBridge,72.17,68.51
HarborAveUpperNorthBridge,72.2,68.51
AlbroPlaceAirportWay,81.3,68.02
AlbroPlaceAirportWay,81.3,68.01
AlbroPlaceAirportWay,81.3,67.93
AlbroPlaceAirportWay,81.3,67.92
AlbroPlaceAirportWay,81.3,68.02
AlbroPlaceAirportWay,81.3,68.05
AlbroPlaceAirportWay,81.3,68.12
AlbroPlaceAirportWay,81.3,68.16
AlbroPlaceAirportWay,81.3,68.11
AlbroPlaceAirportWay,81.3,68.14
AlbroPlaceAirportWay,81.2,68.23
AlbroPlaceAirportWay,81.2,68.39
AlbroPlaceAirportWay,81.2,68.48
AlbroPlaceAirportWay,81.2,68.54
AlbroPlaceAirportWay,81.2,68.54
SpokaneSwingBridge,72.14,68.36
SpokaneSwingBridge,72.16,68.39
SpokaneSwingBridge,72.17,68.45
SpokaneSwingBridge,72.17,68.51
SpokaneSwingBridge,72.2,68.51
SpokaneSwingBridge,72.22,68.46
SpokaneSwingBridge,72.22,68.3
SpokaneSwingBridge,72.25,68.27
SpokaneSwingBridge,72.27,68.25
SpokaneSwingBridge,72.27,68.24
SpokaneSwingBridge,72.3,68.29
SpokaneSwingBridge,72.32,68.36
SpokaneSwingBridge,72.35,68.35
SpokaneSwingBridge,72.37,68.43
SpokaneSwingBridge,72.4,68.56
RooseveltWay_NE80thSt,75.15,75.15
RooseveltWay_NE80thSt,75.18,75.18
RooseveltWay_NE80thSt,75.21,75.21
RooseveltWay_NE80thSt,75.23,75.23
RooseveltWay_NE80thSt,75.27,75.27
RooseveltWay_NE80thSt,75.31,75.31
RooseveltWay_NE80thSt,75.35,75.35
RooseveltWay_NE80thSt,75.39,75.39
RooseveltWay_NE80thSt,75.43,75.43
RooseveltWay_NE80thSt,75.47,75.47
HarborAveUpperNorthBridge,71.75,68.45
HarborAveUpperNorthBridge,71.76,68.45
HarborAveUpperNorthBridge,71.79,68.48
HarborAveUpperNorthBridge,71.81,68.49
HarborAveUpperNorthBridge,71.83,68.54
HarborAveUpperNorthBridge,71.86,68.62
HarborAveUpperNorthBridge,71.87,68.65
HarborAveUpperNorthBridge,71.88,68.7
HarborAveUpperNorthBridge,71.91,68.74
HarborAveUpperNorthBridge,71.92,68.74
HarborAveUpperNorthBridge,71.96,68.52
HarborAveUpperNorthBridge,71.97,68.51
HarborAveUpperNorthBridge,71.99,68.55
HarborAveUpperNorthBridge,72.02,68.56
HarborAveUpperNorthBridge,72.02,68.54
RooseveltWay_NE80thSt,74.5,74.5
RooseveltWay_NE80thSt,74.5,74.5
RooseveltWay_NE80thSt,74.5,74.5
RooseveltWay_NE80thSt,74.5,74.5
RooseveltWay_NE80thSt,74.5,74.5
RooseveltWay_NE80thSt,74.52,74.52
RooseveltWay_NE80thSt,74.54,74.54
RooseveltWay_NE80thSt,74.55,74.55
RooseveltWay_NE80thSt,74.55,74.55
RooseveltWay_NE80thSt,74.59,74.59
RooseveltWay_NE80thSt,74.62,74.62
RooseveltWay_NE80thSt,74.68,74.68
RooseveltWay_NE80thSt,74.74,74.74
RooseveltWay_NE80thSt,74.8,74.8
RooseveltWay_NE80thSt,74.87,74.87
SpokaneSwingBridge,71.75,68.45
SpokaneSwingBridge,71.76,68.45
SpokaneSwingBridge,71.79,68.48
SpokaneSwingBridge,71.81,68.49
SpokaneSwingBridge,71.83,68.54
SpokaneSwingBridge,71.86,68.62
SpokaneSwingBridge,71.87,68.65
SpokaneSwingBridge,71.88,68.7
SpokaneSwingBridge,71.91,68.74
SpokaneSwingBridge,71.92,68.74
SpokaneSwingBridge,71.96,68.52
SpokaneSwingBridge,71.97,68.51
SpokaneSwingBridge,71.99,68.55
SpokaneSwingBridge,72.02,68.56
SpokaneSwingBridge,72.02,68.54
MagnoliaBridge,72.29,63.03
MagnoliaBridge,72.33,62.96
MagnoliaBridge,72.34,62.94
MagnoliaBridge,72.34,62.74
MagnoliaBridge,72.34,62.65
MagnoliaBridge,72.34,62.62
MagnoliaBridge,72.34,62.54
MagnoliaBridge,72.36,62.45
MagnoliaBridge,72.38,62.37
MagnoliaBridge,72.38,62.45
MagnoliaBridge,72.39,62.48
MagnoliaBridge,72.39,62.58
MagnoliaBridge,72.39,62.58
MagnoliaBridge,72.39,62.52
MagnoliaBridge,72.39,62.47
AlbroPlaceAirportWay,80.8,70.58
AlbroPlaceAirportWay,80.8,70.79
AlbroPlaceAirportWay,80.8,70.95
AlbroPlaceAirportWay,80.8,71.14
AlbroPlaceAirportWay,80.8,71.09
AlbroPlaceAirportWay,80.8,70.99
AlbroPlaceAirportWay,80.8,71.09
AlbroPlaceAirportWay,80.8,71.22
AlbroPlaceAirportWay,80.7,71.3
AlbroPlaceAirportWay,80.7,71.41
AlbroPlaceAirportWay,80.7,71.49
AlbroPlaceAirportWay,80.7,71.45
AlbroPlaceAirportWay,80.7,71.52
AlbroPlaceAirportWay,80.7,71.45
AlbroPlaceAirportWay,80.7,71.27
SpokaneSwingBridge,76.1,70.6
SpokaneSwingBridge,76.23,70.52
SpokaneSwingBridge,76.35,70.47
SpokaneSwingBridge,76.44,70.52
SpokaneSwingBridge,76.5,70.56
SpokaneSwingBridge,76.55,70.13
SpokaneSwingBridge,76.58,70.05
SpokaneSwingBridge,76.62,70.11
SpokaneSwingBridge,76.66,70.18
SpokaneSwingBridge,76.7,70.19
SpokaneSwingBridge,76.77,70.27
SpokaneSwingBridge,76.85,70.25
SpokaneSwingBridge,76.96,70.22
SpokaneSwingBridge,77.08,70.28
SpokaneSwingBridge,77.19,70.34
RooseveltWay_NE80thSt,78.81,78.81
RooseveltWay_NE80thSt,78.82,78.82
RooseveltWay_NE80thSt,78.81,78.81
RooseveltWay_NE80thSt,78.81,78.81
RooseveltWay_NE80thSt,78.81,78.81
RooseveltWay_NE80thSt,78.82,78.82
RooseveltWay_NE80thSt,78.82,78.82
RooseveltWay_NE80thSt,78.84,78.84
RooseveltWay_NE80thSt,78.89,78.89
RooseveltWay_NE80thSt,78.95,78.95
RooseveltWay_NE80thSt,79.03,79.03
RooseveltWay_NE80thSt,79.13,79.13
RooseveltWay_NE80thSt,79.23,79.23
RooseveltWay_NE80thSt,79.33,79.33
RooseveltWay_NE80thSt,79.43,79.43
MagnoliaBridge,76.28,63.54
MagnoliaBridge,76.31,63.53
MagnoliaBridge,76.36,63.52
MagnoliaBridge,76.4,63.51
MagnoliaBridge,76.42,63.46
MagnoliaBridge,76.46,63.3
MagnoliaBridge,76.46,63.17
MagnoliaBridge,76.46,63.13
MagnoliaBridge,76.49,63.06
MagnoliaBridge,76.51,63.06
MagnoliaBridge,76.52,63.07
MagnoliaBridge,76.57,63.01
MagnoliaBridge,76.61,63.04
MagnoliaBridge,76.69,63.15
MagnoliaBridge,76.75,63.22
HarborAveUpperNorthBridge,76.1,70.6
HarborAveUpperNorthBridge,76.23,70.52
HarborAveUpperNorthBridge,76.35,70.47
HarborAveUpperNorthBridge,76.44,70.52
HarborAveUpperNorthBridge,76.5,70.56
HarborAveUpperNorthBridge,76.55,70.13
HarborAveUpperNorthBridge,76.58,70.05
HarborAveUpperNorthBridge,76.62,70.11
HarborAveUpperNorthBridge,76.66,70.18
HarborAveUpperNorthBridge,76.7,70.19
HarborAveUpperNorthBridge,76.77,70.27
HarborAveUpperNorthBridge,76.85,70.25
HarborAveUpperNorthBridge,76.96,70.22
HarborAveUpperNorthBridge,77.08,70.28
HarborAveUpperNorthBridge,77.19,70.34
RooseveltWay_NE80thSt,80.1,80.1
RooseveltWay_NE80thSt,80.2,80.2
RooseveltWay_NE80thSt,80.3,80.3
RooseveltWay_NE80thSt,80.4,80.4
RooseveltWay_NE80thSt,80.5,80.5
RooseveltWay_NE80thSt,80.5,80.5
RooseveltWay_NE80thSt,80.6,80.6
RooseveltWay_NE80thSt,80.7,80.7
RooseveltWay_NE80thSt,80.8,80.8
RooseveltWay_NE80thSt,81,81
RooseveltWay_NE80thSt,81.1,81.1
RooseveltWay_NE80thSt,81.3,81.3
RooseveltWay_NE80thSt,81.5,81.5
RooseveltWay_NE80thSt,81.6,81.6
RooseveltWay_NE80thSt,81.8,81.8
HarborAveUpperNorthBridge,77.58,69.85
HarborAveUpperNorthBridge,77.62,69.64
HarborAveUpperNorthBridge,77.65,69.51
HarborAveUpperNorthBridge,77.67,69.45
HarborAveUpperNorthBridge,77.71,69.61
HarborAveUpperNorthBridge,77.73,69.82
HarborAveUpperNorthBridge,77.75,70.01
HarborAveUpperNorthBridge,77.77,70.19
HarborAveUpperNorthBridge,77.79,70.26
AlbroPlaceAirportWay,81.4,67.95
AlbroPlaceAirportWay,81.4,68.03
AlbroPlaceAirportWay,81.4,68.11
AlbroPlaceAirportWay,81.4,68.15
AlbroPlaceAirportWay,81.4,68.05
AlbroPlaceAirportWay,81.4,68.01
AlbroPlaceAirportWay,81.4,67.88
AlbroPlaceAirportWay,81.4,67.82
AlbroPlaceAirportWay,81.3,67.86
AlbroPlaceAirportWay,81.3,67.95
AlbroPlaceAirportWay,81.3,68.02
AlbroPlaceAirportWay,81.3,68.01
AlbroPlaceAirportWay,81.3,67.93
AlbroPlaceAirportWay,81.3,67.92
AlbroPlaceAirportWay,81.3,68.02
RooseveltWay_NE80thSt,76.02,76.02
RooseveltWay_NE80thSt,76.04,76.04
RooseveltWay_NE80thSt,76.06,76.06
RooseveltWay_NE80thSt,76.06,76.06
RooseveltWay_NE80thSt,76.09,76.09
RooseveltWay_NE80thSt,76.12,76.12
RooseveltWay_NE80thSt,76.16,76.16
RooseveltWay_NE80thSt,76.19,76.19
RooseveltWay_NE80thSt,76.22,76.22
RooseveltWay_NE80thSt,76.27,76.27
RooseveltWay_NE80thSt,76.3,76.3
RooseveltWay_NE80thSt,76.33,76.33
RooseveltWay_NE80thSt,76.37,76.37
RooseveltWay_NE80thSt,76.41,76.41
RooseveltWay_NE80thSt,76.45,76.45
HarborAveUpperNorthBridge,72.73,68.92
HarborAveUpperNorthBridge,72.74,68.85
HarborAveUpperNorthBridge,72.74,68.81
HarborAveUpperNorthBridge,72.75,68.67
HarborAveUpperNorthBridge,72.78,68.64
HarborAveUpperNorthBridge,72.79,68.65
HarborAveUpperNorthBridge,72.8,68.74
HarborAveUpperNorthBridge,72.84,68.87
HarborAveUpperNorthBridge,72.85,68.97
HarborAveUpperNorthBridge,72.89,68.99
HarborAveUpperNorthBridge,72.9,69.01
HarborAveUpperNorthBridge,72.95,69.02
HarborAveUpperNorthBridge,72.99,69.06
HarborAveUpperNorthBridge,73.02,69.13
HarborAveUpperNorthBridge,73.07,69.07
MagnoliaBridge,72.85,62.53
MagnoliaBridge,72.9,62.55
MagnoliaBridge,72.91,62.54
MagnoliaBridge,72.94,62.62
MagnoliaBridge,72.95,62.62
MagnoliaBridge,72.99,62.62
MagnoliaBridge,73,62.57
MagnoliaBridge,73.05,62.62
MagnoliaBridge,73.06,62.55
MagnoliaBridge,73.1,62.51
MagnoliaBridge,73.14,62.54
MagnoliaBridge,73.16,62.7
MagnoliaBridge,73.21,62.82
MagnoliaBridge,73.25,62.89
MagnoliaBridge,73.3,62.91
AlbroPlaceAirportWay,80.9,69.41
AlbroPlaceAirportWay,80.9,69.43
AlbroPlaceAirportWay,80.9,69.5
AlbroPlaceAirportWay,80.9,69.57
AlbroPlaceAirportWay,80.9,69.45
AlbroPlaceAirportWay,80.9,69.31
AlbroPlaceAirportWay,80.9,69.3
AlbroPlaceAirportWay,80.8,69.15
AlbroPlaceAirportWay,80.8,69.01
AlbroPlaceAirportWay,80.8,68.83
AlbroPlaceAirportWay,80.8,68.7
AlbroPlaceAirportWay,80.8,68.77
AlbroPlaceAirportWay,80.8,68.94
AlbroPlaceAirportWay,80.8,69.13
AlbroPlaceAirportWay,80.8,69.3
RooseveltWay_NE80thSt,76.72,76.72
RooseveltWay_NE80thSt,76.77,76.77
RooseveltWay_NE80thSt,76.81,76.81
RooseveltWay_NE80thSt,76.83,76.83
RooseveltWay_NE80thSt,76.87,76.87
RooseveltWay_NE80thSt,76.91,76.91
RooseveltWay_NE80thSt,76.93,76.93
RooseveltWay_NE80thSt,76.97,76.97
RooseveltWay_NE80thSt,77.01,77.01
RooseveltWay_NE80thSt,77.06,77.06
RooseveltWay_NE80thSt,77.12,77.12
RooseveltWay_NE80thSt,77.18,77.18
RooseveltWay_NE80thSt,77.26,77.26
RooseveltWay_NE80thSt,77.34,77.34
RooseveltWay_NE80thSt,77.43,77.43
MagnoliaBridge,73.64,63.34
MagnoliaBridge,73.69,63.48
MagnoliaBridge,73.76,63.62
MagnoliaBridge,73.82,63.84
MagnoliaBridge,73.89,63.89
MagnoliaBridge,73.95,63.81
MagnoliaBridge,74.01,63.66
MagnoliaBridge,74.08,63.49
MagnoliaBridge,74.13,63.45
MagnoliaBridge,74.2,63.48
HarborAveUpperNorthBridge,71.37,67.65
HarborAveUpperNorthBridge,71.37,67.69
HarborAveUpperNorthBridge,71.39,67.73
HarborAveUpperNorthBridge,71.41,67.81
HarborAveUpperNorthBridge,71.42,67.77
HarborAveUpperNorthBridge,71.42,67.79
MagnoliaBridge,71.2,63.35
MagnoliaBridge,71.22,63.35
MagnoliaBridge,71.27,63.36
MagnoliaBridge,71.3,63.45
MagnoliaBridge,71.33,63.52
MagnoliaBridge,71.37,63.57
MagnoliaBridge,71.42,63.59
MagnoliaBridge,71.45,63.63
MagnoliaBridge,71.5,63.66
MagnoliaBridge,71.55,63.86
MagnoliaBridge,71.63,64
MagnoliaBridge,71.68,64.04
MagnoliaBridge,71.74,64
MagnoliaBridge,71.79,63.87
MagnoliaBridge,71.83,63.65
AlbroPlaceAirportWay,81.2,68.23
AlbroPlaceAirportWay,81.2,68.39
AlbroPlaceAirportWay,81.2,68.48
AlbroPlaceAirportWay,81.2,68.54
AlbroPlaceAirportWay,81.2,68.54
AlbroPlaceAirportWay,81.2,68.56
AlbroPlaceAirportWay,81.2,68.59
AlbroPlaceAirportWay,81.2,68.58
AlbroPlaceAirportWay,81.1,68.58
AlbroPlaceAirportWay,81.1,68.62
AlbroPlaceAirportWay,81.1,68.56
AlbroPlaceAirportWay,81.1,68.53
AlbroPlaceAirportWay,81.1,68.59
AlbroPlaceAirportWay,81.1,68.64
AlbroPlaceAirportWay,81.1,68.75
RooseveltWay_NE80thSt,75.52,75.52
RooseveltWay_NE80thSt,75.55,75.55
RooseveltWay_NE80thSt,75.59,75.59
RooseveltWay_NE80thSt,75.63,75.63
RooseveltWay_NE80thSt,75.67,75.67
RooseveltWay_NE80thSt,75.7,75.7
RooseveltWay_NE80thSt,75.74,75.74
RooseveltWay_NE80thSt,75.78,75.78
RooseveltWay_NE80thSt,75.8,75.8
RooseveltWay_NE80thSt,75.84,75.84
RooseveltWay_NE80thSt,75.85,75.85
RooseveltWay_NE80thSt,75.87,75.87
RooseveltWay_NE80thSt,75.88,75.88
RooseveltWay_NE80thSt,75.89,75.89
RooseveltWay_NE80thSt,75.9,75.9
MagnoliaBridge,72.49,62.31
MagnoliaBridge,72.52,62.43
MagnoliaBridge,72.54,62.42
MagnoliaBridge,72.57,62.39
MagnoliaBridge,72.6,62.46
MagnoliaBridge,72.63,62.55
MagnoliaBridge,72.64,62.46
MagnoliaBridge,72.68,62.39
MagnoliaBridge,72.7,62.36
MagnoliaBridge,72.73,62.42
MagnoliaBridge,72.75,62.45
MagnoliaBridge,72.76,62.34
MagnoliaBridge,72.79,62.2
MagnoliaBridge,72.8,61.97
MagnoliaBridge,72.79,61.88
HarborAveUpperNorthBridge,72.3,68.29
HarborAveUpperNorthBridge,72.32,68.36
HarborAveUpperNorthBridge,72.35,68.35
HarborAveUpperNorthBridge,72.37,68.43
HarborAveUpperNorthBridge,72.4,68.56
HarborAveUpperNorthBridge,72.42,68.68
HarborAveUpperNorthBridge,72.45,68.78
HarborAveUpperNorthBridge,72.48,68.87
HarborAveUpperNorthBridge,72.49,68.94
HarborAveUpperNorthBridge,72.53,69.05
HarborAveUpperNorthBridge,72.55,69.16
HarborAveUpperNorthBridge,72.57,69.24
HarborAveUpperNorthBridge,72.58,69.22
HarborAveUpperNorthBridge,72.61,69.18
HarborAveUpperNorthBridge,72.63,69.21
RooseveltWay_NE80thSt,77.12,77.12
RooseveltWay_NE80thSt,77.18,77.18
RooseveltWay_NE80thSt,77.26,77.26
RooseveltWay_NE80thSt,77.34,77.34
RooseveltWay_NE80thSt,77.43,77.43
RooseveltWay_NE80thSt,77.55,77.55
RooseveltWay_NE80thSt,77.68,77.68
RooseveltWay_NE80thSt,77.82,77.82
RooseveltWay_NE80thSt,77.96,77.96
RooseveltWay_NE80thSt,78.1,78.1
RooseveltWay_NE80thSt,78.23,78.23
RooseveltWay_NE80thSt,78.34,78.34
RooseveltWay_NE80thSt,78.44,78.44
RooseveltWay_NE80thSt,78.53,78.53
RooseveltWay_NE80thSt,78.61,78.61
MagnoliaBridge,74.28,63.54
MagnoliaBridge,74.35,63.55
MagnoliaBridge,74.46,63.59
MagnoliaBridge,74.56,63.7
MagnoliaBridge,74.66,63.74
MagnoliaBridge,74.78,63.68
MagnoliaBridge,74.9,63.65
MagnoliaBridge,75.03,63.58
MagnoliaBridge,75.14,63.46
MagnoliaBridge,75.25,63.26
MagnoliaBridge,75.34,63.21
MagnoliaBridge,75.44,63.17
MagnoliaBridge,75.55,63.22
MagnoliaBridge,75.68,63.3
MagnoliaBridge,75.81,63.35
HarborAveUpperNorthBridge,74.33,69.73
HarborAveUpperNorthBridge,74.43,69.73
HarborAveUpperNorthBridge,74.52,69.81
HarborAveUpperNorthBridge,74.61,69.84
HarborAveUpperNorthBridge,74.71,69.94
HarborAveUpperNorthBridge,74.81,70.05
HarborAveUpperNorthBridge,74.9,70.13
HarborAveUpperNorthBridge,74.99,70.2
HarborAveUpperNorthBridge,75.08,70.31
HarborAveUpperNorthBridge,75.17,70.2
HarborAveUpperNorthBridge,75.24,70.09
HarborAveUpperNorthBridge,75.33,70.1
HarborAveUpperNorthBridge,75.4,70.16
HarborAveUpperNorthBridge,75.47,70.26
HarborAveUpperNorthBridge,75.55,70.28
AlbroPlaceAirportWay,80.8,69.83
AlbroPlaceAirportWay,80.8,69.95
AlbroPlaceAirportWay,80.8,69.93
AlbroPlaceAirportWay,80.8,69.73
AlbroPlaceAirportWay,80.8,69.65
AlbroPlaceAirportWay,80.8,69.63
AlbroPlaceAirportWay,80.8,69.65
AlbroPlaceAirportWay,80.8,69.77
AlbroPlaceAirportWay,80.8,70.04
AlbroPlaceAirportWay,80.8,70.34
AlbroPlaceAirportWay,80.8,70.58
AlbroPlaceAirportWay,80.8,70.79
AlbroPlaceAirportWay,80.8,70.95
AlbroPlaceAirportWay,80.8,71.14
AlbroPlaceAirportWay,80.8,71.09
SpokaneSwingBridge,75.24,70.09
SpokaneSwingBridge,75.33,70.1
SpokaneSwingBridge,75.4,70.16
SpokaneSwingBridge,75.47,70.26
SpokaneSwingBridge,75.55,70.28
SpokaneSwingBridge,75.64,70.26
SpokaneSwingBridge,75.74,70.36
SpokaneSwingBridge,75.82,70.43
SpokaneSwingBridge,75.91,70.5
SpokaneSwingBridge,75.99,70.57
SpokaneSwingBridge,76.1,70.6
SpokaneSwingBridge,76.23,70.52
SpokaneSwingBridge,76.35,70.47
SpokaneSwingBridge,76.44,70.52
SpokaneSwingBridge,76.5,70.56
RooseveltWay_NE80thSt,78.23,78.23
RooseveltWay_NE80thSt,78.34,78.34
RooseveltWay_NE80thSt,78.44,78.44
RooseveltWay_NE80thSt,78.53,78.53
RooseveltWay_NE80thSt,78.61,78.61
RooseveltWay_NE80thSt,78.69,78.69
RooseveltWay_NE80thSt,78.74,78.74
RooseveltWay_NE80thSt,78.78,78.78
RooseveltWay_NE80thSt,78.81,78.81
RooseveltWay_NE80thSt,78.81,78.81
RooseveltWay_NE80thSt,78.81,78.81
RooseveltWay_NE80thSt,78.82,78.82
RooseveltWay_NE80thSt,78.81,78.81
RooseveltWay_NE80thSt,78.81,78.81
RooseveltWay_NE80thSt,78.81,78.81
HarborAveUpperNorthBridge,75.24,70.09
HarborAveUpperNorthBridge,75.33,70.1
HarborAveUpperNorthBridge,75.4,70.16
HarborAveUpperNorthBridge,75.47,70.26
HarborAveUpperNorthBridge,75.55,70.28
HarborAveUpperNorthBridge,75.64,70.26
HarborAveUpperNorthBridge,75.74,70.36
HarborAveUpperNorthBridge,75.82,70.43
HarborAveUpperNorthBridge,75.91,70.5
AlbroPlaceAirportWay,80.7,71.2
AlbroPlaceAirportWay,80.7,71.16
AlbroPlaceAirportWay,80.7,71.07
AlbroPlaceAirportWay,80.7,70.91
AlbroPlaceAirportWay,80.7,70.85
AlbroPlaceAirportWay,80.7,70.88
AlbroPlaceAirportWay,80.7,70.88
AlbroPlaceAirportWay,80.7,70.94
AlbroPlaceAirportWay,80.7,71.06
AlbroPlaceAirportWay,80.7,71.23
AlbroPlaceAirportWay,80.7,71.39
AlbroPlaceAirportWay,80.7,71.53
AlbroPlaceAirportWay,80.7,71.53
AlbroPlaceAirportWay,80.7,71.42
AlbroPlaceAirportWay,80.7,71.36
MagnoliaBridge,84.2,68.45
MagnoliaBridge,84.2,68.28
MagnoliaBridge,84.2,68.17
HarborAveUpperNorthBridge,81.1,72.83
HarborAveUpperNorthBridge,81.1,72.86
HarborAveUpperNorthBridge,81.1,72.79
HarborAveUpperNorthBridge,81.1,72.72
HarborAveUpperNorthBridge,81.1,72.78
HarborAveUpperNorthBridge,81.1,72.84
HarborAveUpperNorthBridge,81.1,72.9
HarborAveUpperNorthBridge,81.1,72.96
HarborAveUpperNorthBridge,81.1,73
HarborAveUpperNorthBridge,81.1,73.03
HarborAveUpperNorthBridge,81.1,73.03
HarborAveUpperNorthBridge,81.1,73.04
HarborAveUpperNorthBridge,81.1,73.02
HarborAveUpperNorthBridge,81.1,72.99
HarborAveUpperNorthBridge,81.1,72.99
AlbroPlaceAirportWay,82.2,74.82
AlbroPlaceAirportWay,82.2,74.78
AlbroPlaceAirportWay,82.2,74.87
AlbroPlaceAirportWay,82.2,75.01
AlbroPlaceAirportWay,82.2,75.14
AlbroPlaceAirportWay,82.2,75.2
AlbroPlaceAirportWay,82.2,75.28
AlbroPlaceAirportWay,82.2,75.42
AlbroPlaceAirportWay,82.3,75.49
AlbroPlaceAirportWay,82.3,75.66
AlbroPlaceAirportWay,82.3,75.85
AlbroPlaceAirportWay,82.3,76.04
AlbroPlaceAirportWay,82.3,76.24
AlbroPlaceAirportWay,82.3,76.46
AlbroPlaceAirportWay,82.3,76.68
SpokaneSwingBridge,85,75.02
SpokaneSwingBridge,85.1,75.1
SpokaneSwingBridge,85.2,75.17
SpokaneSwingBridge,85.3,75.22
SpokaneSwingBridge,85.5,75.42
SpokaneSwingBridge,85.6,75.53
SpokaneSwingBridge,85.7,75.58
SpokaneSwingBridge,85.7,75.69
SpokaneSwingBridge,85.8,75.73
SpokaneSwingBridge,85.8,75.79
SpokaneSwingBridge,85.9,75.82
SpokaneSwingBridge,85.9,75.81
SpokaneSwingBridge,86,75.59
SpokaneSwingBridge,86,75.58
SpokaneSwingBridge,86,75.64
RooseveltWay_NE80thSt,85.4,85.4
RooseveltWay_NE80thSt,85.4,85.4
RooseveltWay_NE80thSt,85.4,85.4
RooseveltWay_NE80thSt,85.3,85.3
RooseveltWay_NE80thSt,85.3,85.3
RooseveltWay_NE80thSt,85.3,85.3
RooseveltWay_NE80thSt,85.3,85.3
RooseveltWay_NE80thSt,85.3,85.3
RooseveltWay_NE80thSt,85.3,85.3
RooseveltWay_NE80thSt,85.3,85.3
RooseveltWay_NE80thSt,85.3,85.3
RooseveltWay_NE80thSt,85.3,85.3
RooseveltWay_NE80thSt,85.2,85.2
RooseveltWay_NE80thSt,85.2,85.2
RooseveltWay_NE80thSt,85.2,85.2
HarborAveUpperNorthBridge,85,75.02
HarborAveUpperNorthBridge,85.1,75.1
HarborAveUpperNorthBridge,85.2,75.17
HarborAveUpperNorthBridge,85.3,75.22
HarborAveUpperNorthBridge,85.5,75.42
HarborAveUpperNorthBridge,85.6,75.53
HarborAveUpperNorthBridge,85.7,75.58
HarborAveUpperNorthBridge,85.7,75.69
HarborAveUpperNorthBridge,85.8,75.73
HarborAveUpperNorthBridge,85.8,75.79
HarborAveUpperNorthBridge,85.9,75.82
HarborAveUpperNorthBridge,85.9,75.81
HarborAveUpperNorthBridge,86,75.59
HarborAveUpperNorthBridge,86,75.58
HarborAveUpperNorthBridge,86,75.64
MagnoliaBridge,83.7,68.08
MagnoliaBridge,83.6,68.01
MagnoliaBridge,83.6,67.99
MagnoliaBridge,83.6,68.06
MagnoliaBridge,83.6,68.06
SpokaneSwingBridge,71.54,67.81
SpokaneSwingBridge,71.56,67.84
SpokaneSwingBridge,71.56,67.91
SpokaneSwingBridge,71.59,68.03
SpokaneSwingBridge,71.61,68.11
SpokaneSwingBridge,71.63,68.18
SpokaneSwingBridge,71.66,68.2
SpokaneSwingBridge,71.66,68.26
SpokaneSwingBridge,71.7,68.35
SpokaneSwingBridge,71.72,68.42
SpokaneSwingBridge,71.75,68.45
SpokaneSwingBridge,71.76,68.45
SpokaneSwingBridge,71.79,68.48
SpokaneSwingBridge,71.81,68.49
SpokaneSwingBridge,71.83,68.54
AlbroPlaceAirportWay,81.5,74.85
AlbroPlaceAirportWay,81.6,74.65
AlbroPlaceAirportWay,81.6,74.49
AlbroPlaceAirportWay,81.6,74.38
AlbroPlaceAirportWay,81.6,74.34
AlbroPlaceAirportWay,81.6,74.3
AlbroPlaceAirportWay,81.6,74.14
AlbroPlaceAirportWay,81.6,74.06
AlbroPlaceAirportWay,81.7,73.96
AlbroPlaceAirportWay,81.7,73.83
AlbroPlaceAirportWay,81.7,73.83
AlbroPlaceAirportWay,81.7,73.61
AlbroPlaceAirportWay,81.7,73.58
AlbroPlaceAirportWay,81.7,73.56
AlbroPlaceAirportWay,81.7,73.55
HarborAveUpperNorthBridge,84.6,74.65
HarborAveUpperNorthBridge,84.7,74.62
HarborAveUpperNorthBridge,84.7,74.64
HarborAveUpperNorthBridge,84.7,74.68
HarborAveUpperNorthBridge,84.8,74.74
HarborAveUpperNorthBridge,84.8,74.68
HarborAveUpperNorthBridge,84.8,74.56
HarborAveUpperNorthBridge,84.8,74.65
HarborAveUpperNorthBridge,84.8,74.65
HarborAveUpperNorthBridge,84.8,74.64
HarborAveUpperNorthBridge,84.9,74.63
HarborAveUpperNorthBridge,84.9,74.65
HarborAveUpperNorthBridge,84.9,74.67
HarborAveUpperNorthBridge,84.9,74.7
HarborAveUpperNorthBridge,84.8,74.7
RooseveltWay_NE80thSt,87.1,87.1
RooseveltWay_NE80thSt,87,87
RooseveltWay_NE80thSt,86.9,86.9
RooseveltWay_NE80thSt,86.8,86.8
RooseveltWay_NE80thSt,86.8,86.8
RooseveltWay_NE80thSt,86.7,86.7
RooseveltWay_NE80thSt,86.6,86.6
RooseveltWay_NE80thSt,86.6,86.6
RooseveltWay_NE80thSt,86.5,86.5
RooseveltWay_NE80thSt,86.4,86.4
RooseveltWay_NE80thSt,86.4,86.4
RooseveltWay_NE80thSt,86.3,86.3
RooseveltWay_NE80thSt,86.3,86.3
RooseveltWay_NE80thSt,86.2,86.2
RooseveltWay_NE80thSt,86.1,86.1
MagnoliaBridge,86.3,69.57
MagnoliaBridge,86.3,69.55
MagnoliaBridge,86.3,69.46
MagnoliaBridge,86.3,69.42
MagnoliaBridge,86.3,69.43
MagnoliaBridge,86.3,69.42
MagnoliaBridge,86.3,69.4
MagnoliaBridge,86.3,69.41
MagnoliaBridge,86.3,69.4
MagnoliaBridge,86.3,69.42
MagnoliaBridge,86.2,69.48
MagnoliaBridge,86.2,69.43
MagnoliaBridge,86.2,69.29
MagnoliaBridge,86.2,69.21
MagnoliaBridge,86.2,69.09
SpokaneSwingBridge,84.6,74.65
SpokaneSwingBridge,84.7,74.62
SpokaneSwingBridge,84.7,74.64
SpokaneSwingBridge,84.7,74.68
SpokaneSwingBridge,84.8,74.74
SpokaneSwingBridge,84.8,74.68
SpokaneSwingBridge,84.8,74.56
SpokaneSwingBridge,84.8,74.65
SpokaneSwingBridge,84.8,74.65
SpokaneSwingBridge,84.8,74.64
SpokaneSwingBridge,84.9,74.63
SpokaneSwingBridge,84.9,74.65
SpokaneSwingBridge,84.9,74.67
SpokaneSwingBridge,84.9,74.7
SpokaneSwingBridge,84.8,74.7
SpokaneSwingBridge,84.9,74.63
SpokaneSwingBridge,84.9,74.65
SpokaneSwingBridge,84.9,74.67
SpokaneSwingBridge,84.9,74.7
SpokaneSwingBridge,84.8,74.7
SpokaneSwingBridge,84.8,74.69
SpokaneSwingBridge,84.8,74.75
SpokaneSwingBridge,84.8,74.74
SpokaneSwingBridge,84.8,74.66
SpokaneSwingBridge,84.8,74.65
SpokaneSwingBridge,77.58,69.85
SpokaneSwingBridge,77.62,69.64
SpokaneSwingBridge,77.65,69.51
SpokaneSwingBridge,77.67,69.45
SpokaneSwingBridge,77.71,69.61
SpokaneSwingBridge,77.73,69.82
SpokaneSwingBridge,77.75,70.01
SpokaneSwingBridge,77.77,70.19
SpokaneSwingBridge,77.79,70.26
SpokaneSwingBridge,77.82,70.18
SpokaneSwingBridge,77.84,70.24
SpokaneSwingBridge,77.89,70.12
SpokaneSwingBridge,77.93,70.12
SpokaneSwingBridge,77.98,70.31
SpokaneSwingBridge,78.04,70.45
AlbroPlaceAirportWay,82.1,74.06
AlbroPlaceAirportWay,82.1,74.15
AlbroPlaceAirportWay,82.1,74.21
AlbroPlaceAirportWay,82.1,74.33
AlbroPlaceAirportWay,82.1,74.46
AlbroPlaceAirportWay,82.1,74.58
AlbroPlaceAirportWay,82.1,74.73
AlbroPlaceAirportWay,82.2,74.88
AlbroPlaceAirportWay,82.2,74.98
AlbroPlaceAirportWay,82.2,74.81
AlbroPlaceAirportWay,82.2,74.82
AlbroPlaceAirportWay,82.2,74.78
AlbroPlaceAirportWay,82.2,74.87
AlbroPlaceAirportWay,82.2,75.01
AlbroPlaceAirportWay,82.2,75.14
SpokaneSwingBridge,84.1,73.82
SpokaneSwingBridge,84.2,73.94
SpokaneSwingBridge,84.2,74.05
SpokaneSwingBridge,84.3,74.12
SpokaneSwingBridge,84.3,74.26
SpokaneSwingBridge,84.4,74.42
SpokaneSwingBridge,84.5,74.58
SpokaneSwingBridge,84.6,74.79
SpokaneSwingBridge,84.7,74.94
SpokaneSwingBridge,84.9,74.97
SpokaneSwingBridge,85,75.02
SpokaneSwingBridge,85.1,75.1
SpokaneSwingBridge,85.2,75.17
SpokaneSwingBridge,85.3,75.22
SpokaneSwingBridge,85.5,75.42
AlbroPlaceAirportWay,83.5,67.57
AlbroPlaceAirportWay,83.5,67.69
AlbroPlaceAirportWay,83.5,67.79
AlbroPlaceAirportWay,83.5,67.86
AlbroPlaceAirportWay,83.5,67.92
AlbroPlaceAirportWay,83.5,67.84
AlbroPlaceAirportWay,83.4,67.88
AlbroPlaceAirportWay,83.4,67.99
AlbroPlaceAirportWay,83.4,68.07
AlbroPlaceAirportWay,83.4,68.16
AlbroPlaceAirportWay,83.4,68.08
AlbroPlaceAirportWay,83.4,68.07
AlbroPlaceAirportWay,83.4,68.1
AlbroPlaceAirportWay,83.4,68.12
AlbroPlaceAirportWay,83.3,68.06
HarborAveUpperNorthBridge,71.85,65.45
HarborAveUpperNorthBridge,71.82,65.42
HarborAveUpperNorthBridge,71.8,65.37
HarborAveUpperNorthBridge,71.8,65.35
HarborAveUpperNorthBridge,71.77,65.35
HarborAveUpperNorthBridge,71.75,65.31
HarborAveUpperNorthBridge,71.71,65.23
HarborAveUpperNorthBridge,71.7,65.18
HarborAveUpperNorthBridge,71.68,65.09
HarborAveUpperNorthBridge,71.65,65.04
HarborAveUpperNorthBridge,71.64,64.99
HarborAveUpperNorthBridge,71.6,64.95
HarborAveUpperNorthBridge,71.59,64.92
HarborAveUpperNorthBridge,71.56,64.91
HarborAveUpperNorthBridge,71.55,64.85
RooseveltWay_NE80thSt,72.73,72.73
RooseveltWay_NE80thSt,72.72,72.72
RooseveltWay_NE80thSt,72.69,72.69
RooseveltWay_NE80thSt,72.68,72.68
RooseveltWay_NE80thSt,72.67,72.67
RooseveltWay_NE80thSt,72.64,72.64
RooseveltWay_NE80thSt,72.63,72.63
RooseveltWay_NE80thSt,72.63,72.63
RooseveltWay_NE80thSt,72.62,72.62
RooseveltWay_NE80thSt,72.61,72.61
RooseveltWay_NE80thSt,72.58,72.58
RooseveltWay_NE80thSt,72.58,72.58
RooseveltWay_NE80thSt,72.57,72.57
RooseveltWay_NE80thSt,72.57,72.57
RooseveltWay_NE80thSt,72.55,72.55
MagnoliaBridge,71.56,62.49
MagnoliaBridge,71.53,62.56
MagnoliaBridge,71.51,62.58
MagnoliaBridge,71.48,62.57
MagnoliaBridge,71.45,62.57
MagnoliaBridge,71.42,62.53
MagnoliaBridge,71.39,62.52
MagnoliaBridge,71.37,62.49
MagnoliaBridge,71.34,62.48
MagnoliaBridge,71.32,62.5
MagnoliaBridge,71.32,62.56
MagnoliaBridge,71.29,62.64
MagnoliaBridge,71.27,62.71
MagnoliaBridge,71.25,62.76
MagnoliaBridge,71.22,62.81
SpokaneSwingBridge,71.85,65.45
SpokaneSwingBridge,71.82,65.42
SpokaneSwingBridge,71.8,65.37
SpokaneSwingBridge,71.8,65.35
SpokaneSwingBridge,71.77,65.35
SpokaneSwingBridge,71.75,65.31
SpokaneSwingBridge,71.71,65.23
SpokaneSwingBridge,71.7,65.18
SpokaneSwingBridge,71.68,65.09
SpokaneSwingBridge,71.65,65.04
SpokaneSwingBridge,71.64,64.99
SpokaneSwingBridge,71.6,64.95
SpokaneSwingBridge,71.59,64.92
SpokaneSwingBridge,71.56,64.91
SpokaneSwingBridge,71.55,64.85
RooseveltWay_NE80thSt,75.52,75.52
AlbroPlaceAirportWay,81.5,74
RooseveltWay_NE80thSt,73.55,73.55
RooseveltWay_NE80thSt,73.55,73.55
RooseveltWay_NE80thSt,73.55,73.55
RooseveltWay_NE80thSt,73.55,73.55
RooseveltWay_NE80thSt,73.53,73.53
RooseveltWay_NE80thSt,73.51,73.51
RooseveltWay_NE80thSt,73.5,73.5
RooseveltWay_NE80thSt,73.48,73.48
RooseveltWay_NE80thSt,73.46,73.46
RooseveltWay_NE80thSt,73.45,73.45
RooseveltWay_NE80thSt,73.44,73.44
RooseveltWay_NE80thSt,73.42,73.42
RooseveltWay_NE80thSt,73.4,73.4
RooseveltWay_NE80thSt,73.39,73.39
RooseveltWay_NE80thSt,73.38,73.38
MagnoliaBridge,72.51,63.86
MagnoliaBridge,72.5,63.86
MagnoliaBridge,72.49,63.86
MagnoliaBridge,72.45,63.86
MagnoliaBridge,72.44,63.86
MagnoliaBridge,72.43,63.86
MagnoliaBridge,72.4,63.89
MagnoliaBridge,72.39,63.94
MagnoliaBridge,72.37,64
MagnoliaBridge,72.34,64.04
MagnoliaBridge,72.34,64.05
MagnoliaBridge,72.33,64.04
MagnoliaBridge,72.29,63.95
MagnoliaBridge,72.29,63.95
MagnoliaBridge,72.26,63.92
SpokaneSwingBridge,72.73,65.15
SpokaneSwingBridge,72.72,65.27
SpokaneSwingBridge,72.69,65.33
SpokaneSwingBridge,72.68,65.43
SpokaneSwingBridge,72.67,65.53
SpokaneSwingBridge,72.63,65.57
SpokaneSwingBridge,72.62,65.56
SpokaneSwingBridge,72.61,65.57
SpokaneSwingBridge,72.58,65.5
SpokaneSwingBridge,72.57,65.43
SpokaneSwingBridge,72.54,65.4
SpokaneSwingBridge,72.52,65.4
SpokaneSwingBridge,72.52,65.4
SpokaneSwingBridge,72.48,65.4
SpokaneSwingBridge,72.47,65.4
AlbroPlaceAirportWay,83,67.47
AlbroPlaceAirportWay,82.9,67.5
AlbroPlaceAirportWay,82.9,67.49
AlbroPlaceAirportWay,82.9,67.45
AlbroPlaceAirportWay,82.9,67.31
AlbroPlaceAirportWay,82.9,67.23
AlbroPlaceAirportWay,82.9,67.22
AlbroPlaceAirportWay,82.9,67.11
AlbroPlaceAirportWay,82.9,67.1
AlbroPlaceAirportWay,82.8,67.16
AlbroPlaceAirportWay,82.8,67.25
AlbroPlaceAirportWay,82.8,67.18
AlbroPlaceAirportWay,82.8,67.19
AlbroPlaceAirportWay,82.8,67.17
AlbroPlaceAirportWay,82.8,67.07
SpokaneSwingBridge,71.04,63.69
SpokaneSwingBridge,71.01,63.66
SpokaneSwingBridge,70.99,63.69
SpokaneSwingBridge,70.99,63.71
SpokaneSwingBridge,70.98,63.72
SpokaneSwingBridge,70.97,63.77
SpokaneSwingBridge,70.95,63.74
SpokaneSwingBridge,70.94,63.65
SpokaneSwingBridge,70.93,63.59
SpokaneSwingBridge,70.91,63.46
SpokaneSwingBridge,70.89,63.34
SpokaneSwingBridge,70.89,63.41
SpokaneSwingBridge,70.88,63.38
SpokaneSwingBridge,70.85,63.4
SpokaneSwingBridge,70.83,63.42
SpokaneSwingBridge,70.69,64.92
RooseveltWay_NE80thSt,72.13,72.13
SpokaneSwingBridge,72.55,69.16
SpokaneSwingBridge,72.57,69.24
SpokaneSwingBridge,72.58,69.22
SpokaneSwingBridge,72.61,69.18
SpokaneSwingBridge,72.63,69.21
SpokaneSwingBridge,72.63,69.25
SpokaneSwingBridge,72.63,69.21
SpokaneSwingBridge,72.64,69.05
SpokaneSwingBridge,72.66,69.03
SpokaneSwingBridge,72.67,68.99
SpokaneSwingBridge,72.67,68.99
SpokaneSwingBridge,72.68,68.97
SpokaneSwingBridge,72.68,68.99
SpokaneSwingBridge,72.68,69.03
SpokaneSwingBridge,72.68,69.09
RooseveltWay_NE80thSt,75.85,75.85
RooseveltWay_NE80thSt,75.87,75.87
RooseveltWay_NE80thSt,75.88,75.88
RooseveltWay_NE80thSt,75.89,75.89
RooseveltWay_NE80thSt,75.9,75.9
RooseveltWay_NE80thSt,75.9,75.9
RooseveltWay_NE80thSt,75.9,75.9
RooseveltWay_NE80thSt,75.91,75.91
RooseveltWay_NE80thSt,75.91,75.91
RooseveltWay_NE80thSt,75.92,75.92
RooseveltWay_NE80thSt,75.92,75.92
RooseveltWay_NE80thSt,75.93,75.93
RooseveltWay_NE80thSt,75.94,75.94
RooseveltWay_NE80thSt,75.95,75.95
RooseveltWay_NE80thSt,75.95,75.95
MagnoliaBridge,72.75,62.45
MagnoliaBridge,72.76,62.34
MagnoliaBridge,72.79,62.2
MagnoliaBridge,72.8,61.97
MagnoliaBridge,72.79,61.88
MagnoliaBridge,72.8,61.87
MagnoliaBridge,72.8,61.65
MagnoliaBridge,72.8,61.57
MagnoliaBridge,72.8,61.56
MagnoliaBridge,72.8,61.73
MagnoliaBridge,72.81,61.88
MagnoliaBridge,72.82,61.95
MagnoliaBridge,72.82,62.01
MagnoliaBridge,72.82,62.04
MagnoliaBridge,72.82,62.08
HarborAveUpperNorthBridge,72.55,69.16
HarborAveUpperNorthBridge,72.57,69.24
HarborAveUpperNorthBridge,72.58,69.22
HarborAveUpperNorthBridge,72.61,69.18
HarborAveUpperNorthBridge,72.63,69.21
HarborAveUpperNorthBridge,72.63,69.25
HarborAveUpperNorthBridge,72.63,69.21
HarborAveUpperNorthBridge,72.64,69.05
HarborAveUpperNorthBridge,72.66,69.03
HarborAveUpperNorthBridge,72.67,68.99
HarborAveUpperNorthBridge,72.67,68.99
HarborAveUpperNorthBridge,72.68,68.97
HarborAveUpperNorthBridge,72.68,68.99
HarborAveUpperNorthBridge,72.68,69.03
HarborAveUpperNorthBridge,72.68,69.09
SpokaneSwingBridge,72.58,65.5
SpokaneSwingBridge,72.57,65.43
SpokaneSwingBridge,72.54,65.4
SpokaneSwingBridge,72.52,65.4
SpokaneSwingBridge,72.52,65.4
SpokaneSwingBridge,72.48,65.4
SpokaneSwingBridge,72.47,65.4
SpokaneSwingBridge,72.45,65.39
SpokaneSwingBridge,72.42,65.38
SpokaneSwingBridge,72.41,65.4
SpokaneSwingBridge,72.39,65.42
SpokaneSwingBridge,72.37,65.44
SpokaneSwingBridge,72.35,65.46
SpokaneSwingBridge,72.32,65.47
SpokaneSwingBridge,72.31,65.45
RooseveltWay_NE80thSt,73.44,73.44
RooseveltWay_NE80thSt,73.42,73.42
RooseveltWay_NE80thSt,73.4,73.4
RooseveltWay_NE80thSt,73.39,73.39
RooseveltWay_NE80thSt,73.38,73.38
RooseveltWay_NE80thSt,73.35,73.35
RooseveltWay_NE80thSt,73.34,73.34
RooseveltWay_NE80thSt,73.34,73.34
RooseveltWay_NE80thSt,73.32,73.32
RooseveltWay_NE80thSt,73.29,73.29
RooseveltWay_NE80thSt,73.29,73.29
RooseveltWay_NE80thSt,73.27,73.27
RooseveltWay_NE80thSt,73.24,73.24
RooseveltWay_NE80thSt,73.24,73.24
RooseveltWay_NE80thSt,73.21,73.21
MagnoliaBridge,72.34,64.05
MagnoliaBridge,72.33,64.04
MagnoliaBridge,72.29,63.95
MagnoliaBridge,72.29,63.95
MagnoliaBridge,72.26,63.92
MagnoliaBridge,72.24,63.77
MagnoliaBridge,72.23,63.67
MagnoliaBridge,72.22,63.64
MagnoliaBridge,72.18,63.56
MagnoliaBridge,72.18,63.43
MagnoliaBridge,72.13,63.32
MagnoliaBridge,72.13,63.21
MagnoliaBridge,72.11,63.19
MagnoliaBridge,72.08,63.16
MagnoliaBridge,72.08,63.09
HarborAveUpperNorthBridge,72.54,65.4
HarborAveUpperNorthBridge,72.52,65.4
HarborAveUpperNorthBridge,72.52,65.4
HarborAveUpperNorthBridge,72.48,65.4
HarborAveUpperNorthBridge,72.47,65.4
HarborAveUpperNorthBridge,72.45,65.39
HarborAveUpperNorthBridge,72.42,65.38
HarborAveUpperNorthBridge,72.41,65.4
HarborAveUpperNorthBridge,72.39,65.42
HarborAveUpperNorthBridge,72.37,65.44
HarborAveUpperNorthBridge,72.35,65.46
HarborAveUpperNorthBridge,72.32,65.47
HarborAveUpperNorthBridge,72.31,65.45
HarborAveUpperNorthBridge,72.3,65.44
HarborAveUpperNorthBridge,72.27,65.46
AlbroPlaceAirportWay,83.9,68.4
AlbroPlaceAirportWay,83.8,68.39
AlbroPlaceAirportWay,83.8,68.25
AlbroPlaceAirportWay,83.8,68.08
AlbroPlaceAirportWay,83.8,68.02
AlbroPlaceAirportWay,83.8,68.07
AlbroPlaceAirportWay,83.7,68.04
AlbroPlaceAirportWay,83.7,68.03
AlbroPlaceAirportWay,83.7,67.92
AlbroPlaceAirportWay,83.7,67.84
AlbroPlaceAirportWay,83.7,67.92
AlbroPlaceAirportWay,83.7,67.91
AlbroPlaceAirportWay,83.7,67.77
AlbroPlaceAirportWay,83.6,67.64
AlbroPlaceAirportWay,83.6,67.64
RooseveltWay_NE80thSt,75.55,75.55
RooseveltWay_NE80thSt,75.59,75.59
RooseveltWay_NE80thSt,75.63,75.63
RooseveltWay_NE80thSt,75.67,75.67
MagnoliaBridge,72.38,62
MagnoliaBridge,72.36,61.92
MagnoliaBridge,72.36,61.95
MagnoliaBridge,72.37,61.91
MagnoliaBridge,72.39,62.03
MagnoliaBridge,72.39,62.15
MagnoliaBridge,72.41,62.15
MagnoliaBridge,72.44,62.16
MagnoliaBridge,72.44,62.21
MagnoliaBridge,72.45,62.27
MagnoliaBridge,72.49,62.31
MagnoliaBridge,72.52,62.43
MagnoliaBridge,72.54,62.42
MagnoliaBridge,72.57,62.39
MagnoliaBridge,72.6,62.46
HarborAveUpperNorthBridge,72.14,68.36
HarborAveUpperNorthBridge,72.16,68.39
HarborAveUpperNorthBridge,72.17,68.45
HarborAveUpperNorthBridge,72.17,68.51
HarborAveUpperNorthBridge,72.2,68.51
HarborAveUpperNorthBridge,72.22,68.46
HarborAveUpperNorthBridge,72.22,68.3
HarborAveUpperNorthBridge,72.25,68.27
HarborAveUpperNorthBridge,72.27,68.25
HarborAveUpperNorthBridge,72.27,68.24
HarborAveUpperNorthBridge,72.3,68.29
HarborAveUpperNorthBridge,72.32,68.36
HarborAveUpperNorthBridge,72.35,68.35
HarborAveUpperNorthBridge,72.37,68.43
HarborAveUpperNorthBridge,72.4,68.56
AlbroPlaceAirportWay,81.1,68.56
AlbroPlaceAirportWay,81.1,68.53
AlbroPlaceAirportWay,81.1,68.59
AlbroPlaceAirportWay,81.1,68.64
AlbroPlaceAirportWay,81.1,68.75
AlbroPlaceAirportWay,81.1,68.81
AlbroPlaceAirportWay,81.1,68.88
AlbroPlaceAirportWay,81.1,68.97
AlbroPlaceAirportWay,81.1,69.1
AlbroPlaceAirportWay,81.1,69.16
AlbroPlaceAirportWay,81.1,69.1
AlbroPlaceAirportWay,81.1,69.05
AlbroPlaceAirportWay,81.1,69.02
AlbroPlaceAirportWay,81.1,68.89
AlbroPlaceAirportWay,81,68.93
AlbroPlaceAirportWay,84.2,67.51
AlbroPlaceAirportWay,84.1,67.61
AlbroPlaceAirportWay,84.1,67.51
AlbroPlaceAirportWay,84.1,67.4
AlbroPlaceAirportWay,84.1,67.42
AlbroPlaceAirportWay,84.1,67.6
AlbroPlaceAirportWay,84,67.75
AlbroPlaceAirportWay,84,67.9
AlbroPlaceAirportWay,84,67.99
AlbroPlaceAirportWay,84,68.1
AlbroPlaceAirportWay,84,68.19
AlbroPlaceAirportWay,84,68.23
AlbroPlaceAirportWay,84,68.27
AlbroPlaceAirportWay,83.9,68.3
AlbroPlaceAirportWay,83.9,68.25
RooseveltWay_NE80thSt,72.21,72.21
RooseveltWay_NE80thSt,72.21,72.21
RooseveltWay_NE80thSt,72.19,72.19
RooseveltWay_NE80thSt,72.17,72.17
RooseveltWay_NE80thSt,72.15,72.15
RooseveltWay_NE80thSt,72.13,72.13
RooseveltWay_NE80thSt,72.12,72.12
RooseveltWay_NE80thSt,72.11,72.11
RooseveltWay_NE80thSt,72.11,72.11
RooseveltWay_NE80thSt,72.1,72.1
RooseveltWay_NE80thSt,72.07,72.07
RooseveltWay_NE80thSt,72.07,72.07
RooseveltWay_NE80thSt,72.06,72.06
RooseveltWay_NE80thSt,72.06,72.06
RooseveltWay_NE80thSt,72.04,72.04
HarborAveUpperNorthBridge,71.04,63.69
HarborAveUpperNorthBridge,71.01,63.66
HarborAveUpperNorthBridge,70.99,63.69
HarborAveUpperNorthBridge,70.99,63.71
HarborAveUpperNorthBridge,70.98,63.72
HarborAveUpperNorthBridge,70.97,63.77
HarborAveUpperNorthBridge,70.95,63.74
HarborAveUpperNorthBridge,70.94,63.65
HarborAveUpperNorthBridge,70.93,63.59
HarborAveUpperNorthBridge,70.91,63.46
HarborAveUpperNorthBridge,70.89,63.34
HarborAveUpperNorthBridge,70.89,63.41
HarborAveUpperNorthBridge,70.88,63.38
HarborAveUpperNorthBridge,70.85,63.4
HarborAveUpperNorthBridge,70.83,63.42
MagnoliaBridge,70.87,61.87
MagnoliaBridge,70.85,61.53
MagnoliaBridge,70.82,61.32
MagnoliaBridge,70.82,61.13
MagnoliaBridge,70.78,60.98
MagnoliaBridge,70.77,60.88
MagnoliaBridge,70.72,60.88
MagnoliaBridge,70.72,60.9
MagnoliaBridge,70.71,60.91
MagnoliaBridge,70.68,60.94
MagnoliaBridge,70.67,60.98
MagnoliaBridge,70.67,60.99
MagnoliaBridge,70.64,61.07
MagnoliaBridge,70.62,61.12
MagnoliaBridge,70.62,61.19
RooseveltWay_NE80thSt,73.66,73.66
RooseveltWay_NE80thSt,73.65,73.65
RooseveltWay_NE80thSt,73.65,73.65
RooseveltWay_NE80thSt,73.64,73.64
RooseveltWay_NE80thSt,73.64,73.64
RooseveltWay_NE80thSt,73.61,73.61
RooseveltWay_NE80thSt,73.6,73.6
RooseveltWay_NE80thSt,73.6,73.6
RooseveltWay_NE80thSt,73.59,73.59
RooseveltWay_NE80thSt,73.58,73.58
RooseveltWay_NE80thSt,73.55,73.55
RooseveltWay_NE80thSt,73.55,73.55
RooseveltWay_NE80thSt,73.55,73.55
RooseveltWay_NE80thSt,73.55,73.55
RooseveltWay_NE80thSt,73.53,73.53
AlbroPlaceAirportWay,84,68.19
AlbroPlaceAirportWay,84,68.23
AlbroPlaceAirportWay,84,68.27
AlbroPlaceAirportWay,83.9,68.3
AlbroPlaceAirportWay,83.9,68.25
AlbroPlaceAirportWay,83.9,68.28
AlbroPlaceAirportWay,83.9,68.31
AlbroPlaceAirportWay,83.9,68.37
AlbroPlaceAirportWay,83.9,68.45
AlbroPlaceAirportWay,83.9,68.48
AlbroPlaceAirportWay,83.9,68.4
AlbroPlaceAirportWay,83.8,68.39
AlbroPlaceAirportWay,83.8,68.25
AlbroPlaceAirportWay,83.8,68.08
AlbroPlaceAirportWay,83.8,68.02
RooseveltWay_NE80thSt,73.29,73.29
RooseveltWay_NE80thSt,73.27,73.27
RooseveltWay_NE80thSt,73.24,73.24
RooseveltWay_NE80thSt,73.24,73.24
RooseveltWay_NE80thSt,73.21,73.21
RooseveltWay_NE80thSt,73.19,73.19
RooseveltWay_NE80thSt,73.17,73.17
RooseveltWay_NE80thSt,73.15,73.15
RooseveltWay_NE80thSt,73.14,73.14
RooseveltWay_NE80thSt,73.14,73.14
RooseveltWay_NE80thSt,73.12,73.12
RooseveltWay_NE80thSt,73.09,73.09
RooseveltWay_NE80thSt,73.07,73.07
RooseveltWay_NE80thSt,73.04,73.04
RooseveltWay_NE80thSt,73.03,73.03
MagnoliaBridge,72.13,63.32
MagnoliaBridge,72.13,63.21
MagnoliaBridge,72.11,63.19
MagnoliaBridge,72.08,63.16
MagnoliaBridge,72.08,63.09
MagnoliaBridge,72.05,63.06
MagnoliaBridge,72.03,63.03
MagnoliaBridge,72.03,62.98
MagnoliaBridge,72.02,62.87
MagnoliaBridge,71.98,62.76
MagnoliaBridge,71.98,62.67
MagnoliaBridge,71.94,62.6
MagnoliaBridge,71.93,62.53
MagnoliaBridge,71.93,62.44
MagnoliaBridge,71.92,62.35
SpokaneSwingBridge,72.35,65.46
SpokaneSwingBridge,72.32,65.47
SpokaneSwingBridge,72.31,65.45
SpokaneSwingBridge,72.3,65.44
SpokaneSwingBridge,72.27,65.46
SpokaneSwingBridge,72.26,65.49
SpokaneSwingBridge,72.24,65.49
SpokaneSwingBridge,72.21,65.5
SpokaneSwingBridge,72.21,65.54
SpokaneSwingBridge,72.2,65.54
SpokaneSwingBridge,72.17,65.6
SpokaneSwingBridge,72.16,65.59
SpokaneSwingBridge,72.13,65.59
SpokaneSwingBridge,72.11,65.55
SpokaneSwingBridge,72.11,65.54
HarborAveUpperNorthBridge,72.35,65.46
HarborAveUpperNorthBridge,72.32,65.47
HarborAveUpperNorthBridge,72.31,65.45
HarborAveUpperNorthBridge,72.3,65.44
HarborAveUpperNorthBridge,72.27,65.46
HarborAveUpperNorthBridge,72.26,65.49
HarborAveUpperNorthBridge,72.24,65.49
HarborAveUpperNorthBridge,72.21,65.5
HarborAveUpperNorthBridge,72.21,65.54
HarborAveUpperNorthBridge,72.2,65.54
HarborAveUpperNorthBridge,72.17,65.6
HarborAveUpperNorthBridge,72.16,65.59
HarborAveUpperNorthBridge,72.13,65.59
HarborAveUpperNorthBridge,72.11,65.55
HarborAveUpperNorthBridge,72.11,65.54
HarborAveUpperNorthBridge,72.21,65.54
HarborAveUpperNorthBridge,72.2,65.54
HarborAveUpperNorthBridge,72.17,65.6
HarborAveUpperNorthBridge,72.16,65.59
HarborAveUpperNorthBridge,72.13,65.59
HarborAveUpperNorthBridge,72.11,65.55
HarborAveUpperNorthBridge,72.11,65.54
HarborAveUpperNorthBridge,72.08,65.54
HarborAveUpperNorthBridge,72.06,65.57
HarborAveUpperNorthBridge,71.64,64.99
HarborAveUpperNorthBridge,71.6,64.95
HarborAveUpperNorthBridge,71.59,64.92
HarborAveUpperNorthBridge,71.56,64.91
HarborAveUpperNorthBridge,71.55,64.85
HarborAveUpperNorthBridge,71.51,64.82
HarborAveUpperNorthBridge,71.49,64.8
HarborAveUpperNorthBridge,71.49,64.72
HarborAveUpperNorthBridge,71.45,64.63
HarborAveUpperNorthBridge,71.44,64.56
HarborAveUpperNorthBridge,71.41,64.44
HarborAveUpperNorthBridge,71.39,64.41
HarborAveUpperNorthBridge,71.37,64.37
HarborAveUpperNorthBridge,71.34,64.36
HarborAveUpperNorthBridge,71.33,64.36
RooseveltWay_NE80thSt,72.58,72.58
RooseveltWay_NE80thSt,72.58,72.58
RooseveltWay_NE80thSt,72.57,72.57
RooseveltWay_NE80thSt,72.57,72.57
RooseveltWay_NE80thSt,72.55,72.55
RooseveltWay_NE80thSt,72.53,72.53
RooseveltWay_NE80thSt,72.52,72.52
RooseveltWay_NE80thSt,72.52,72.52
RooseveltWay_NE80thSt,72.52,72.52
RooseveltWay_NE80thSt,72.52,72.52
RooseveltWay_NE80thSt,72.52,72.52
RooseveltWay_NE80thSt,72.51,72.51
RooseveltWay_NE80thSt,72.5,72.5
RooseveltWay_NE80thSt,72.49,72.49
RooseveltWay_NE80thSt,72.47,72.47
MagnoliaBridge,71.32,62.56
MagnoliaBridge,71.29,62.64
MagnoliaBridge,71.27,62.71
MagnoliaBridge,71.25,62.76
MagnoliaBridge,71.22,62.81
MagnoliaBridge,71.22,62.85
MagnoliaBridge,71.21,62.88
MagnoliaBridge,71.19,62.91
MagnoliaBridge,71.17,62.95
MagnoliaBridge,71.16,62.98
MagnoliaBridge,71.14,63
MagnoliaBridge,71.12,62.93
MagnoliaBridge,71.12,62.82
MagnoliaBridge,71.11,62.75
MagnoliaBridge,71.07,62.69
SpokaneSwingBridge,71.64,64.99
SpokaneSwingBridge,71.6,64.95
SpokaneSwingBridge,71.59,64.92
SpokaneSwingBridge,71.56,64.91
SpokaneSwingBridge,71.55,64.85
SpokaneSwingBridge,71.51,64.82
SpokaneSwingBridge,71.49,64.8
SpokaneSwingBridge,71.49,64.72
SpokaneSwingBridge,71.45,64.63
SpokaneSwingBridge,71.44,64.56
SpokaneSwingBridge,71.41,64.44
SpokaneSwingBridge,71.39,64.41
SpokaneSwingBridge,71.37,64.37
SpokaneSwingBridge,71.34,64.36
SpokaneSwingBridge,71.33,64.36
AlbroPlaceAirportWay,83.1,67.63
AlbroPlaceAirportWay,83.1,67.62
AlbroPlaceAirportWay,83.1,67.61
AlbroPlaceAirportWay,83.1,67.59
AlbroPlaceAirportWay,83.1,67.6
AlbroPlaceAirportWay,83.1,67.62
AlbroPlaceAirportWay,83,67.53
AlbroPlaceAirportWay,83,67.45
AlbroPlaceAirportWay,83,67.45
AlbroPlaceAirportWay,83,67.46
AlbroPlaceAirportWay,83,67.47
AlbroPlaceAirportWay,82.9,67.5
AlbroPlaceAirportWay,82.9,67.49
AlbroPlaceAirportWay,82.9,67.45
AlbroPlaceAirportWay,82.9,67.31
MagnoliaBridge,71.01,63.09
MagnoliaBridge,70.99,63.1
MagnoliaBridge,70.97,63.16
MagnoliaBridge,70.97,63.06
MagnoliaBridge,70.97,62.94
MagnoliaBridge,70.95,62.77
MagnoliaBridge,70.92,62.56
MagnoliaBridge,70.92,62.28
MagnoliaBridge,70.92,62.16
MagnoliaBridge,70.88,62.03
MagnoliaBridge,70.87,61.87
MagnoliaBridge,70.85,61.53
MagnoliaBridge,70.82,61.32
MagnoliaBridge,70.82,61.13
MagnoliaBridge,70.78,60.98
HarborAveUpperNorthBridge,71.19,64.12
HarborAveUpperNorthBridge,71.19,64.06
HarborAveUpperNorthBridge,71.16,63.92
HarborAveUpperNorthBridge,71.14,63.8
HarborAveUpperNorthBridge,71.13,63.7
HarborAveUpperNorthBridge,71.1,63.67
HarborAveUpperNorthBridge,71.09,63.66
HarborAveUpperNorthBridge,71.08,63.67
HarborAveUpperNorthBridge,71.06,63.7
HarborAveUpperNorthBridge,71.04,63.72
AlbroPlaceAirportWay,82.8,67.25
AlbroPlaceAirportWay,82.8,67.18
AlbroPlaceAirportWay,82.8,67.19
AlbroPlaceAirportWay,82.8,67.17
AlbroPlaceAirportWay,82.8,67.07
AlbroPlaceAirportWay,82.8,67.06
AlbroPlaceAirportWay,82.8,67.1
AlbroPlaceAirportWay,82.8,67.15
AlbroPlaceAirportWay,82.7,67.17
AlbroPlaceAirportWay,82.7,67.2
AlbroPlaceAirportWay,82.7,67.25
AlbroPlaceAirportWay,82.7,67.22
AlbroPlaceAirportWay,82.7,67.18
AlbroPlaceAirportWay,82.7,67.2
AlbroPlaceAirportWay,82.7,67.15
SpokaneSwingBridge,70.89,63.34
SpokaneSwingBridge,70.89,63.41
SpokaneSwingBridge,70.88,63.38
SpokaneSwingBridge,70.85,63.4
SpokaneSwingBridge,70.83,63.42
SpokaneSwingBridge,70.83,63.38
SpokaneSwingBridge,70.81,63.36
SpokaneSwingBridge,70.78,63.38
SpokaneSwingBridge,70.78,63.42
SpokaneSwingBridge,70.76,63.48
SpokaneSwingBridge,70.74,63.52
SpokaneSwingBridge,70.73,63.55
SpokaneSwingBridge,70.71,63.61
SpokaneSwingBridge,70.69,63.63
SpokaneSwingBridge,70.68,63.66
RooseveltWay_NE80thSt,72.07,72.07
RooseveltWay_NE80thSt,72.07,72.07
RooseveltWay_NE80thSt,72.06,72.06
RooseveltWay_NE80thSt,72.06,72.06
RooseveltWay_NE80thSt,72.04,72.04
RooseveltWay_NE80thSt,72.03,72.03
RooseveltWay_NE80thSt,72.02,72.02
RooseveltWay_NE80thSt,72.02,72.02
RooseveltWay_NE80thSt,72.02,72.02
RooseveltWay_NE80thSt,72.02,72.02
RooseveltWay_NE80thSt,72.02,72.02
RooseveltWay_NE80thSt,72.01,72.01
RooseveltWay_NE80thSt,72,72
RooseveltWay_NE80thSt,71.99,71.99
RooseveltWay_NE80thSt,71.99,71.99
HarborAveUpperNorthBridge,70.89,63.34
HarborAveUpperNorthBridge,70.89,63.41
HarborAveUpperNorthBridge,70.88,63.38
HarborAveUpperNorthBridge,70.85,63.4
HarborAveUpperNorthBridge,70.83,63.42
HarborAveUpperNorthBridge,70.83,63.38
HarborAveUpperNorthBridge,70.81,63.36
HarborAveUpperNorthBridge,70.78,63.38
HarborAveUpperNorthBridge,70.78,63.42
HarborAveUpperNorthBridge,70.76,63.48
HarborAveUpperNorthBridge,70.74,63.52
HarborAveUpperNorthBridge,70.73,63.55
HarborAveUpperNorthBridge,70.71,63.61
HarborAveUpperNorthBridge,70.69,63.63
HarborAveUpperNorthBridge,70.68,63.66
MagnoliaBridge,70.67,60.98
MagnoliaBridge,70.67,60.99
MagnoliaBridge,70.64,61.07
MagnoliaBridge,70.62,61.12
MagnoliaBridge,70.62,61.19
MagnoliaBridge,70.62,61.33
MagnoliaBridge,70.58,61.44
MagnoliaBridge,70.57,61.44
MagnoliaBridge,70.57,61.43
MagnoliaBridge,70.53,61.42
MagnoliaBridge,70.52,61.58
MagnoliaBridge,70.52,61.68
MagnoliaBridge,70.52,61.73
MagnoliaBridge,70.5,61.75
MagnoliaBridge,70.47,61.78
RooseveltWay_NE80thSt,85.3,85.3
RooseveltWay_NE80thSt,85.3,85.3
RooseveltWay_NE80thSt,85.2,85.2
RooseveltWay_NE80thSt,85.2,85.2
RooseveltWay_NE80thSt,85.2,85.2
RooseveltWay_NE80thSt,85.2,85.2
RooseveltWay_NE80thSt,85.2,85.2
RooseveltWay_NE80thSt,85.2,85.2
RooseveltWay_NE80thSt,85.2,85.2
RooseveltWay_NE80thSt,85.2,85.2
RooseveltWay_NE80thSt,85.2,85.2
RooseveltWay_NE80thSt,85.2,85.2
RooseveltWay_NE80thSt,85.2,85.2
RooseveltWay_NE80thSt,85.2,85.2
RooseveltWay_NE80thSt,85.2,85.2
AlbroPlaceAirportWay,82.4,77.5
AlbroPlaceAirportWay,82.4,77.61
AlbroPlaceAirportWay,82.4,77.66
AlbroPlaceAirportWay,82.4,77.72
AlbroPlaceAirportWay,82.4,77.9
AlbroPlaceAirportWay,82.5,78.16
AlbroPlaceAirportWay,82.5,78.22
AlbroPlaceAirportWay,82.5,78.06
AlbroPlaceAirportWay,82.5,77.69
AlbroPlaceAirportWay,82.5,77.45
AlbroPlaceAirportWay,82.5,77.41
AlbroPlaceAirportWay,82.5,77.33
AlbroPlaceAirportWay,82.5,77.21
AlbroPlaceAirportWay,82.5,76.98
AlbroPlaceAirportWay,82.5,76.99
AlbroPlaceAirportWay,84.5,67.09
AlbroPlaceAirportWay,84.5,67.12
AlbroPlaceAirportWay,84.4,67.04
AlbroPlaceAirportWay,84.4,66.99
AlbroPlaceAirportWay,84.4,67.12
AlbroPlaceAirportWay,84.4,67.2
AlbroPlaceAirportWay,84.4,67.36
AlbroPlaceAirportWay,84.3,67.42
AlbroPlaceAirportWay,84.3,67.34
AlbroPlaceAirportWay,84.3,67.2
AlbroPlaceAirportWay,84.3,67.12
AlbroPlaceAirportWay,84.3,67.02
AlbroPlaceAirportWay,84.3,67.01
AlbroPlaceAirportWay,84.3,67.12
AlbroPlaceAirportWay,84.2,67.27
HarborAveUpperNorthBridge,72.93,64.92
HarborAveUpperNorthBridge,72.9,64.98
HarborAveUpperNorthBridge,72.88,65.02
HarborAveUpperNorthBridge,72.88,65.03
HarborAveUpperNorthBridge,72.84,65.07
HarborAveUpperNorthBridge,72.83,65.07
HarborAveUpperNorthBridge,72.81,65.07
HarborAveUpperNorthBridge,72.78,65.1
HarborAveUpperNorthBridge,72.78,65.11
HarborAveUpperNorthBridge,72.74,65.12
HarborAveUpperNorthBridge,72.73,65.15
HarborAveUpperNorthBridge,72.72,65.27
HarborAveUpperNorthBridge,72.69,65.33
HarborAveUpperNorthBridge,72.68,65.43
HarborAveUpperNorthBridge,72.67,65.53
RooseveltWay_NE80thSt,71.96,71.96
RooseveltWay_NE80thSt,71.95,71.95
RooseveltWay_NE80thSt,71.96,71.96
RooseveltWay_NE80thSt,71.96,71.96
RooseveltWay_NE80thSt,71.96,71.96
RooseveltWay_NE80thSt,71.96,71.96
RooseveltWay_NE80thSt,71.99,71.99
RooseveltWay_NE80thSt,72,72
RooseveltWay_NE80thSt,72.01,72.01
RooseveltWay_NE80thSt,72.01,72.01
RooseveltWay_NE80thSt,72.01,72.01
RooseveltWay_NE80thSt,72.02,72.02
RooseveltWay_NE80thSt,72.03,72.03
RooseveltWay_NE80thSt,72.05,72.05
RooseveltWay_NE80thSt,72.06,72.06
HarborAveUpperNorthBridge,70.53,64.1
HarborAveUpperNorthBridge,70.53,64.08
HarborAveUpperNorthBridge,70.53,64.04
HarborAveUpperNorthBridge,70.51,63.95
HarborAveUpperNorthBridge,70.5,63.95
HarborAveUpperNorthBridge,70.5,63.94
HarborAveUpperNorthBridge,70.49,64
HarborAveUpperNorthBridge,70.48,64.13
HarborAveUpperNorthBridge,70.48,64.17
HarborAveUpperNorthBridge,70.48,64.11
HarborAveUpperNorthBridge,70.48,64.04
HarborAveUpperNorthBridge,70.48,64.04
HarborAveUpperNorthBridge,70.48,64.1
HarborAveUpperNorthBridge,70.48,64.12
HarborAveUpperNorthBridge,70.48,64.12
MagnoliaBridge,70.23,61.11
MagnoliaBridge,70.22,61.14
MagnoliaBridge,70.22,61.25
MagnoliaBridge,70.22,61.39
MagnoliaBridge,70.22,61.42
MagnoliaBridge,70.22,61.47
MagnoliaBridge,70.22,61.52
MagnoliaBridge,70.23,61.6
MagnoliaBridge,70.23,61.69
MagnoliaBridge,70.23,61.77
MagnoliaBridge,70.23,61.83
MagnoliaBridge,70.23,61.89
MagnoliaBridge,70.23,61.94
MagnoliaBridge,70.24,61.99
MagnoliaBridge,70.26,62.02
AlbroPlaceAirportWay,82.2,66.99
AlbroPlaceAirportWay,82.2,66.98
AlbroPlaceAirportWay,82.2,67
AlbroPlaceAirportWay,82.2,66.96
AlbroPlaceAirportWay,82.2,66.93
AlbroPlaceAirportWay,82.2,66.85
AlbroPlaceAirportWay,82.1,66.93
AlbroPlaceAirportWay,82.1,66.99
AlbroPlaceAirportWay,82.1,66.95
AlbroPlaceAirportWay,82.1,66.87
AlbroPlaceAirportWay,82.1,66.81
AlbroPlaceAirportWay,82.1,66.85
AlbroPlaceAirportWay,82.1,66.8
AlbroPlaceAirportWay,82.1,66.74
AlbroPlaceAirportWay,82.1,66.8
SpokaneSwingBridge,70.53,64.29
SpokaneSwingBridge,70.53,64.31
SpokaneSwingBridge,70.54,64.36
SpokaneSwingBridge,70.56,64.39
SpokaneSwingBridge,70.57,64.38
SpokaneSwingBridge,70.58,64.4
SpokaneSwingBridge,70.58,64.42
SpokaneSwingBridge,70.58,64.52
HarborAveUpperNorthBridge,72.98,64.74
HarborAveUpperNorthBridge,72.95,64.78
HarborAveUpperNorthBridge,72.94,64.83
HarborAveUpperNorthBridge,72.93,64.92
HarborAveUpperNorthBridge,72.9,64.98
HarborAveUpperNorthBridge,72.88,65.02
RooseveltWay_NE80thSt,73.76,73.76
RooseveltWay_NE80thSt,73.76,73.76
RooseveltWay_NE80thSt,73.76,73.76
RooseveltWay_NE80thSt,73.74,73.74
RooseveltWay_NE80thSt,73.71,73.71
RooseveltWay_NE80thSt,73.71,73.71
RooseveltWay_NE80thSt,73.7,73.7
RooseveltWay_NE80thSt,73.68,73.68
RooseveltWay_NE80thSt,73.66,73.66
RooseveltWay_NE80thSt,73.65,73.65
RooseveltWay_NE80thSt,73.66,73.66
RooseveltWay_NE80thSt,73.65,73.65
RooseveltWay_NE80thSt,73.65,73.65
RooseveltWay_NE80thSt,73.64,73.64
RooseveltWay_NE80thSt,73.64,73.64
MagnoliaBridge,72.75,63.21
MagnoliaBridge,72.75,63.13
MagnoliaBridge,72.74,63.04
MagnoliaBridge,72.72,62.97
MagnoliaBridge,72.7,62.93
MagnoliaBridge,72.69,62.89
MagnoliaBridge,72.69,62.92
MagnoliaBridge,72.68,62.94
MagnoliaBridge,72.65,62.97
MagnoliaBridge,72.65,62.95
MagnoliaBridge,72.64,62.98
MagnoliaBridge,72.64,63.05
MagnoliaBridge,72.63,63.24
MagnoliaBridge,72.61,63.39
MagnoliaBridge,72.6,63.5
SpokaneSwingBridge,73.13,64.64
SpokaneSwingBridge,73.1,64.64
SpokaneSwingBridge,73.09,64.64
SpokaneSwingBridge,73.06,64.65
SpokaneSwingBridge,73.04,64.73
SpokaneSwingBridge,73.04,64.72
SpokaneSwingBridge,73,64.73
SpokaneSwingBridge,72.98,64.74
SpokaneSwingBridge,72.95,64.78
SpokaneSwingBridge,72.94,64.83
SpokaneSwingBridge,72.93,64.92
SpokaneSwingBridge,72.9,64.98
SpokaneSwingBridge,72.88,65.02
SpokaneSwingBridge,72.88,65.03
SpokaneSwingBridge,72.84,65.07
AlbroPlaceAirportWay,84.3,67.12
AlbroPlaceAirportWay,84.3,67.02
AlbroPlaceAirportWay,84.3,67.01
AlbroPlaceAirportWay,84.3,67.12
AlbroPlaceAirportWay,84.2,67.27
AlbroPlaceAirportWay,84.2,67.33
AlbroPlaceAirportWay,84.2,67.27
AlbroPlaceAirportWay,84.2,67.22
AlbroPlaceAirportWay,84.2,67.31
AlbroPlaceAirportWay,84.2,67.4
AlbroPlaceAirportWay,84.2,67.51
AlbroPlaceAirportWay,84.1,67.61
AlbroPlaceAirportWay,84.1,67.51
AlbroPlaceAirportWay,84.1,67.4
AlbroPlaceAirportWay,84.1,67.42
HarborAveUpperNorthBridge,72.78,65.11
HarborAveUpperNorthBridge,72.74,65.12
HarborAveUpperNorthBridge,72.73,65.15
HarborAveUpperNorthBridge,72.72,65.27
HarborAveUpperNorthBridge,72.69,65.33
HarborAveUpperNorthBridge,72.68,65.43
HarborAveUpperNorthBridge,72.67,65.53
HarborAveUpperNorthBridge,72.63,65.57
HarborAveUpperNorthBridge,72.62,65.56
HarborAveUpperNorthBridge,72.61,65.57
HarborAveUpperNorthBridge,72.58,65.5
HarborAveUpperNorthBridge,72.57,65.43
HarborAveUpperNorthBridge,72.54,65.4
HarborAveUpperNorthBridge,72.52,65.4
HarborAveUpperNorthBridge,72.52,65.4
HarborAveUpperNorthBridge,72.02,65.5
HarborAveUpperNorthBridge,72.01,65.49
HarborAveUpperNorthBridge,72,65.49
HarborAveUpperNorthBridge,71.97,65.49
HarborAveUpperNorthBridge,71.96,65.49
HarborAveUpperNorthBridge,71.94,65.47
HarborAveUpperNorthBridge,71.91,65.48
HarborAveUpperNorthBridge,71.9,65.48
HarborAveUpperNorthBridge,71.89,65.45
HarborAveUpperNorthBridge,71.86,65.45
HarborAveUpperNorthBridge,71.85,65.45
HarborAveUpperNorthBridge,71.82,65.42
HarborAveUpperNorthBridge,71.8,65.37
HarborAveUpperNorthBridge,71.8,65.35
HarborAveUpperNorthBridge,71.77,65.35
AlbroPlaceAirportWay,83.7,67.92
AlbroPlaceAirportWay,83.7,67.91
AlbroPlaceAirportWay,83.2,68.01
AlbroPlaceAirportWay,83.2,68
AlbroPlaceAirportWay,83.2,68.01
AlbroPlaceAirportWay,83.2,67.91
AlbroPlaceAirportWay,83.2,67.85
AlbroPlaceAirportWay,83.2,67.85
AlbroPlaceAirportWay,83.2,67.82
AlbroPlaceAirportWay,83.2,67.71
AlbroPlaceAirportWay,83.1,67.66
AlbroPlaceAirportWay,83.1,67.67
AlbroPlaceAirportWay,83.1,67.63
AlbroPlaceAirportWay,83.1,67.62
AlbroPlaceAirportWay,83.1,67.61
AlbroPlaceAirportWay,83.1,67.59
AlbroPlaceAirportWay,83.1,67.6
HarborAveUpperNorthBridge,71.41,64.44
HarborAveUpperNorthBridge,71.39,64.41
HarborAveUpperNorthBridge,71.37,64.37
HarborAveUpperNorthBridge,71.34,64.36
HarborAveUpperNorthBridge,71.33,64.36
HarborAveUpperNorthBridge,71.29,64.28
HarborAveUpperNorthBridge,71.29,64.35
HarborAveUpperNorthBridge,71.25,64.33
HarborAveUpperNorthBridge,71.24,64.23
HarborAveUpperNorthBridge,71.22,64.12
HarborAveUpperNorthBridge,71.19,64.12
HarborAveUpperNorthBridge,71.19,64.06
HarborAveUpperNorthBridge,71.16,63.92
HarborAveUpperNorthBridge,71.14,63.8
HarborAveUpperNorthBridge,71.13,63.7
RooseveltWay_NE80thSt,72.52,72.52
RooseveltWay_NE80thSt,72.51,72.51
RooseveltWay_NE80thSt,72.5,72.5
RooseveltWay_NE80thSt,72.49,72.49
RooseveltWay_NE80thSt,72.47,72.47
RooseveltWay_NE80thSt,72.47,72.47
RooseveltWay_NE80thSt,72.47,72.47
RooseveltWay_NE80thSt,72.46,72.46
RooseveltWay_NE80thSt,72.43,72.43
RooseveltWay_NE80thSt,72.42,72.42
RooseveltWay_NE80thSt,72.42,72.42
RooseveltWay_NE80thSt,72.4,72.4
RooseveltWay_NE80thSt,72.37,72.37
RooseveltWay_NE80thSt,72.36,72.36
RooseveltWay_NE80thSt,72.33,72.33
MagnoliaBridge,71.14,63
MagnoliaBridge,71.12,62.93
MagnoliaBridge,71.12,62.82
MagnoliaBridge,71.11,62.75
MagnoliaBridge,71.07,62.69
MagnoliaBridge,71.07,62.64
MagnoliaBridge,71.05,62.79
MagnoliaBridge,71.02,62.95
MagnoliaBridge,71.02,63.05
MagnoliaBridge,71.02,63.13
MagnoliaBridge,71.01,63.09
MagnoliaBridge,70.99,63.1
MagnoliaBridge,70.97,63.16
MagnoliaBridge,70.97,63.06
MagnoliaBridge,70.97,62.94
SpokaneSwingBridge,71.37,64.37
SpokaneSwingBridge,71.34,64.36
SpokaneSwingBridge,71.33,64.36
SpokaneSwingBridge,71.29,64.28
SpokaneSwingBridge,71.29,64.35
SpokaneSwingBridge,71.25,64.33
SpokaneSwingBridge,71.24,64.23
SpokaneSwingBridge,71.22,64.12
SpokaneSwingBridge,71.19,64.12
SpokaneSwingBridge,71.19,64.06
SpokaneSwingBridge,71.16,63.92
SpokaneSwingBridge,71.14,63.8
SpokaneSwingBridge,71.13,63.7
SpokaneSwingBridge,71.1,63.67
SpokaneSwingBridge,71.09,63.66
AlbroPlaceAirportWay,82.5,66.69
AlbroPlaceAirportWay,82.5,66.76
AlbroPlaceAirportWay,82.4,66.75
AlbroPlaceAirportWay,82.4,66.73
AlbroPlaceAirportWay,82.4,66.78
AlbroPlaceAirportWay,82.4,66.78
AlbroPlaceAirportWay,82.4,66.72
AlbroPlaceAirportWay,82.4,66.66
AlbroPlaceAirportWay,82.4,66.73
AlbroPlaceAirportWay,82.4,66.84
AlbroPlaceAirportWay,82.4,66.96
AlbroPlaceAirportWay,82.3,67.01
AlbroPlaceAirportWay,82.3,67.1
AlbroPlaceAirportWay,82.3,67.13
AlbroPlaceAirportWay,82.3,67.12
SpokaneSwingBridge,70.53,64.1
SpokaneSwingBridge,70.53,64.08
SpokaneSwingBridge,70.53,64.04
SpokaneSwingBridge,70.51,63.95
SpokaneSwingBridge,70.5,63.95
SpokaneSwingBridge,70.5,63.94
SpokaneSwingBridge,70.49,64
SpokaneSwingBridge,70.48,64.13
SpokaneSwingBridge,70.48,64.17
SpokaneSwingBridge,70.48,64.11
SpokaneSwingBridge,70.48,64.04
SpokaneSwingBridge,70.48,64.04
SpokaneSwingBridge,70.48,64.1
SpokaneSwingBridge,70.48,64.12
SpokaneSwingBridge,70.48,64.12
AlbroPlaceAirportWay,81,69.02
AlbroPlaceAirportWay,80.9,68.98
AlbroPlaceAirportWay,80.9,69.03
AlbroPlaceAirportWay,80.9,69
AlbroPlaceAirportWay,80.9,68.97
AlbroPlaceAirportWay,80.9,68.99
AlbroPlaceAirportWay,80.9,69.14
AlbroPlaceAirportWay,80.9,69.19
AlbroPlaceAirportWay,80.9,69.26
AlbroPlaceAirportWay,80.9,69.4
AlbroPlaceAirportWay,80.9,69.41
AlbroPlaceAirportWay,80.9,69.43
AlbroPlaceAirportWay,80.9,69.5
AlbroPlaceAirportWay,80.9,69.57
AlbroPlaceAirportWay,80.9,69.45
RooseveltWay_NE80thSt,76.3,76.3
RooseveltWay_NE80thSt,76.33,76.33
RooseveltWay_NE80thSt,76.37,76.37
RooseveltWay_NE80thSt,76.41,76.41
RooseveltWay_NE80thSt,76.45,76.45
RooseveltWay_NE80thSt,76.5,76.5
RooseveltWay_NE80thSt,76.54,76.54
RooseveltWay_NE80thSt,76.59,76.59
RooseveltWay_NE80thSt,76.63,76.63
RooseveltWay_NE80thSt,76.68,76.68
RooseveltWay_NE80thSt,76.72,76.72
RooseveltWay_NE80thSt,76.77,76.77
RooseveltWay_NE80thSt,76.81,76.81
RooseveltWay_NE80thSt,76.83,76.83
RooseveltWay_NE80thSt,76.87,76.87
SpokaneSwingBridge,72.9,69.01
SpokaneSwingBridge,72.95,69.02
SpokaneSwingBridge,72.99,69.06
SpokaneSwingBridge,73.02,69.13
SpokaneSwingBridge,73.07,69.07
SpokaneSwingBridge,73.12,69.13
SpokaneSwingBridge,73.19,69.17
SpokaneSwingBridge,73.25,69.26
SpokaneSwingBridge,73.32,69.37
SpokaneSwingBridge,73.39,69.44
SpokaneSwingBridge,73.47,69.4
SpokaneSwingBridge,73.55,69.44
SpokaneSwingBridge,73.65,69.46
SpokaneSwingBridge,73.73,69.49
SpokaneSwingBridge,73.81,69.55
MagnoliaBridge,73.14,62.54
MagnoliaBridge,73.16,62.7
MagnoliaBridge,73.21,62.82
MagnoliaBridge,73.25,62.89
MagnoliaBridge,73.3,62.91
MagnoliaBridge,73.35,62.94
MagnoliaBridge,73.4,62.99
MagnoliaBridge,73.45,63.03
MagnoliaBridge,73.5,63.13
MagnoliaBridge,73.57,63.27
MagnoliaBridge,73.64,63.34
MagnoliaBridge,73.69,63.48
MagnoliaBridge,73.76,63.62
MagnoliaBridge,73.82,63.84
MagnoliaBridge,73.89,63.89
HarborAveUpperNorthBridge,72.9,69.01
HarborAveUpperNorthBridge,72.95,69.02
HarborAveUpperNorthBridge,72.99,69.06
HarborAveUpperNorthBridge,73.02,69.13
HarborAveUpperNorthBridge,73.07,69.07
HarborAveUpperNorthBridge,73.12,69.13
HarborAveUpperNorthBridge,73.19,69.17
HarborAveUpperNorthBridge,73.25,69.26
HarborAveUpperNorthBridge,73.32,69.37
HarborAveUpperNorthBridge,73.39,69.44
SpokaneSwingBridge,72.95,64.78
SpokaneSwingBridge,72.94,64.83
SpokaneSwingBridge,72.93,64.92
SpokaneSwingBridge,72.9,64.98
SpokaneSwingBridge,72.88,65.02
SpokaneSwingBridge,72.88,65.03
SpokaneSwingBridge,72.84,65.07
SpokaneSwingBridge,72.83,65.07
SpokaneSwingBridge,72.81,65.07
SpokaneSwingBridge,72.78,65.1
SpokaneSwingBridge,72.78,65.11
SpokaneSwingBridge,72.74,65.12
SpokaneSwingBridge,72.73,65.15
SpokaneSwingBridge,72.72,65.27
SpokaneSwingBridge,72.69,65.33
MagnoliaBridge,72.64,62.98
MagnoliaBridge,72.64,63.05
MagnoliaBridge,72.63,63.24
MagnoliaBridge,72.61,63.39
MagnoliaBridge,72.6,63.5
MagnoliaBridge,72.59,63.56
MagnoliaBridge,72.57,63.62
MagnoliaBridge,72.54,63.71
MagnoliaBridge,72.54,63.82
MagnoliaBridge,72.53,63.88
MagnoliaBridge,72.51,63.86
MagnoliaBridge,72.5,63.86
MagnoliaBridge,72.49,63.86
MagnoliaBridge,72.45,63.86
MagnoliaBridge,72.44,63.86
RooseveltWay_NE80thSt,73.12,73.12
RooseveltWay_NE80thSt,73.09,73.09
RooseveltWay_NE80thSt,73.07,73.07
RooseveltWay_NE80thSt,73.04,73.04
RooseveltWay_NE80thSt,73.03,73.03
RooseveltWay_NE80thSt,73.02,73.02
RooseveltWay_NE80thSt,72.99,72.99
RooseveltWay_NE80thSt,72.96,72.96
RooseveltWay_NE80thSt,72.94,72.94
RooseveltWay_NE80thSt,72.93,72.93
RooseveltWay_NE80thSt,72.92,72.92
RooseveltWay_NE80thSt,72.88,72.88
RooseveltWay_NE80thSt,72.88,72.88
RooseveltWay_NE80thSt,72.84,72.84
RooseveltWay_NE80thSt,72.83,72.83
SpokaneSwingBridge,72.21,65.54
SpokaneSwingBridge,72.2,65.54
SpokaneSwingBridge,72.17,65.6
SpokaneSwingBridge,72.16,65.59
SpokaneSwingBridge,72.13,65.59
SpokaneSwingBridge,72.11,65.55
SpokaneSwingBridge,72.11,65.54
SpokaneSwingBridge,72.08,65.54
SpokaneSwingBridge,72.06,65.57
SpokaneSwingBridge,72.06,65.55
SpokaneSwingBridge,72.02,65.5
SpokaneSwingBridge,72.01,65.49
SpokaneSwingBridge,72,65.49
SpokaneSwingBridge,71.97,65.49
SpokaneSwingBridge,71.96,65.49
MagnoliaBridge,71.98,62.67
MagnoliaBridge,71.94,62.6
MagnoliaBridge,71.93,62.53
MagnoliaBridge,71.93,62.44
MagnoliaBridge,71.92,62.35
MagnoliaBridge,71.88,62.23
MagnoliaBridge,71.88,62.12
MagnoliaBridge,71.84,62.07
MagnoliaBridge,71.83,62.04
MagnoliaBridge,71.83,61.94
MagnoliaBridge,71.8,61.82
MagnoliaBridge,71.78,61.78
MagnoliaBridge,71.76,61.9
MagnoliaBridge,71.73,61.95
MagnoliaBridge,71.73,61.99
HarborAveUpperNorthBridge,73.47,69.4
HarborAveUpperNorthBridge,73.55,69.44
HarborAveUpperNorthBridge,73.65,69.46
HarborAveUpperNorthBridge,73.73,69.49
HarborAveUpperNorthBridge,73.81,69.55
AlbroPlaceAirportWay,82.7,67.25
AlbroPlaceAirportWay,82.7,67.22
AlbroPlaceAirportWay,82.7,67.18
AlbroPlaceAirportWay,82.7,67.2
AlbroPlaceAirportWay,82.7,67.15
AlbroPlaceAirportWay,82.6,67.07
AlbroPlaceAirportWay,82.6,67.05
AlbroPlaceAirportWay,82.6,67.02
AlbroPlaceAirportWay,82.6,67.03
AlbroPlaceAirportWay,82.6,66.95
AlbroPlaceAirportWay,82.6,66.96
AlbroPlaceAirportWay,82.6,66.99
AlbroPlaceAirportWay,82.6,67.03
AlbroPlaceAirportWay,82.5,66.99
AlbroPlaceAirportWay,82.5,66.99
SpokaneSwingBridge,70.74,63.52
SpokaneSwingBridge,70.73,63.55
SpokaneSwingBridge,70.71,63.61
SpokaneSwingBridge,70.69,63.63
SpokaneSwingBridge,70.68,63.66
SpokaneSwingBridge,70.68,63.67
SpokaneSwingBridge,70.66,63.75
SpokaneSwingBridge,70.63,63.87
SpokaneSwingBridge,70.63,63.95
SpokaneSwingBridge,70.62,63.96
SpokaneSwingBridge,70.59,63.96
SpokaneSwingBridge,70.58,64.03
SpokaneSwingBridge,70.58,63.94
SpokaneSwingBridge,70.58,64.01
SpokaneSwingBridge,70.58,64.07
RooseveltWay_NE80thSt,72.02,72.02
RooseveltWay_NE80thSt,72.01,72.01
RooseveltWay_NE80thSt,72,72
RooseveltWay_NE80thSt,71.99,71.99
RooseveltWay_NE80thSt,71.99,71.99
RooseveltWay_NE80thSt,71.98,71.98
RooseveltWay_NE80thSt,71.98,71.98
RooseveltWay_NE80thSt,71.97,71.97
RooseveltWay_NE80thSt,71.96,71.96
RooseveltWay_NE80thSt,71.97,71.97
RooseveltWay_NE80thSt,71.97,71.97
RooseveltWay_NE80thSt,71.96,71.96
RooseveltWay_NE80thSt,71.96,71.96
RooseveltWay_NE80thSt,71.96,71.96
RooseveltWay_NE80thSt,71.96,71.96
HarborAveUpperNorthBridge,70.74,63.52
HarborAveUpperNorthBridge,70.73,63.55
HarborAveUpperNorthBridge,70.71,63.61
HarborAveUpperNorthBridge,70.69,63.63
HarborAveUpperNorthBridge,70.68,63.66
HarborAveUpperNorthBridge,70.68,63.67
HarborAveUpperNorthBridge,70.66,63.75
HarborAveUpperNorthBridge,70.63,63.87
HarborAveUpperNorthBridge,70.63,63.95
HarborAveUpperNorthBridge,70.62,63.96
HarborAveUpperNorthBridge,70.59,63.96
HarborAveUpperNorthBridge,70.58,64.03
HarborAveUpperNorthBridge,70.58,63.94
HarborAveUpperNorthBridge,70.58,64.01
HarborAveUpperNorthBridge,70.58,64.07
MagnoliaBridge,70.52,61.58
MagnoliaBridge,70.52,61.68
MagnoliaBridge,70.52,61.73
MagnoliaBridge,70.5,61.75
MagnoliaBridge,70.47,61.78
MagnoliaBridge,70.47,61.75
MagnoliaBridge,70.46,61.64
MagnoliaBridge,70.43,61.58
MagnoliaBridge,70.42,61.49
MagnoliaBridge,70.42,61.34
MagnoliaBridge,70.39,61.23
MagnoliaBridge,70.37,61.2
MagnoliaBridge,70.35,61.16
MagnoliaBridge,70.32,61.16
MagnoliaBridge,70.32,61.14
RooseveltWay_NE80thSt,75.37,75.37
RooseveltWay_NE80thSt,75.35,75.35
RooseveltWay_NE80thSt,75.35,75.35
RooseveltWay_NE80thSt,75.33,75.33
RooseveltWay_NE80thSt,75.3,75.3
RooseveltWay_NE80thSt,75.28,75.28
RooseveltWay_NE80thSt,75.25,75.25
RooseveltWay_NE80thSt,75.24,75.24
RooseveltWay_NE80thSt,75.24,75.24
RooseveltWay_NE80thSt,75.24,75.24
RooseveltWay_NE80thSt,75.2,75.2
RooseveltWay_NE80thSt,75.19,75.19
RooseveltWay_NE80thSt,75.18,75.18
RooseveltWay_NE80thSt,75.16,75.16
RooseveltWay_NE80thSt,75.14,75.14
MagnoliaBridge,74.23,65
MagnoliaBridge,74.2,65.01
MagnoliaBridge,74.17,65.05
MagnoliaBridge,74.17,65.07
MagnoliaBridge,74.16,65.1
MagnoliaBridge,74.13,65.13
MagnoliaBridge,74.12,65.15
MagnoliaBridge,74.11,65.19
MagnoliaBridge,74.09,65.19
MagnoliaBridge,74.07,65.23
MagnoliaBridge,74.07,65.24
MagnoliaBridge,74.06,65.24
MagnoliaBridge,74.06,65.24
MagnoliaBridge,74.05,65.24
MagnoliaBridge,74.05,65.24
SpokaneSwingBridge,75.51,65.71
SpokaneSwingBridge,75.48,65.71
SpokaneSwingBridge,75.47,65.7
SpokaneSwingBridge,75.44,65.72
SpokaneSwingBridge,75.43,65.63
SpokaneSwingBridge,75.4,65.66
SpokaneSwingBridge,75.38,65.67
SpokaneSwingBridge,75.37,65.77
SpokaneSwingBridge,75.33,65.78
SpokaneSwingBridge,75.32,65.84
SpokaneSwingBridge,75.28,65.83
SpokaneSwingBridge,75.27,65.78
SpokaneSwingBridge,75.24,65.68
SpokaneSwingBridge,75.21,65.7
SpokaneSwingBridge,75.2,65.58
HarborAveUpperNorthBridge,72.06,65.55
HarborAveUpperNorthBridge,72.02,65.5
HarborAveUpperNorthBridge,72.01,65.49
HarborAveUpperNorthBridge,72,65.49
HarborAveUpperNorthBridge,71.97,65.49
HarborAveUpperNorthBridge,71.96,65.49
AlbroPlaceAirportWay,81.5,74.06
AlbroPlaceAirportWay,81.5,74.23
AlbroPlaceAirportWay,81.5,74.37
AlbroPlaceAirportWay,81.5,74.57
SpokaneSwingBridge,82.9,74.86
SpokaneSwingBridge,83.1,74.97
SpokaneSwingBridge,83.3,75.08
SpokaneSwingBridge,83.5,75.11
SpokaneSwingBridge,83.7,75.09
SpokaneSwingBridge,83.8,75.08
SpokaneSwingBridge,83.9,75
SpokaneSwingBridge,84.1,74.96
SpokaneSwingBridge,84.1,74.94
SpokaneSwingBridge,84.2,74.82
SpokaneSwingBridge,84.3,74.73
SpokaneSwingBridge,84.3,74.72
SpokaneSwingBridge,84.3,74.74
SpokaneSwingBridge,84.4,74.76
SpokaneSwingBridge,84.4,74.83
RooseveltWay_NE80thSt,88.8,88.8
RooseveltWay_NE80thSt,88.8,88.8
RooseveltWay_NE80thSt,88.7,88.7
RooseveltWay_NE80thSt,88.6,88.6
RooseveltWay_NE80thSt,88.6,88.6
RooseveltWay_NE80thSt,88.5,88.5
RooseveltWay_NE80thSt,88.4,88.4
RooseveltWay_NE80thSt,88.3,88.3
RooseveltWay_NE80thSt,88.2,88.2
RooseveltWay_NE80thSt,88.1,88.1
RooseveltWay_NE80thSt,88,88
RooseveltWay_NE80thSt,87.9,87.9
RooseveltWay_NE80thSt,87.8,87.8
RooseveltWay_NE80thSt,87.7,87.7
RooseveltWay_NE80thSt,87.6,87.6
MagnoliaBridge,85.8,69.2
MagnoliaBridge,86,69.15
MagnoliaBridge,86.1,69.2
MagnoliaBridge,86.2,69.12
MagnoliaBridge,86.3,69.08
MagnoliaBridge,86.4,69.07
MagnoliaBridge,86.4,69.1
MagnoliaBridge,86.4,69.01
MagnoliaBridge,86.3,68.87
MagnoliaBridge,86.3,68.7
MagnoliaBridge,86.3,68.7
MagnoliaBridge,86.3,68.77
MagnoliaBridge,86.3,68.84
MagnoliaBridge,86.3,69.02
MagnoliaBridge,86.3,69.17
HarborAveUpperNorthBridge,82.9,74.86
AlbroPlaceAirportWay,86,66.09
AlbroPlaceAirportWay,86,66.04
AlbroPlaceAirportWay,85.9,65.97
AlbroPlaceAirportWay,85.9,65.88
AlbroPlaceAirportWay,85.9,65.78
AlbroPlaceAirportWay,85.9,65.72
AlbroPlaceAirportWay,85.9,65.72
AlbroPlaceAirportWay,85.9,65.73
AlbroPlaceAirportWay,85.8,65.78
AlbroPlaceAirportWay,85.8,65.8
AlbroPlaceAirportWay,85.8,65.87
AlbroPlaceAirportWay,85.8,65.92
AlbroPlaceAirportWay,85.8,65.9
AlbroPlaceAirportWay,85.7,65.88
AlbroPlaceAirportWay,85.7,65.75
AlbroPlaceAirportWay,85.6,65.54
AlbroPlaceAirportWay,85.6,65.57
AlbroPlaceAirportWay,85.6,65.57
AlbroPlaceAirportWay,85.6,65.57
AlbroPlaceAirportWay,85.6,65.6
AlbroPlaceAirportWay,85.6,65.65
AlbroPlaceAirportWay,85.5,65.73
AlbroPlaceAirportWay,85.5,65.72
AlbroPlaceAirportWay,85.5,65.71
AlbroPlaceAirportWay,85.5,65.73
AlbroPlaceAirportWay,85.5,65.79
AlbroPlaceAirportWay,85.4,65.81
AlbroPlaceAirportWay,85.4,65.86
AlbroPlaceAirportWay,85.4,65.91
AlbroPlaceAirportWay,85.4,65.93
SpokaneSwingBridge,74.43,65.54
SpokaneSwingBridge,74.39,65.6
SpokaneSwingBridge,74.38,65.63
SpokaneSwingBridge,74.36,65.65
SpokaneSwingBridge,74.33,65.71
SpokaneSwingBridge,74.33,65.72
SpokaneSwingBridge,74.3,65.73
SpokaneSwingBridge,74.28,65.65
SpokaneSwingBridge,74.27,65.67
SpokaneSwingBridge,74.24,65.73
SpokaneSwingBridge,74.22,65.71
SpokaneSwingBridge,74.19,65.71
SpokaneSwingBridge,74.17,65.67
SpokaneSwingBridge,74.16,65.61
SpokaneSwingBridge,74.13,65.58
RooseveltWay_NE80thSt,74.61,74.61
RooseveltWay_NE80thSt,74.6,74.6
RooseveltWay_NE80thSt,74.6,74.6
RooseveltWay_NE80thSt,74.6,74.6
RooseveltWay_NE80thSt,74.57,74.57
RooseveltWay_NE80thSt,74.55,74.55
RooseveltWay_NE80thSt,74.54,74.54
RooseveltWay_NE80thSt,74.52,74.52
RooseveltWay_NE80thSt,74.5,74.5
RooseveltWay_NE80thSt,74.49,74.49
RooseveltWay_NE80thSt,74.46,74.46
RooseveltWay_NE80thSt,74.44,74.44
RooseveltWay_NE80thSt,74.42,74.42
RooseveltWay_NE80thSt,74.4,74.4
RooseveltWay_NE80thSt,74.39,74.39
MagnoliaBridge,73.65,64.64
MagnoliaBridge,73.61,64.59
MagnoliaBridge,73.61,64.54
MagnoliaBridge,73.57,64.53
MagnoliaBridge,73.57,64.51
MagnoliaBridge,73.56,64.5
MagnoliaBridge,73.52,64.47
MagnoliaBridge,73.51,64.46
MagnoliaBridge,73.5,64.45
MagnoliaBridge,73.48,64.45
MagnoliaBridge,73.46,64.44
MagnoliaBridge,73.46,64.37
MagnoliaBridge,73.45,64.32
MagnoliaBridge,73.42,64.29
MagnoliaBridge,73.41,64.28
HarborAveUpperNorthBridge,74.38,65.63
HarborAveUpperNorthBridge,74.36,65.65
HarborAveUpperNorthBridge,74.33,65.71
HarborAveUpperNorthBridge,74.33,65.72
HarborAveUpperNorthBridge,74.3,65.73
HarborAveUpperNorthBridge,74.28,65.65
HarborAveUpperNorthBridge,74.27,65.67
HarborAveUpperNorthBridge,74.24,65.73
HarborAveUpperNorthBridge,74.22,65.71
HarborAveUpperNorthBridge,74.19,65.71
HarborAveUpperNorthBridge,74.17,65.67
HarborAveUpperNorthBridge,74.16,65.61
HarborAveUpperNorthBridge,74.13,65.58
HarborAveUpperNorthBridge,74.11,65.5
HarborAveUpperNorthBridge,74.08,65.45
AlbroPlaceAirportWay,85.3,65.67
AlbroPlaceAirportWay,85.3,65.62
AlbroPlaceAirportWay,85.3,65.57
AlbroPlaceAirportWay,85.3,65.54
AlbroPlaceAirportWay,85.2,65.5
AlbroPlaceAirportWay,85.2,65.47
AlbroPlaceAirportWay,85.2,65.48
AlbroPlaceAirportWay,85.2,65.48
AlbroPlaceAirportWay,85.1,65.48
AlbroPlaceAirportWay,85.1,65.48
AlbroPlaceAirportWay,85.5,65.79
AlbroPlaceAirportWay,85.4,65.81
AlbroPlaceAirportWay,85.4,65.86
AlbroPlaceAirportWay,85.4,65.91
AlbroPlaceAirportWay,85.4,65.93
AlbroPlaceAirportWay,85.4,65.98
AlbroPlaceAirportWay,85.4,65.96
AlbroPlaceAirportWay,85.3,65.95
AlbroPlaceAirportWay,85.3,65.86
AlbroPlaceAirportWay,85.3,65.74
AlbroPlaceAirportWay,85.3,65.67
AlbroPlaceAirportWay,85.3,65.62
AlbroPlaceAirportWay,85.3,65.57
AlbroPlaceAirportWay,85.3,65.54
AlbroPlaceAirportWay,85.2,65.5
HarborAveUpperNorthBridge,74.22,65.71
HarborAveUpperNorthBridge,74.19,65.71
HarborAveUpperNorthBridge,74.17,65.67
HarborAveUpperNorthBridge,74.16,65.61
HarborAveUpperNorthBridge,74.13,65.58
HarborAveUpperNorthBridge,74.11,65.5
HarborAveUpperNorthBridge,74.08,65.45
HarborAveUpperNorthBridge,74.06,65.42
HarborAveUpperNorthBridge,74.03,65.38
HarborAveUpperNorthBridge,74.02,65.35
HarborAveUpperNorthBridge,73.99,65.38
HarborAveUpperNorthBridge,73.96,65.36
HarborAveUpperNorthBridge,73.96,65.34
HarborAveUpperNorthBridge,73.93,65.38
HarborAveUpperNorthBridge,73.91,65.3
RooseveltWay_NE80thSt,74.46,74.46
RooseveltWay_NE80thSt,74.44,74.44
RooseveltWay_NE80thSt,74.42,74.42
RooseveltWay_NE80thSt,74.4,74.4
RooseveltWay_NE80thSt,74.39,74.39
RooseveltWay_NE80thSt,74.38,74.38
RooseveltWay_NE80thSt,74.35,74.35
RooseveltWay_NE80thSt,74.34,74.34
RooseveltWay_NE80thSt,74.32,74.32
RooseveltWay_NE80thSt,74.29,74.29
RooseveltWay_NE80thSt,74.29,74.29
RooseveltWay_NE80thSt,74.27,74.27
RooseveltWay_NE80thSt,74.25,74.25
RooseveltWay_NE80thSt,74.23,74.23
RooseveltWay_NE80thSt,74.21,74.21
MagnoliaBridge,73.46,64.44
MagnoliaBridge,73.46,64.37
MagnoliaBridge,73.45,64.32
MagnoliaBridge,73.42,64.29
MagnoliaBridge,73.41,64.28
MagnoliaBridge,73.41,64.3
MagnoliaBridge,73.37,64.32
MagnoliaBridge,73.36,64.32
MagnoliaBridge,73.36,64.34
MagnoliaBridge,73.36,64.37
MagnoliaBridge,73.35,64.37
MagnoliaBridge,73.32,64.37
MagnoliaBridge,73.31,64.34
MagnoliaBridge,73.28,64.31
MagnoliaBridge,73.26,64.25
SpokaneSwingBridge,74.17,65.67
SpokaneSwingBridge,74.16,65.61
SpokaneSwingBridge,74.13,65.58
SpokaneSwingBridge,74.11,65.5
SpokaneSwingBridge,74.08,65.45
SpokaneSwingBridge,74.06,65.42
SpokaneSwingBridge,74.03,65.38
SpokaneSwingBridge,74.02,65.35
SpokaneSwingBridge,73.99,65.38
SpokaneSwingBridge,73.96,65.36
SpokaneSwingBridge,73.96,65.34
SpokaneSwingBridge,73.93,65.38
SpokaneSwingBridge,73.91,65.3
SpokaneSwingBridge,73.89,65.29
SpokaneSwingBridge,73.87,65.4
AlbroPlaceAirportWay,84.6,66.56
AlbroPlaceAirportWay,84.6,66.55
AlbroPlaceAirportWay,84.6,66.66
AlbroPlaceAirportWay,84.6,66.69
AlbroPlaceAirportWay,84.6,66.6
AlbroPlaceAirportWay,84.5,66.6
AlbroPlaceAirportWay,84.5,66.73
AlbroPlaceAirportWay,84.5,66.86
AlbroPlaceAirportWay,84.5,66.88
AlbroPlaceAirportWay,84.5,67
AlbroPlaceAirportWay,84.5,67.09
AlbroPlaceAirportWay,84.5,67.12
AlbroPlaceAirportWay,84.4,67.04
AlbroPlaceAirportWay,84.4,66.99
AlbroPlaceAirportWay,84.4,67.12
AlbroPlaceAirportWay,83.7,67.77
MagnoliaBridge,74.28,63.54
HarborAveUpperNorthBridge,83.1,74.97
AlbroPlaceAirportWay,87.4,69.52
AlbroPlaceAirportWay,87.4,69.61
AlbroPlaceAirportWay,87.3,69.74
AlbroPlaceAirportWay,87.3,69.81
AlbroPlaceAirportWay,87.3,69.75
AlbroPlaceAirportWay,87.3,69.52
AlbroPlaceAirportWay,87.3,69.27
AlbroPlaceAirportWay,87.3,69.1
AlbroPlaceAirportWay,87.3,68.98
AlbroPlaceAirportWay,87.3,68.91
AlbroPlaceAirportWay,87.2,68.89
AlbroPlaceAirportWay,87.2,68.87
AlbroPlaceAirportWay,87.2,68.79
AlbroPlaceAirportWay,87.2,68.73
AlbroPlaceAirportWay,87.2,68.66
SpokaneSwingBridge,77.24,68.93
SpokaneSwingBridge,77.21,68.76
SpokaneSwingBridge,77.17,68.63
SpokaneSwingBridge,77.16,68.51
SpokaneSwingBridge,77.12,68.36
SpokaneSwingBridge,77.1,68.29
SpokaneSwingBridge,77.06,68.24
SpokaneSwingBridge,77.04,68.04
SpokaneSwingBridge,77,68
SpokaneSwingBridge,76.98,67.89
SpokaneSwingBridge,76.94,67.76
SpokaneSwingBridge,76.91,67.56
SpokaneSwingBridge,76.88,67.53
SpokaneSwingBridge,76.84,67.3
SpokaneSwingBridge,76.83,67.01
AlbroPlaceAirportWay,83.6,67.64
AlbroPlaceAirportWay,83.6,67.64
AlbroPlaceAirportWay,83.6,67.69
AlbroPlaceAirportWay,83.6,67.58
AlbroPlaceAirportWay,83.6,67.63
AlbroPlaceAirportWay,83.6,67.6
AlbroPlaceAirportWay,83.5,67.53
AlbroPlaceAirportWay,83.5,67.57
AlbroPlaceAirportWay,83.5,67.69
AlbroPlaceAirportWay,83.5,67.79
AlbroPlaceAirportWay,83.5,67.86
AlbroPlaceAirportWay,83.5,67.92
SpokaneSwingBridge,72.02,65.5
SpokaneSwingBridge,72.01,65.49
SpokaneSwingBridge,72,65.49
SpokaneSwingBridge,71.97,65.49
SpokaneSwingBridge,71.96,65.49
SpokaneSwingBridge,71.94,65.47
SpokaneSwingBridge,71.91,65.48
SpokaneSwingBridge,71.9,65.48
SpokaneSwingBridge,71.89,65.45
SpokaneSwingBridge,71.86,65.45
SpokaneSwingBridge,71.85,65.45
SpokaneSwingBridge,71.82,65.42
SpokaneSwingBridge,71.8,65.37
SpokaneSwingBridge,71.8,65.35
SpokaneSwingBridge,71.77,65.35
RooseveltWay_NE80thSt,72.92,72.92
RooseveltWay_NE80thSt,72.88,72.88
RooseveltWay_NE80thSt,72.88,72.88
RooseveltWay_NE80thSt,72.84,72.84
RooseveltWay_NE80thSt,72.83,72.83
RooseveltWay_NE80thSt,72.82,72.82
RooseveltWay_NE80thSt,72.8,72.8
RooseveltWay_NE80thSt,72.78,72.78
RooseveltWay_NE80thSt,72.77,72.77
RooseveltWay_NE80thSt,72.73,72.73
RooseveltWay_NE80thSt,72.73,72.73
RooseveltWay_NE80thSt,72.72,72.72
RooseveltWay_NE80thSt,72.69,72.69
RooseveltWay_NE80thSt,72.68,72.68
RooseveltWay_NE80thSt,72.67,72.67
MagnoliaBridge,71.8,61.82
MagnoliaBridge,71.78,61.78
MagnoliaBridge,71.76,61.9
MagnoliaBridge,71.73,61.95
MagnoliaBridge,71.73,61.99
MagnoliaBridge,71.69,62.07
MagnoliaBridge,71.67,62.15
MagnoliaBridge,71.63,62.2
MagnoliaBridge,71.63,62.26
MagnoliaBridge,71.59,62.37
MagnoliaBridge,71.56,62.49
MagnoliaBridge,71.53,62.56
MagnoliaBridge,71.51,62.58
MagnoliaBridge,71.48,62.57
MagnoliaBridge,71.45,62.57
AlbroPlaceAirportWay,86.5,66.87
AlbroPlaceAirportWay,86.4,66.88
AlbroPlaceAirportWay,86.4,66.82
AlbroPlaceAirportWay,86.4,66.72
AlbroPlaceAirportWay,86.4,66.65
AlbroPlaceAirportWay,86.4,66.58
AlbroPlaceAirportWay,86.4,66.5
AlbroPlaceAirportWay,86.4,66.54
AlbroPlaceAirportWay,86.3,66.53
AlbroPlaceAirportWay,86.3,66.47
AlbroPlaceAirportWay,86.3,66.52
AlbroPlaceAirportWay,86.3,66.57
AlbroPlaceAirportWay,86.2,66.6
AlbroPlaceAirportWay,86.2,66.61
AlbroPlaceAirportWay,86.2,66.62
HarborAveUpperNorthBridge,75.54,65.66
HarborAveUpperNorthBridge,75.53,65.71
HarborAveUpperNorthBridge,75.51,65.71
HarborAveUpperNorthBridge,75.48,65.71
HarborAveUpperNorthBridge,75.47,65.7
HarborAveUpperNorthBridge,75.44,65.72
HarborAveUpperNorthBridge,75.43,65.63
HarborAveUpperNorthBridge,75.4,65.66
HarborAveUpperNorthBridge,75.38,65.67
HarborAveUpperNorthBridge,75.37,65.77
HarborAveUpperNorthBridge,75.33,65.78
HarborAveUpperNorthBridge,75.32,65.84
HarborAveUpperNorthBridge,75.28,65.83
HarborAveUpperNorthBridge,75.27,65.78
HarborAveUpperNorthBridge,75.24,65.68
AlbroPlaceAirportWay,85.8,65.87
AlbroPlaceAirportWay,85.8,65.92
AlbroPlaceAirportWay,85.8,65.9
AlbroPlaceAirportWay,85.7,65.88
AlbroPlaceAirportWay,85.7,65.75
AlbroPlaceAirportWay,85.7,65.67
AlbroPlaceAirportWay,85.7,65.6
AlbroPlaceAirportWay,85.7,65.54
AlbroPlaceAirportWay,85.7,65.52
AlbroPlaceAirportWay,85.6,65.54
AlbroPlaceAirportWay,85.6,65.54
AlbroPlaceAirportWay,85.6,65.57
AlbroPlaceAirportWay,85.6,65.57
AlbroPlaceAirportWay,85.6,65.57
AlbroPlaceAirportWay,85.6,65.6
HarborAveUpperNorthBridge,74.64,65.46
HarborAveUpperNorthBridge,74.62,65.49
HarborAveUpperNorthBridge,74.59,65.54
HarborAveUpperNorthBridge,74.58,65.55
HarborAveUpperNorthBridge,74.55,65.54
HarborAveUpperNorthBridge,74.53,65.52
HarborAveUpperNorthBridge,74.51,65.52
HarborAveUpperNorthBridge,74.48,65.5
HarborAveUpperNorthBridge,74.47,65.5
HarborAveUpperNorthBridge,74.43,65.5
HarborAveUpperNorthBridge,74.43,65.54
HarborAveUpperNorthBridge,74.39,65.6
HarborAveUpperNorthBridge,74.38,65.63
HarborAveUpperNorthBridge,74.36,65.65
HarborAveUpperNorthBridge,74.33,65.71
RooseveltWay_NE80thSt,74.75,74.75
RooseveltWay_NE80thSt,74.73,74.73
RooseveltWay_NE80thSt,74.71,74.71
RooseveltWay_NE80thSt,74.71,74.71
RooseveltWay_NE80thSt,74.69,74.69
RooseveltWay_NE80thSt,74.66,74.66
RooseveltWay_NE80thSt,74.66,74.66
RooseveltWay_NE80thSt,74.65,74.65
RooseveltWay_NE80thSt,74.64,74.64
RooseveltWay_NE80thSt,74.63,74.63
RooseveltWay_NE80thSt,74.61,74.61
RooseveltWay_NE80thSt,74.6,74.6
RooseveltWay_NE80thSt,74.6,74.6
RooseveltWay_NE80thSt,74.6,74.6
RooseveltWay_NE80thSt,74.57,74.57
MagnoliaBridge,73.76,64.92
MagnoliaBridge,73.76,64.9
MagnoliaBridge,73.76,64.83
MagnoliaBridge,73.74,64.82
MagnoliaBridge,73.72,64.83
MagnoliaBridge,73.71,64.82
MagnoliaBridge,73.71,64.82
MagnoliaBridge,73.68,64.81
MagnoliaBridge,73.67,64.75
MagnoliaBridge,73.66,64.71
MagnoliaBridge,73.65,64.64
MagnoliaBridge,73.61,64.59
MagnoliaBridge,73.61,64.54
MagnoliaBridge,73.57,64.53
MagnoliaBridge,73.57,64.51
SpokaneSwingBridge,74.59,65.54
SpokaneSwingBridge,74.58,65.55
SpokaneSwingBridge,74.55,65.54
SpokaneSwingBridge,74.53,65.52
SpokaneSwingBridge,74.51,65.52
SpokaneSwingBridge,74.48,65.5
SpokaneSwingBridge,74.47,65.5
SpokaneSwingBridge,74.43,65.5
AlbroPlaceAirportWay,87.1,68.29
AlbroPlaceAirportWay,87.1,68.2
AlbroPlaceAirportWay,87.1,68.11
AlbroPlaceAirportWay,87,68.05
AlbroPlaceAirportWay,87,67.97
AlbroPlaceAirportWay,87,67.89
AlbroPlaceAirportWay,87,67.82
AlbroPlaceAirportWay,87,67.75
AlbroPlaceAirportWay,87,67.63
AlbroPlaceAirportWay,87,67.61
AlbroPlaceAirportWay,86.9,67.57
AlbroPlaceAirportWay,86.9,67.57
AlbroPlaceAirportWay,86.9,67.53
AlbroPlaceAirportWay,86.9,67.5
AlbroPlaceAirportWay,86.9,67.48
HarborAveUpperNorthBridge,76.61,66.67
HarborAveUpperNorthBridge,76.58,66.53
HarborAveUpperNorthBridge,76.55,66.39
HarborAveUpperNorthBridge,76.51,66.3
HarborAveUpperNorthBridge,76.49,66.21
HarborAveUpperNorthBridge,76.45,66.15
HarborAveUpperNorthBridge,76.42,66.16
HarborAveUpperNorthBridge,76.39,66.2
HarborAveUpperNorthBridge,76.35,66.22
HarborAveUpperNorthBridge,76.33,66.23
HarborAveUpperNorthBridge,76.29,66.22
HarborAveUpperNorthBridge,76.27,66.23
HarborAveUpperNorthBridge,76.23,66.29
HarborAveUpperNorthBridge,76.21,66.32
HarborAveUpperNorthBridge,76.18,66.34
RooseveltWay_NE80thSt,75.81,75.81
RooseveltWay_NE80thSt,75.8,75.8
RooseveltWay_NE80thSt,75.79,75.79
RooseveltWay_NE80thSt,75.78,75.78
RooseveltWay_NE80thSt,75.78,75.78
RooseveltWay_NE80thSt,75.78,75.78
RooseveltWay_NE80thSt,75.77,75.77
RooseveltWay_NE80thSt,75.74,75.74
RooseveltWay_NE80thSt,75.73,75.73
RooseveltWay_NE80thSt,75.72,75.72
RooseveltWay_NE80thSt,75.72,75.72
RooseveltWay_NE80thSt,75.7,75.7
RooseveltWay_NE80thSt,75.68,75.68
RooseveltWay_NE80thSt,75.68,75.68
RooseveltWay_NE80thSt,75.67,75.67
MagnoliaBridge,75.05,65.54
MagnoliaBridge,75.04,65.46
MagnoliaBridge,75.01,65.39
MagnoliaBridge,74.99,65.33
MagnoliaBridge,74.97,65.27
MagnoliaBridge,74.94,65.21
MagnoliaBridge,74.9,65.13
MagnoliaBridge,74.89,65.04
MagnoliaBridge,74.85,64.98
MagnoliaBridge,74.83,64.91
MagnoliaBridge,74.78,64.87
MagnoliaBridge,74.78,64.84
MagnoliaBridge,74.73,64.81
MagnoliaBridge,74.72,64.8
MagnoliaBridge,74.69,64.8
SpokaneSwingBridge,76.55,66.39
SpokaneSwingBridge,76.51,66.3
SpokaneSwingBridge,76.49,66.21
SpokaneSwingBridge,76.45,66.15
SpokaneSwingBridge,76.42,66.16
SpokaneSwingBridge,76.39,66.2
SpokaneSwingBridge,76.35,66.22
SpokaneSwingBridge,76.33,66.23
SpokaneSwingBridge,76.29,66.22
SpokaneSwingBridge,76.27,66.23
SpokaneSwingBridge,76.23,66.29
SpokaneSwingBridge,76.21,66.32
SpokaneSwingBridge,76.18,66.34
SpokaneSwingBridge,76.15,66.34
SpokaneSwingBridge,76.12,66.21
RooseveltWay_NE80thSt,74.29,74.29
RooseveltWay_NE80thSt,74.27,74.27
RooseveltWay_NE80thSt,74.25,74.25
RooseveltWay_NE80thSt,74.23,74.23
RooseveltWay_NE80thSt,74.21,74.21
RooseveltWay_NE80thSt,74.19,74.19
RooseveltWay_NE80thSt,74.18,74.18
RooseveltWay_NE80thSt,74.16,74.16
RooseveltWay_NE80thSt,74.14,74.14
RooseveltWay_NE80thSt,74.13,74.13
RooseveltWay_NE80thSt,74.12,74.12
RooseveltWay_NE80thSt,74.12,74.12
RooseveltWay_NE80thSt,74.1,74.1
RooseveltWay_NE80thSt,74.08,74.08
RooseveltWay_NE80thSt,74.08,74.08
MagnoliaBridge,73.35,64.37
MagnoliaBridge,73.32,64.37
MagnoliaBridge,73.31,64.34
MagnoliaBridge,73.28,64.31
MagnoliaBridge,73.26,64.25
MagnoliaBridge,73.26,64.19
MagnoliaBridge,73.21,64.12
MagnoliaBridge,73.2,64.06
MagnoliaBridge,73.16,64.01
MagnoliaBridge,73.16,63.95
MagnoliaBridge,73.12,63.9
MagnoliaBridge,73.09,63.89
MagnoliaBridge,73.06,63.85
MagnoliaBridge,73.05,63.81
MagnoliaBridge,73.01,63.81
AlbroPlaceAirportWay,83.4,68.08
AlbroPlaceAirportWay,83.4,68.07
AlbroPlaceAirportWay,83.4,68.1
AlbroPlaceAirportWay,83.4,68.12
AlbroPlaceAirportWay,83.3,68.06
AlbroPlaceAirportWay,83.3,68.07
AlbroPlaceAirportWay,83.3,68.08
AlbroPlaceAirportWay,83.3,68.1
AlbroPlaceAirportWay,83.3,68.13
AlbroPlaceAirportWay,83.3,68.12
AlbroPlaceAirportWay,83.2,68.01
AlbroPlaceAirportWay,83.2,68
AlbroPlaceAirportWay,83.2,68.01
AlbroPlaceAirportWay,83.2,67.91
AlbroPlaceAirportWay,83.2,67.85
SpokaneSwingBridge,71.19,64.12
SpokaneSwingBridge,71.19,64.06
SpokaneSwingBridge,71.16,63.92
SpokaneSwingBridge,71.14,63.8
SpokaneSwingBridge,71.13,63.7
SpokaneSwingBridge,71.1,63.67
SpokaneSwingBridge,71.09,63.66
SpokaneSwingBridge,71.08,63.67
SpokaneSwingBridge,71.06,63.7
SpokaneSwingBridge,71.04,63.72
SpokaneSwingBridge,71.04,63.69
SpokaneSwingBridge,71.01,63.66
SpokaneSwingBridge,70.99,63.69
SpokaneSwingBridge,70.99,63.71
SpokaneSwingBridge,70.98,63.72
RooseveltWay_NE80thSt,72.42,72.42
RooseveltWay_NE80thSt,72.4,72.4
RooseveltWay_NE80thSt,72.37,72.37
RooseveltWay_NE80thSt,72.36,72.36
RooseveltWay_NE80thSt,72.33,72.33
RooseveltWay_NE80thSt,72.32,72.32
RooseveltWay_NE80thSt,72.32,72.32
RooseveltWay_NE80thSt,72.29,72.29
RooseveltWay_NE80thSt,72.27,72.27
RooseveltWay_NE80thSt,72.24,72.24
RooseveltWay_NE80thSt,72.21,72.21
RooseveltWay_NE80thSt,72.21,72.21
RooseveltWay_NE80thSt,72.19,72.19
RooseveltWay_NE80thSt,72.17,72.17
RooseveltWay_NE80thSt,72.15,72.15
HarborAveUpperNorthBridge,75.11,65.46
HarborAveUpperNorthBridge,75.1,65.46
HarborAveUpperNorthBridge,75.06,65.51
HarborAveUpperNorthBridge,75.04,65.52
HarborAveUpperNorthBridge,75,65.46
HarborAveUpperNorthBridge,75,65.4
HarborAveUpperNorthBridge,74.96,65.36
HarborAveUpperNorthBridge,74.95,65.42
HarborAveUpperNorthBridge,74.92,65.41
HarborAveUpperNorthBridge,74.89,65.33
HarborAveUpperNorthBridge,74.88,65.24
HarborAveUpperNorthBridge,74.84,65.26
HarborAveUpperNorthBridge,74.83,65.28
HarborAveUpperNorthBridge,74.79,65.28
HarborAveUpperNorthBridge,74.79,65.25
MagnoliaBridge,74.02,65.24
MagnoliaBridge,73.99,65.24
MagnoliaBridge,73.96,65.25
MagnoliaBridge,73.96,65.24
MagnoliaBridge,73.96,65.23
MagnoliaBridge,73.96,65.2
MagnoliaBridge,73.96,65.19
MagnoliaBridge,73.96,65.19
MagnoliaBridge,73.92,65.19
MagnoliaBridge,73.92,65.19
MagnoliaBridge,73.91,65.18
MagnoliaBridge,73.91,65.14
MagnoliaBridge,73.89,65.14
MagnoliaBridge,73.87,65.15
MagnoliaBridge,73.86,65.14
SpokaneSwingBridge,75.06,65.51
SpokaneSwingBridge,75.04,65.52
SpokaneSwingBridge,75,65.46
SpokaneSwingBridge,75,65.4
SpokaneSwingBridge,74.96,65.36
SpokaneSwingBridge,74.95,65.42
SpokaneSwingBridge,74.92,65.41
SpokaneSwingBridge,74.89,65.33
SpokaneSwingBridge,74.88,65.24
SpokaneSwingBridge,74.84,65.26
SpokaneSwingBridge,74.83,65.28
SpokaneSwingBridge,74.79,65.28
SpokaneSwingBridge,74.79,65.25
SpokaneSwingBridge,74.75,65.29
SpokaneSwingBridge,74.74,65.32
HarborAveUpperNorthBridge,83.3,75.08
HarborAveUpperNorthBridge,83.5,75.11
HarborAveUpperNorthBridge,83.7,75.09
HarborAveUpperNorthBridge,83.8,75.08
HarborAveUpperNorthBridge,83.9,75
HarborAveUpperNorthBridge,84.1,74.96
HarborAveUpperNorthBridge,84.1,74.94
HarborAveUpperNorthBridge,84.2,74.82
HarborAveUpperNorthBridge,84.3,74.73
HarborAveUpperNorthBridge,84.3,74.72
HarborAveUpperNorthBridge,84.3,74.74
HarborAveUpperNorthBridge,84.4,74.76
HarborAveUpperNorthBridge,84.4,74.83
RooseveltWay_NE80thSt,88,88
RooseveltWay_NE80thSt,87.9,87.9
RooseveltWay_NE80thSt,87.8,87.8
RooseveltWay_NE80thSt,87.7,87.7
RooseveltWay_NE80thSt,87.6,87.6
RooseveltWay_NE80thSt,87.5,87.5
RooseveltWay_NE80thSt,87.4,87.4
RooseveltWay_NE80thSt,87.4,87.4
RooseveltWay_NE80thSt,87.3,87.3
RooseveltWay_NE80thSt,87.2,87.2
RooseveltWay_NE80thSt,87.1,87.1
RooseveltWay_NE80thSt,87,87
RooseveltWay_NE80thSt,86.9,86.9
RooseveltWay_NE80thSt,86.8,86.8
RooseveltWay_NE80thSt,86.8,86.8
AlbroPlaceAirportWay,81.7,73.83
AlbroPlaceAirportWay,81.7,73.61
AlbroPlaceAirportWay,81.7,73.58
AlbroPlaceAirportWay,81.7,73.56
AlbroPlaceAirportWay,81.7,73.55
AlbroPlaceAirportWay,81.7,73.6
AlbroPlaceAirportWay,81.7,73.51
AlbroPlaceAirportWay,81.7,73.4
AlbroPlaceAirportWay,81.7,73.38
AlbroPlaceAirportWay,81.8,73.36
AlbroPlaceAirportWay,81.8,73.25
AlbroPlaceAirportWay,81.8,73.25
AlbroPlaceAirportWay,81.8,73.29
AlbroPlaceAirportWay,81.8,73.21
AlbroPlaceAirportWay,81.8,73.16
AlbroPlaceAirportWay,86.9,67.57
AlbroPlaceAirportWay,86.9,67.57
AlbroPlaceAirportWay,86.9,67.53
AlbroPlaceAirportWay,86.9,67.5
AlbroPlaceAirportWay,86.9,67.48
AlbroPlaceAirportWay,86.9,67.48
AlbroPlaceAirportWay,86.9,67.45
AlbroPlaceAirportWay,86.8,67.47
AlbroPlaceAirportWay,86.8,67.45
AlbroPlaceAirportWay,86.8,67.39
AlbroPlaceAirportWay,86.8,67.4
AlbroPlaceAirportWay,86.7,67.44
AlbroPlaceAirportWay,86.7,67.46
AlbroPlaceAirportWay,86.7,67.45
AlbroPlaceAirportWay,86.7,67.31
SpokaneSwingBridge,76.29,66.22
SpokaneSwingBridge,76.27,66.23
SpokaneSwingBridge,76.23,66.29
SpokaneSwingBridge,76.21,66.32
SpokaneSwingBridge,76.18,66.34
SpokaneSwingBridge,76.15,66.34
SpokaneSwingBridge,76.12,66.21
SpokaneSwingBridge,76.1,66.13
SpokaneSwingBridge,76.07,66.13
SpokaneSwingBridge,76.05,66.16
SpokaneSwingBridge,76.02,66.19
SpokaneSwingBridge,75.99,66.25
SpokaneSwingBridge,75.96,66.29
SpokaneSwingBridge,75.94,66.34
SpokaneSwingBridge,75.91,66.32
RooseveltWay_NE80thSt,75.72,75.72
RooseveltWay_NE80thSt,75.7,75.7
RooseveltWay_NE80thSt,75.68,75.68
RooseveltWay_NE80thSt,75.68,75.68
RooseveltWay_NE80thSt,75.67,75.67
RooseveltWay_NE80thSt,75.67,75.67
RooseveltWay_NE80thSt,75.66,75.66
RooseveltWay_NE80thSt,75.64,75.64
RooseveltWay_NE80thSt,75.63,75.63
RooseveltWay_NE80thSt,75.62,75.62
RooseveltWay_NE80thSt,75.62,75.62
RooseveltWay_NE80thSt,75.6,75.6
RooseveltWay_NE80thSt,75.58,75.58
RooseveltWay_NE80thSt,75.57,75.57
RooseveltWay_NE80thSt,75.57,75.57
MagnoliaBridge,74.78,64.87
MagnoliaBridge,74.78,64.84
MagnoliaBridge,74.73,64.81
MagnoliaBridge,74.72,64.8
MagnoliaBridge,74.69,64.8
MagnoliaBridge,74.68,64.8
MagnoliaBridge,74.66,64.8
MagnoliaBridge,74.63,64.8
MagnoliaBridge,74.62,64.81
MagnoliaBridge,74.58,64.81
MagnoliaBridge,74.58,64.8
MagnoliaBridge,74.54,64.8
MagnoliaBridge,74.53,64.82
MagnoliaBridge,74.52,64.86
MagnoliaBridge,74.49,64.86
HarborAveUpperNorthBridge,76.23,66.29
HarborAveUpperNorthBridge,76.21,66.32
HarborAveUpperNorthBridge,76.18,66.34
HarborAveUpperNorthBridge,76.15,66.34
HarborAveUpperNorthBridge,76.12,66.21
HarborAveUpperNorthBridge,76.1,66.13
HarborAveUpperNorthBridge,76.07,66.13
HarborAveUpperNorthBridge,76.05,66.16
HarborAveUpperNorthBridge,76.02,66.19
HarborAveUpperNorthBridge,75.99,66.25
HarborAveUpperNorthBridge,75.96,66.29
HarborAveUpperNorthBridge,75.94,66.34
HarborAveUpperNorthBridge,75.91,66.32
HarborAveUpperNorthBridge,75.89,66.3
HarborAveUpperNorthBridge,75.85,66.28
HarborAveUpperNorthBridge,71.04,63.69
SpokaneSwingBridge,84.7,74.44
AlbroPlaceAirportWay,87.2,68.89
AlbroPlaceAirportWay,87.2,68.87
AlbroPlaceAirportWay,87.2,68.79
AlbroPlaceAirportWay,87.2,68.73
AlbroPlaceAirportWay,87.2,68.66
AlbroPlaceAirportWay,87.1,68.6
AlbroPlaceAirportWay,87.2,68.55
AlbroPlaceAirportWay,87.1,68.54
AlbroPlaceAirportWay,87.1,68.5
AlbroPlaceAirportWay,87.1,68.44
AlbroPlaceAirportWay,87.1,68.29
AlbroPlaceAirportWay,87.1,68.2
AlbroPlaceAirportWay,87.1,68.11
AlbroPlaceAirportWay,87,68.05
AlbroPlaceAirportWay,87,67.97
HarborAveUpperNorthBridge,76.94,67.76
HarborAveUpperNorthBridge,76.91,67.56
HarborAveUpperNorthBridge,76.88,67.53
HarborAveUpperNorthBridge,76.84,67.3
HarborAveUpperNorthBridge,76.83,67.01
HarborAveUpperNorthBridge,76.79,66.86
HarborAveUpperNorthBridge,76.74,66.82
HarborAveUpperNorthBridge,76.72,66.69
HarborAveUpperNorthBridge,76.68,66.65
HarborAveUpperNorthBridge,76.65,66.65
HarborAveUpperNorthBridge,76.61,66.67
HarborAveUpperNorthBridge,76.58,66.53
HarborAveUpperNorthBridge,76.55,66.39
HarborAveUpperNorthBridge,76.51,66.3
HarborAveUpperNorthBridge,76.49,66.21
RooseveltWay_NE80thSt,75.91,75.91
RooseveltWay_NE80thSt,75.89,75.89
RooseveltWay_NE80thSt,75.89,75.89
RooseveltWay_NE80thSt,75.89,75.89
RooseveltWay_NE80thSt,75.88,75.88
RooseveltWay_NE80thSt,75.87,75.87
RooseveltWay_NE80thSt,75.85,75.85
RooseveltWay_NE80thSt,75.84,75.84
RooseveltWay_NE80thSt,75.84,75.84
RooseveltWay_NE80thSt,75.83,75.83
RooseveltWay_NE80thSt,75.81,75.81
RooseveltWay_NE80thSt,75.8,75.8
RooseveltWay_NE80thSt,75.79,75.79
RooseveltWay_NE80thSt,75.78,75.78
RooseveltWay_NE80thSt,75.78,75.78
SpokaneSwingBridge,76.94,67.76
SpokaneSwingBridge,76.91,67.56
SpokaneSwingBridge,76.88,67.53
SpokaneSwingBridge,76.84,67.3
SpokaneSwingBridge,76.83,67.01
SpokaneSwingBridge,76.79,66.86
SpokaneSwingBridge,76.74,66.82
SpokaneSwingBridge,76.72,66.69
SpokaneSwingBridge,76.68,66.65
SpokaneSwingBridge,76.65,66.65
SpokaneSwingBridge,76.61,66.67
SpokaneSwingBridge,76.58,66.53
SpokaneSwingBridge,76.55,66.39
SpokaneSwingBridge,76.51,66.3
SpokaneSwingBridge,76.49,66.21
MagnoliaBridge,75.32,65.92
MagnoliaBridge,75.31,65.82
MagnoliaBridge,75.27,65.75
MagnoliaBridge,75.23,65.7
MagnoliaBridge,75.2,65.69
MagnoliaBridge,75.19,65.69
MagnoliaBridge,75.15,65.69
MagnoliaBridge,75.13,65.65
MagnoliaBridge,75.1,65.59
MagnoliaBridge,75.09,65.59
MagnoliaBridge,75.05,65.54
MagnoliaBridge,75.04,65.46
MagnoliaBridge,75.01,65.39
MagnoliaBridge,74.99,65.33
MagnoliaBridge,74.97,65.27
AlbroPlaceAirportWay,86.8,67.4
AlbroPlaceAirportWay,86.7,67.44
AlbroPlaceAirportWay,86.7,67.46
AlbroPlaceAirportWay,86.7,67.45
AlbroPlaceAirportWay,86.7,67.31
AlbroPlaceAirportWay,86.7,67.25
AlbroPlaceAirportWay,86.7,67.12
AlbroPlaceAirportWay,86.7,67.11
AlbroPlaceAirportWay,86.7,67.12
AlbroPlaceAirportWay,86.6,67.02
AlbroPlaceAirportWay,86.6,66.88
AlbroPlaceAirportWay,86.6,66.8
AlbroPlaceAirportWay,86.6,66.71
AlbroPlaceAirportWay,86.6,66.68
AlbroPlaceAirportWay,86.5,66.73
HarborAveUpperNorthBridge,76.02,66.19
HarborAveUpperNorthBridge,75.99,66.25
HarborAveUpperNorthBridge,75.96,66.29
HarborAveUpperNorthBridge,75.94,66.34
HarborAveUpperNorthBridge,75.91,66.32
HarborAveUpperNorthBridge,75.89,66.3
HarborAveUpperNorthBridge,75.85,66.28
HarborAveUpperNorthBridge,75.85,66.25
HarborAveUpperNorthBridge,75.81,66.11
SpokaneSwingBridge,75.33,65.78
SpokaneSwingBridge,75.32,65.84
SpokaneSwingBridge,75.28,65.83
SpokaneSwingBridge,75.27,65.78
SpokaneSwingBridge,75.24,65.68
SpokaneSwingBridge,75.21,65.7
SpokaneSwingBridge,75.2,65.58
SpokaneSwingBridge,75.17,65.57
SpokaneSwingBridge,75.15,65.49
SpokaneSwingBridge,75.13,65.45
SpokaneSwingBridge,75.11,65.46
SpokaneSwingBridge,75.1,65.46
SpokaneSwingBridge,75.06,65.51
SpokaneSwingBridge,75.04,65.52
SpokaneSwingBridge,75,65.46
RooseveltWay_NE80thSt,75.2,75.2
RooseveltWay_NE80thSt,75.19,75.19
RooseveltWay_NE80thSt,75.18,75.18
RooseveltWay_NE80thSt,75.16,75.16
RooseveltWay_NE80thSt,75.14,75.14
RooseveltWay_NE80thSt,75.14,75.14
RooseveltWay_NE80thSt,75.13,75.13
RooseveltWay_NE80thSt,75.1,75.1
RooseveltWay_NE80thSt,75.09,75.09
RooseveltWay_NE80thSt,75.08,75.08
RooseveltWay_NE80thSt,75.06,75.06
RooseveltWay_NE80thSt,75.03,75.03
RooseveltWay_NE80thSt,75.03,75.03
RooseveltWay_NE80thSt,75.02,75.02
RooseveltWay_NE80thSt,74.99,74.99
HarborAveUpperNorthBridge,75.28,65.83
HarborAveUpperNorthBridge,75.27,65.78
HarborAveUpperNorthBridge,75.24,65.68
HarborAveUpperNorthBridge,75.21,65.7
HarborAveUpperNorthBridge,75.2,65.58
HarborAveUpperNorthBridge,75.17,65.57
HarborAveUpperNorthBridge,75.15,65.49
HarborAveUpperNorthBridge,75.13,65.45
HarborAveUpperNorthBridge,75.11,65.46
HarborAveUpperNorthBridge,75.1,65.46
HarborAveUpperNorthBridge,75.06,65.51
HarborAveUpperNorthBridge,75.04,65.52
HarborAveUpperNorthBridge,75,65.46
HarborAveUpperNorthBridge,75,65.4
HarborAveUpperNorthBridge,74.96,65.36
MagnoliaBridge,74.06,65.24
MagnoliaBridge,74.05,65.24
MagnoliaBridge,74.05,65.24
MagnoliaBridge,74.02,65.24
MagnoliaBridge,74.02,65.27
MagnoliaBridge,74.02,65.27
MagnoliaBridge,74.02,65.28
MagnoliaBridge,74.01,65.24
MagnoliaBridge,74.02,65.24
MagnoliaBridge,73.99,65.24
MagnoliaBridge,73.96,65.25
MagnoliaBridge,73.96,65.24
MagnoliaBridge,73.96,65.23
MagnoliaBridge,73.96,65.2
MagnoliaBridge,73.96,65.19
MagnoliaBridge,72.83,63.63
MagnoliaBridge,72.82,63.55
AlbroPlaceAirportWay,82,66.82
AlbroPlaceAirportWay,82,66.89
AlbroPlaceAirportWay,81.9,66.99
AlbroPlaceAirportWay,81.9,67.08
AlbroPlaceAirportWay,81.9,67.13
AlbroPlaceAirportWay,81.9,67.16
AlbroPlaceAirportWay,81.9,67.15
AlbroPlaceAirportWay,81.9,67.14
AlbroPlaceAirportWay,81.9,67.21
AlbroPlaceAirportWay,81.9,67.26
AlbroPlaceAirportWay,81.9,67.32
AlbroPlaceAirportWay,81.8,67.39
AlbroPlaceAirportWay,81.8,67.45
AlbroPlaceAirportWay,81.8,67.5
AlbroPlaceAirportWay,81.8,67.52
RooseveltWay_NE80thSt,72.51,72.51
RooseveltWay_NE80thSt,72.55,72.55
RooseveltWay_NE80thSt,72.58,72.58
RooseveltWay_NE80thSt,72.62,72.62
RooseveltWay_NE80thSt,72.66,72.66
RooseveltWay_NE80thSt,72.71,72.71
RooseveltWay_NE80thSt,72.75,72.75
RooseveltWay_NE80thSt,72.81,72.81
RooseveltWay_NE80thSt,72.87,72.87
RooseveltWay_NE80thSt,72.92,72.92
RooseveltWay_NE80thSt,72.98,72.98
RooseveltWay_NE80thSt,73.04,73.04
RooseveltWay_NE80thSt,73.11,73.11
RooseveltWay_NE80thSt,73.15,73.15
RooseveltWay_NE80thSt,73.21,73.21
SpokaneSwingBridge,70.88,66.28
SpokaneSwingBridge,70.92,66.5
SpokaneSwingBridge,70.95,66.7
SpokaneSwingBridge,70.98,66.83
SpokaneSwingBridge,71.03,66.95
SpokaneSwingBridge,71.06,67.03
SpokaneSwingBridge,71.09,67.11
SpokaneSwingBridge,71.12,67.17
SpokaneSwingBridge,71.14,67.24
SpokaneSwingBridge,71.18,67.31
SpokaneSwingBridge,71.2,67.33
SpokaneSwingBridge,71.22,67.43
SpokaneSwingBridge,71.26,67.47
SpokaneSwingBridge,71.27,67.51
SpokaneSwingBridge,71.28,67.6
HarborAveUpperNorthBridge,70.88,66.28
HarborAveUpperNorthBridge,70.92,66.5
HarborAveUpperNorthBridge,70.95,66.7
HarborAveUpperNorthBridge,70.98,66.83
HarborAveUpperNorthBridge,71.03,66.95
HarborAveUpperNorthBridge,71.06,67.03
HarborAveUpperNorthBridge,71.09,67.11
HarborAveUpperNorthBridge,71.12,67.17
HarborAveUpperNorthBridge,71.14,67.24
HarborAveUpperNorthBridge,71.18,67.31
HarborAveUpperNorthBridge,71.2,67.33
HarborAveUpperNorthBridge,71.22,67.43
HarborAveUpperNorthBridge,71.26,67.47
HarborAveUpperNorthBridge,71.27,67.51
HarborAveUpperNorthBridge,71.28,67.6
MagnoliaBridge,70.86,63.46
MagnoliaBridge,70.9,63.53
MagnoliaBridge,70.93,63.58
MagnoliaBridge,70.98,63.65
MagnoliaBridge,71.01,63.66
MagnoliaBridge,71.05,63.63
MagnoliaBridge,71.08,63.6
MagnoliaBridge,71.12,63.54
MagnoliaBridge,71.12,63.42
MagnoliaBridge,71.17,63.36
MagnoliaBridge,71.2,63.35
MagnoliaBridge,71.22,63.35
MagnoliaBridge,71.27,63.36
MagnoliaBridge,71.3,63.45
MagnoliaBridge,71.33,63.52
HarborAveUpperNorthBridge,77.4,68.85
HarborAveUpperNorthBridge,77.38,68.92
HarborAveUpperNorthBridge,77.36,68.99
AlbroPlaceAirportWay,87.5,70.11
AlbroPlaceAirportWay,87.5,69.99
AlbroPlaceAirportWay,87.5,69.86
AlbroPlaceAirportWay,87.5,69.72
AlbroPlaceAirportWay,87.5,69.64
AlbroPlaceAirportWay,87.5,69.57
AlbroPlaceAirportWay,87.5,69.48
AlbroPlaceAirportWay,87.4,69.44
AlbroPlaceAirportWay,87.4,69.42
AlbroPlaceAirportWay,87.4,69.43
AlbroPlaceAirportWay,87.4,69.52
AlbroPlaceAirportWay,87.4,69.61
AlbroPlaceAirportWay,87.3,69.74
AlbroPlaceAirportWay,87.3,69.81
AlbroPlaceAirportWay,87.3,69.75
HarborAveUpperNorthBridge,77.52,68.82
HarborAveUpperNorthBridge,77.49,68.81
HarborAveUpperNorthBridge,77.46,68.79
HarborAveUpperNorthBridge,77.44,68.81
HarborAveUpperNorthBridge,77.4,68.85
HarborAveUpperNorthBridge,77.38,68.92
HarborAveUpperNorthBridge,77.36,68.99
HarborAveUpperNorthBridge,77.33,69.03
HarborAveUpperNorthBridge,77.3,69.04
HarborAveUpperNorthBridge,77.27,69.02
HarborAveUpperNorthBridge,77.24,68.93
HarborAveUpperNorthBridge,77.21,68.76
HarborAveUpperNorthBridge,77.17,68.63
HarborAveUpperNorthBridge,77.16,68.51
HarborAveUpperNorthBridge,77.12,68.36
RooseveltWay_NE80thSt,76.18,76.18
RooseveltWay_NE80thSt,76.16,76.16
RooseveltWay_NE80thSt,76.16,76.16
RooseveltWay_NE80thSt,76.15,76.15
RooseveltWay_NE80thSt,76.13,76.13
RooseveltWay_NE80thSt,76.11,76.11
RooseveltWay_NE80thSt,76.11,76.11
RooseveltWay_NE80thSt,76.1,76.1
RooseveltWay_NE80thSt,76.08,76.08
RooseveltWay_NE80thSt,76.05,76.05
RooseveltWay_NE80thSt,76.05,76.05
RooseveltWay_NE80thSt,76.03,76.03
RooseveltWay_NE80thSt,76,76
RooseveltWay_NE80thSt,76,76
RooseveltWay_NE80thSt,76,76
MagnoliaBridge,75.8,66.97
MagnoliaBridge,75.78,66.96
MagnoliaBridge,75.75,66.97
MagnoliaBridge,75.73,66.96
MagnoliaBridge,75.73,66.93
MagnoliaBridge,75.69,66.89
MagnoliaBridge,75.68,66.82
MagnoliaBridge,75.64,66.78
MagnoliaBridge,75.62,66.71
MagnoliaBridge,75.61,66.68
MagnoliaBridge,75.57,66.61
MagnoliaBridge,75.56,66.55
MagnoliaBridge,75.52,66.5
MagnoliaBridge,75.52,66.45
MagnoliaBridge,75.47,66.41
SpokaneSwingBridge,77.46,68.79
SpokaneSwingBridge,77.44,68.81
SpokaneSwingBridge,77.4,68.85
SpokaneSwingBridge,77.38,68.92
SpokaneSwingBridge,77.36,68.99
SpokaneSwingBridge,77.33,69.03
SpokaneSwingBridge,77.3,69.04
SpokaneSwingBridge,77.27,69.02
SpokaneSwingBridge,77.24,68.93
SpokaneSwingBridge,77.21,68.76
SpokaneSwingBridge,77.17,68.63
SpokaneSwingBridge,77.16,68.51
SpokaneSwingBridge,77.12,68.36
SpokaneSwingBridge,77.1,68.29
SpokaneSwingBridge,77.06,68.24
RooseveltWay_NE80thSt,76.05,76.05
RooseveltWay_NE80thSt,76.03,76.03
RooseveltWay_NE80thSt,76,76
RooseveltWay_NE80thSt,76,76
RooseveltWay_NE80thSt,76,76
RooseveltWay_NE80thSt,75.99,75.99
RooseveltWay_NE80thSt,75.96,75.96
RooseveltWay_NE80thSt,75.95,75.95
RooseveltWay_NE80thSt,75.94,75.94
RooseveltWay_NE80thSt,75.93,75.93
RooseveltWay_NE80thSt,75.91,75.91
RooseveltWay_NE80thSt,75.89,75.89
RooseveltWay_NE80thSt,75.89,75.89
RooseveltWay_NE80thSt,75.89,75.89
RooseveltWay_NE80thSt,75.88,75.88
MagnoliaBridge,75.57,66.61
MagnoliaBridge,75.56,66.55
MagnoliaBridge,75.52,66.5
MagnoliaBridge,75.52,66.45
MagnoliaBridge,75.47,66.41
MagnoliaBridge,75.46,66.38
MagnoliaBridge,75.43,66.31
MagnoliaBridge,75.41,66.24
MagnoliaBridge,75.39,66.16
MagnoliaBridge,75.36,66.05
MagnoliaBridge,75.32,65.92
MagnoliaBridge,75.31,65.82
MagnoliaBridge,75.27,65.75
MagnoliaBridge,75.23,65.7
MagnoliaBridge,75.2,65.69
HarborAveUpperNorthBridge,77.17,68.63
HarborAveUpperNorthBridge,77.16,68.51
HarborAveUpperNorthBridge,77.12,68.36
HarborAveUpperNorthBridge,77.1,68.29
HarborAveUpperNorthBridge,77.06,68.24
HarborAveUpperNorthBridge,77.04,68.04
HarborAveUpperNorthBridge,77,68
HarborAveUpperNorthBridge,76.98,67.89
HarborAveUpperNorthBridge,76.94,67.76
HarborAveUpperNorthBridge,76.91,67.56
HarborAveUpperNorthBridge,76.88,67.53
HarborAveUpperNorthBridge,76.84,67.3
HarborAveUpperNorthBridge,76.83,67.01
HarborAveUpperNorthBridge,76.79,66.86
HarborAveUpperNorthBridge,76.74,66.82
AlbroPlaceAirportWay,86.6,66.88
AlbroPlaceAirportWay,86.6,66.8
AlbroPlaceAirportWay,86.6,66.71
AlbroPlaceAirportWay,86.6,66.68
AlbroPlaceAirportWay,86.5,66.73
AlbroPlaceAirportWay,86.5,66.76
AlbroPlaceAirportWay,86.5,66.76
AlbroPlaceAirportWay,86.5,66.76
AlbroPlaceAirportWay,86.5,66.77
AlbroPlaceAirportWay,86.5,66.85
AlbroPlaceAirportWay,86.5,66.87
AlbroPlaceAirportWay,86.4,66.88
AlbroPlaceAirportWay,86.4,66.82
AlbroPlaceAirportWay,86.4,66.72
AlbroPlaceAirportWay,86.4,66.65
SpokaneSwingBridge,75.76,65.95
SpokaneSwingBridge,75.74,65.91
SpokaneSwingBridge,75.71,65.88
SpokaneSwingBridge,75.7,65.94
SpokaneSwingBridge,75.68,65.95
SpokaneSwingBridge,75.64,65.93
SpokaneSwingBridge,75.64,65.86
SpokaneSwingBridge,75.62,65.84
SpokaneSwingBridge,75.59,65.86
SpokaneSwingBridge,75.58,65.75
SpokaneSwingBridge,75.54,65.66
SpokaneSwingBridge,75.53,65.71
SpokaneSwingBridge,75.51,65.71
SpokaneSwingBridge,75.48,65.71
SpokaneSwingBridge,75.47,65.7
RooseveltWay_NE80thSt,75.51,75.51
RooseveltWay_NE80thSt,75.49,75.49
RooseveltWay_NE80thSt,75.48,75.48
RooseveltWay_NE80thSt,75.46,75.46
RooseveltWay_NE80thSt,75.46,75.46
RooseveltWay_NE80thSt,75.45,75.45
RooseveltWay_NE80thSt,75.44,75.44
RooseveltWay_NE80thSt,75.41,75.41
RooseveltWay_NE80thSt,75.4,75.4
RooseveltWay_NE80thSt,75.39,75.39
RooseveltWay_NE80thSt,75.37,75.37
RooseveltWay_NE80thSt,75.35,75.35
RooseveltWay_NE80thSt,75.35,75.35
RooseveltWay_NE80thSt,75.33,75.33
RooseveltWay_NE80thSt,75.3,75.3
MagnoliaBridge,74.4,64.86
MagnoliaBridge,74.37,64.86
MagnoliaBridge,74.37,64.85
MagnoliaBridge,74.33,64.84
MagnoliaBridge,74.33,64.86
MagnoliaBridge,74.29,64.89
MagnoliaBridge,74.28,64.91
MagnoliaBridge,74.28,64.91
MagnoliaBridge,74.25,64.93
MagnoliaBridge,74.23,64.96
MagnoliaBridge,74.23,65
MagnoliaBridge,74.2,65.01
MagnoliaBridge,74.17,65.05
MagnoliaBridge,74.17,65.07
MagnoliaBridge,74.16,65.1
HarborAveUpperNorthBridge,75.71,65.88
HarborAveUpperNorthBridge,75.7,65.94
HarborAveUpperNorthBridge,75.68,65.95
HarborAveUpperNorthBridge,75.64,65.93
HarborAveUpperNorthBridge,75.64,65.86
HarborAveUpperNorthBridge,75.62,65.84
HarborAveUpperNorthBridge,75.59,65.86
HarborAveUpperNorthBridge,75.58,65.75
HarborAveUpperNorthBridge,75.54,65.66
HarborAveUpperNorthBridge,75.53,65.71
HarborAveUpperNorthBridge,75.51,65.71
HarborAveUpperNorthBridge,75.48,65.71
HarborAveUpperNorthBridge,75.47,65.7
HarborAveUpperNorthBridge,75.44,65.72
HarborAveUpperNorthBridge,75.43,65.63
AlbroPlaceAirportWay,80.8,68.7
AlbroPlaceAirportWay,80.8,68.77
AlbroPlaceAirportWay,80.8,68.94
AlbroPlaceAirportWay,80.8,69.13
AlbroPlaceAirportWay,80.8,69.3
AlbroPlaceAirportWay,80.8,69.41
AlbroPlaceAirportWay,80.8,69.54
AlbroPlaceAirportWay,80.8,69.64
AlbroPlaceAirportWay,80.8,69.69
AlbroPlaceAirportWay,80.8,69.75
AlbroPlaceAirportWay,80.8,69.83
AlbroPlaceAirportWay,80.8,69.95
AlbroPlaceAirportWay,80.8,69.93
AlbroPlaceAirportWay,80.8,69.73
AlbroPlaceAirportWay,80.8,69.65
SpokaneSwingBridge,84.7,74.13
SpokaneSwingBridge,84.7,73.93
SpokaneSwingBridge,84.7,73.72
SpokaneSwingBridge,84.6,73.64
AlbroPlaceAirportWay,82,73.8
AlbroPlaceAirportWay,82,73.83
AlbroPlaceAirportWay,82,73.89
AlbroPlaceAirportWay,82,73.88
AlbroPlaceAirportWay,82,73.96
AlbroPlaceAirportWay,82,73.94
AlbroPlaceAirportWay,82.1,73.91
AlbroPlaceAirportWay,82.1,73.99
AlbroPlaceAirportWay,82.1,74.07
AlbroPlaceAirportWay,82.1,74.07
AlbroPlaceAirportWay,82.1,74.06
AlbroPlaceAirportWay,82.1,74.15
AlbroPlaceAirportWay,82.1,74.21
AlbroPlaceAirportWay,82.1,74.33
AlbroPlaceAirportWay,82.1,74.46
SpokaneSwingBridge,84.2,73.85
SpokaneSwingBridge,84.2,73.84
SpokaneSwingBridge,84.1,73.81
SpokaneSwingBridge,84.1,73.75
SpokaneSwingBridge,84.1,73.67
SpokaneSwingBridge,84.1,73.57
SpokaneSwingBridge,84.1,73.63
SpokaneSwingBridge,84.1,73.7
SpokaneSwingBridge,84.1,73.78
SpokaneSwingBridge,84.1,73.75
SpokaneSwingBridge,84.1,73.82
SpokaneSwingBridge,84.2,73.94
SpokaneSwingBridge,84.2,74.05
SpokaneSwingBridge,84.3,74.12
SpokaneSwingBridge,84.3,74.26
RooseveltWay_NE80thSt,85.6,85.6
RooseveltWay_NE80thSt,85.6,85.6
RooseveltWay_NE80thSt,85.6,85.6
RooseveltWay_NE80thSt,85.6,85.6
RooseveltWay_NE80thSt,85.6,85.6
RooseveltWay_NE80thSt,85.5,85.5
RooseveltWay_NE80thSt,85.5,85.5
RooseveltWay_NE80thSt,85.5,85.5
RooseveltWay_NE80thSt,85.5,85.5
RooseveltWay_NE80thSt,85.5,85.5
RooseveltWay_NE80thSt,85.5,85.5
RooseveltWay_NE80thSt,85.5,85.5
RooseveltWay_NE80thSt,85.5,85.5
RooseveltWay_NE80thSt,85.5,85.5
RooseveltWay_NE80thSt,85.5,85.5
MagnoliaBridge,84.7,67.22
MagnoliaBridge,84.7,67.25
MagnoliaBridge,84.6,67.26
MagnoliaBridge,84.5,67.35
MagnoliaBridge,84.4,67.36
MagnoliaBridge,84.4,67.39
MagnoliaBridge,84.3,67.41
MagnoliaBridge,84.2,67.42
MagnoliaBridge,84.2,67.52
MagnoliaBridge,84.1,67.5
MagnoliaBridge,84,67.55
MagnoliaBridge,84,67.64
MagnoliaBridge,83.9,67.78
MagnoliaBridge,83.9,67.82
MagnoliaBridge,83.9,67.94
HarborAveUpperNorthBridge,84.2,73.85
HarborAveUpperNorthBridge,84.2,73.84
HarborAveUpperNorthBridge,84.1,73.81
HarborAveUpperNorthBridge,84.1,73.75
HarborAveUpperNorthBridge,84.1,73.67
HarborAveUpperNorthBridge,84.1,73.57
HarborAveUpperNorthBridge,84.1,73.63
HarborAveUpperNorthBridge,84.1,73.7
HarborAveUpperNorthBridge,84.1,73.78
HarborAveUpperNorthBridge,84.1,73.75
HarborAveUpperNorthBridge,84.1,73.82
HarborAveUpperNorthBridge,84.2,73.94
HarborAveUpperNorthBridge,84.2,74.05
HarborAveUpperNorthBridge,84.3,74.12
HarborAveUpperNorthBridge,84.3,74.26
AlbroPlaceAirportWay,87.7,71.05
AlbroPlaceAirportWay,87.7,71.01
AlbroPlaceAirportWay,87.7,70.94
AlbroPlaceAirportWay,87.6,70.78
AlbroPlaceAirportWay,87.6,70.6
AlbroPlaceAirportWay,87.6,70.44
AlbroPlaceAirportWay,87.6,70.39
AlbroPlaceAirportWay,87.6,70.32
AlbroPlaceAirportWay,87.6,70.29
AlbroPlaceAirportWay,87.6,70.19
AlbroPlaceAirportWay,87.5,70.11
AlbroPlaceAirportWay,87.5,69.99
AlbroPlaceAirportWay,87.5,69.86
AlbroPlaceAirportWay,87.5,69.72
AlbroPlaceAirportWay,87.5,69.64
SpokaneSwingBridge,77.79,68.74
SpokaneSwingBridge,77.76,68.76
SpokaneSwingBridge,77.72,68.77
SpokaneSwingBridge,77.71,68.78
SpokaneSwingBridge,77.68,68.74
SpokaneSwingBridge,77.66,68.74
SpokaneSwingBridge,77.62,68.76
SpokaneSwingBridge,77.6,68.79
SpokaneSwingBridge,77.57,68.79
SpokaneSwingBridge,77.55,68.83
SpokaneSwingBridge,77.52,68.82
SpokaneSwingBridge,77.49,68.81
SpokaneSwingBridge,77.46,68.79
SpokaneSwingBridge,77.44,68.81
SpokaneSwingBridge,77.4,68.85
HarborAveUpperNorthBridge,75.79,66.02
HarborAveUpperNorthBridge,75.76,65.95
HarborAveUpperNorthBridge,75.74,65.91
HarborAveUpperNorthBridge,75.71,65.88
HarborAveUpperNorthBridge,75.7,65.94
HarborAveUpperNorthBridge,75.68,65.95
RooseveltWay_NE80thSt,75.62,75.62
RooseveltWay_NE80thSt,75.6,75.6
RooseveltWay_NE80thSt,75.58,75.58
RooseveltWay_NE80thSt,75.57,75.57
RooseveltWay_NE80thSt,75.57,75.57
RooseveltWay_NE80thSt,75.56,75.56
RooseveltWay_NE80thSt,75.56,75.56
RooseveltWay_NE80thSt,75.55,75.55
RooseveltWay_NE80thSt,75.52,75.52
RooseveltWay_NE80thSt,75.51,75.51
RooseveltWay_NE80thSt,75.51,75.51
RooseveltWay_NE80thSt,75.49,75.49
RooseveltWay_NE80thSt,75.48,75.48
RooseveltWay_NE80thSt,75.46,75.46
RooseveltWay_NE80thSt,75.46,75.46
MagnoliaBridge,74.58,64.8
MagnoliaBridge,74.54,64.8
MagnoliaBridge,74.53,64.82
MagnoliaBridge,74.52,64.86
MagnoliaBridge,74.49,64.86
MagnoliaBridge,74.48,64.86
MagnoliaBridge,74.48,64.86
MagnoliaBridge,74.45,64.88
MagnoliaBridge,74.43,64.89
MagnoliaBridge,74.43,64.89
MagnoliaBridge,74.4,64.86
MagnoliaBridge,74.37,64.86
MagnoliaBridge,74.37,64.85
MagnoliaBridge,74.33,64.84
MagnoliaBridge,74.33,64.86
SpokaneSwingBridge,75.96,66.29
SpokaneSwingBridge,75.94,66.34
SpokaneSwingBridge,75.91,66.32
SpokaneSwingBridge,75.89,66.3
SpokaneSwingBridge,75.85,66.28
SpokaneSwingBridge,75.85,66.25
SpokaneSwingBridge,75.81,66.11
SpokaneSwingBridge,75.79,66.02
SpokaneSwingBridge,75.76,65.95
SpokaneSwingBridge,75.74,65.91
SpokaneSwingBridge,75.71,65.88
SpokaneSwingBridge,75.7,65.94
SpokaneSwingBridge,75.68,65.95
SpokaneSwingBridge,75.64,65.93
SpokaneSwingBridge,75.64,65.86
AlbroPlaceAirportWay,89.9,72.93
AlbroPlaceAirportWay,89.9,72.83
AlbroPlaceAirportWay,89.9,72.72
AlbroPlaceAirportWay,89.9,72.57
AlbroPlaceAirportWay,89.9,72.46
AlbroPlaceAirportWay,89.9,72.37
AlbroPlaceAirportWay,89.9,72.31
AlbroPlaceAirportWay,89.8,72.24
AlbroPlaceAirportWay,89.8,72.2
AlbroPlaceAirportWay,89.8,72.2
AlbroPlaceAirportWay,89.8,72.26
AlbroPlaceAirportWay,89.8,72.38
AlbroPlaceAirportWay,89.7,72.45
AlbroPlaceAirportWay,89.7,72.5
AlbroPlaceAirportWay,89.7,72.5
RooseveltWay_NE80thSt,78.79,78.79
RooseveltWay_NE80thSt,78.78,78.78
RooseveltWay_NE80thSt,78.77,78.77
RooseveltWay_NE80thSt,78.76,78.76
RooseveltWay_NE80thSt,78.74,78.74
RooseveltWay_NE80thSt,78.72,78.72
RooseveltWay_NE80thSt,78.72,78.72
RooseveltWay_NE80thSt,78.72,78.72
RooseveltWay_NE80thSt,78.71,78.71
RooseveltWay_NE80thSt,78.69,78.69
RooseveltWay_NE80thSt,78.68,78.68
RooseveltWay_NE80thSt,78.66,78.66
RooseveltWay_NE80thSt,78.65,78.65
RooseveltWay_NE80thSt,78.63,78.63
RooseveltWay_NE80thSt,78.61,78.61
SpokaneSwingBridge,81.8,71.91
SpokaneSwingBridge,81.8,71.93
SpokaneSwingBridge,81.8,71.96
SpokaneSwingBridge,81.7,71.96
SpokaneSwingBridge,81.7,71.97
SpokaneSwingBridge,81.7,71.97
SpokaneSwingBridge,81.6,72
SpokaneSwingBridge,81.6,72.01
SpokaneSwingBridge,81.6,72.03
SpokaneSwingBridge,81.6,72.06
SpokaneSwingBridge,81.5,72.08
SpokaneSwingBridge,81.5,72.15
SpokaneSwingBridge,81.5,72.17
SpokaneSwingBridge,81.5,72.17
SpokaneSwingBridge,81.5,72.16
MagnoliaBridge,79.15,70.72
MagnoliaBridge,79.14,70.73
MagnoliaBridge,79.1,70.75
MagnoliaBridge,79.09,70.74
MagnoliaBridge,79.1,70.74
MagnoliaBridge,79.09,70.71
MagnoliaBridge,79.06,70.71
MagnoliaBridge,79.04,70.67
MagnoliaBridge,79.04,70.6
MagnoliaBridge,79.01,70.57
MagnoliaBridge,78.99,70.53
MagnoliaBridge,78.99,70.52
MagnoliaBridge,78.94,70.47
MagnoliaBridge,78.93,70.51
MagnoliaBridge,78.92,70.54
HarborAveUpperNorthBridge,81.8,71.96
HarborAveUpperNorthBridge,81.7,71.96
HarborAveUpperNorthBridge,81.7,71.97
HarborAveUpperNorthBridge,81.7,71.97
HarborAveUpperNorthBridge,81.6,72
HarborAveUpperNorthBridge,81.6,72.01
HarborAveUpperNorthBridge,81.6,72.03
HarborAveUpperNorthBridge,81.6,72.06
HarborAveUpperNorthBridge,81.5,72.08
HarborAveUpperNorthBridge,81.5,72.15
HarborAveUpperNorthBridge,81.5,72.17
HarborAveUpperNorthBridge,81.5,72.17
HarborAveUpperNorthBridge,81.5,72.16
HarborAveUpperNorthBridge,81.4,72.08
HarborAveUpperNorthBridge,81.4,72.07
RooseveltWay_NE80thSt,78.68,78.68
RooseveltWay_NE80thSt,78.66,78.66
RooseveltWay_NE80thSt,78.65,78.65
RooseveltWay_NE80thSt,78.63,78.63
RooseveltWay_NE80thSt,78.61,78.61
RooseveltWay_NE80thSt,78.61,78.61
RooseveltWay_NE80thSt,78.59,78.59
RooseveltWay_NE80thSt,78.57,78.57
RooseveltWay_NE80thSt,78.55,78.55
RooseveltWay_NE80thSt,78.53,78.53
RooseveltWay_NE80thSt,78.5,78.5
RooseveltWay_NE80thSt,78.5,78.5
RooseveltWay_NE80thSt,78.47,78.47
RooseveltWay_NE80thSt,78.45,78.45
RooseveltWay_NE80thSt,78.43,78.43
MagnoliaBridge,78.99,70.53
MagnoliaBridge,78.99,70.52
MagnoliaBridge,78.94,70.47
MagnoliaBridge,78.93,70.51
MagnoliaBridge,78.92,70.54
MagnoliaBridge,78.88,70.59
MagnoliaBridge,78.88,70.61
MagnoliaBridge,78.88,70.6
MagnoliaBridge,78.84,70.57
MagnoliaBridge,78.82,70.55
MagnoliaBridge,78.81,70.54
MagnoliaBridge,78.77,70.51
MagnoliaBridge,78.77,70.45
MagnoliaBridge,78.76,70.4
MagnoliaBridge,78.72,70.28
HarborAveUpperNorthBridge,78.49,69.99
HarborAveUpperNorthBridge,78.47,69.99
HarborAveUpperNorthBridge,71.01,63.66
HarborAveUpperNorthBridge,70.99,63.69
HarborAveUpperNorthBridge,70.99,63.71
HarborAveUpperNorthBridge,70.98,63.72
SpokaneSwingBridge,70.59,63.96
SpokaneSwingBridge,70.58,64.03
SpokaneSwingBridge,70.58,63.94
SpokaneSwingBridge,70.58,64.01
SpokaneSwingBridge,70.58,64.07
SpokaneSwingBridge,70.58,64.02
SpokaneSwingBridge,70.56,63.97
SpokaneSwingBridge,70.55,63.98
SpokaneSwingBridge,70.53,64.11
SpokaneSwingBridge,70.53,64.18
SpokaneSwingBridge,70.53,64.1
SpokaneSwingBridge,70.53,64.08
SpokaneSwingBridge,70.53,64.04
SpokaneSwingBridge,70.51,63.95
SpokaneSwingBridge,70.5,63.95
RooseveltWay_NE80thSt,71.97,71.97
RooseveltWay_NE80thSt,71.96,71.96
RooseveltWay_NE80thSt,71.96,71.96
RooseveltWay_NE80thSt,71.96,71.96
RooseveltWay_NE80thSt,71.96,71.96
RooseveltWay_NE80thSt,71.96,71.96
RooseveltWay_NE80thSt,71.96,71.96
RooseveltWay_NE80thSt,71.95,71.95
RooseveltWay_NE80thSt,71.95,71.95
RooseveltWay_NE80thSt,71.96,71.96
RooseveltWay_NE80thSt,71.96,71.96
RooseveltWay_NE80thSt,71.95,71.95
RooseveltWay_NE80thSt,71.96,71.96
RooseveltWay_NE80thSt,71.96,71.96
RooseveltWay_NE80thSt,71.96,71.96
AlbroPlaceAirportWay,82.6,66.96
AlbroPlaceAirportWay,82.6,66.99
AlbroPlaceAirportWay,82.6,67.03
AlbroPlaceAirportWay,82.5,66.99
AlbroPlaceAirportWay,82.5,66.99
AlbroPlaceAirportWay,82.5,67
AlbroPlaceAirportWay,82.5,66.92
AlbroPlaceAirportWay,82.5,66.88
AlbroPlaceAirportWay,82.5,66.75
AlbroPlaceAirportWay,82.5,66.71
AlbroPlaceAirportWay,82.5,66.69
AlbroPlaceAirportWay,82.5,66.76
AlbroPlaceAirportWay,82.4,66.75
AlbroPlaceAirportWay,82.4,66.73
AlbroPlaceAirportWay,82.4,66.78
HarborAveUpperNorthBridge,70.59,63.96
HarborAveUpperNorthBridge,70.58,64.03
HarborAveUpperNorthBridge,70.58,63.94
HarborAveUpperNorthBridge,70.58,64.01
HarborAveUpperNorthBridge,70.58,64.07
HarborAveUpperNorthBridge,70.58,64.02
HarborAveUpperNorthBridge,70.56,63.97
HarborAveUpperNorthBridge,70.55,63.98
HarborAveUpperNorthBridge,70.53,64.11
HarborAveUpperNorthBridge,70.53,64.18
HarborAveUpperNorthBridge,70.53,64.1
HarborAveUpperNorthBridge,70.53,64.08
HarborAveUpperNorthBridge,70.53,64.04
HarborAveUpperNorthBridge,70.51,63.95
HarborAveUpperNorthBridge,70.5,63.95
MagnoliaBridge,70.35,61.16
MagnoliaBridge,70.32,61.16
MagnoliaBridge,70.32,61.14
AlbroPlaceAirportWay,88.8,72.96
AlbroPlaceAirportWay,88.8,72.87
AlbroPlaceAirportWay,88.8,72.76
AlbroPlaceAirportWay,88.7,72.51
AlbroPlaceAirportWay,88.7,72.29
AlbroPlaceAirportWay,88.7,72.11
AlbroPlaceAirportWay,88.7,71.97
AlbroPlaceAirportWay,88.7,71.88
AlbroPlaceAirportWay,88.7,71.78
AlbroPlaceAirportWay,88.7,71.71
AlbroPlaceAirportWay,88.6,71.66
AlbroPlaceAirportWay,88.6,71.6
AlbroPlaceAirportWay,88.6,71.56
AlbroPlaceAirportWay,88.6,71.53
AlbroPlaceAirportWay,88.6,71.55
AlbroPlaceAirportWay,88,71.01
AlbroPlaceAirportWay,88,70.89
AlbroPlaceAirportWay,88,70.76
AlbroPlaceAirportWay,88,70.64
AlbroPlaceAirportWay,88,70.57
AlbroPlaceAirportWay,87.9,70.52
AlbroPlaceAirportWay,87.9,70.52
AlbroPlaceAirportWay,87.9,70.58
AlbroPlaceAirportWay,87.9,70.69
AlbroPlaceAirportWay,87.9,70.86
AlbroPlaceAirportWay,87.8,71.01
AlbroPlaceAirportWay,87.8,71.05
AlbroPlaceAirportWay,87.8,70.98
AlbroPlaceAirportWay,87.8,71.02
AlbroPlaceAirportWay,87.8,70.99
HarborAveUpperNorthBridge,78.28,69.88
HarborAveUpperNorthBridge,78.27,69.79
HarborAveUpperNorthBridge,78.24,69.72
HarborAveUpperNorthBridge,78.21,69.65
HarborAveUpperNorthBridge,78.18,69.62
HarborAveUpperNorthBridge,78.16,69.58
HarborAveUpperNorthBridge,78.13,69.53
HarborAveUpperNorthBridge,78.1,69.49
HarborAveUpperNorthBridge,78.07,69.42
HarborAveUpperNorthBridge,78.04,69.31
HarborAveUpperNorthBridge,78.02,69.2
HarborAveUpperNorthBridge,77.99,69.13
HarborAveUpperNorthBridge,77.97,69
HarborAveUpperNorthBridge,77.93,68.88
HarborAveUpperNorthBridge,77.9,68.82
AlbroPlaceAirportWay,86.1,66.52
AlbroPlaceAirportWay,86.1,66.51
AlbroPlaceAirportWay,86.1,66.41
AlbroPlaceAirportWay,86.1,66.38
AlbroPlaceAirportWay,86.1,66.32
AlbroPlaceAirportWay,86.1,66.24
AlbroPlaceAirportWay,86,66.16
AlbroPlaceAirportWay,86,66.11
AlbroPlaceAirportWay,86,66.08
AlbroPlaceAirportWay,86,66.05
AlbroPlaceAirportWay,86,66.09
AlbroPlaceAirportWay,86,66.04
AlbroPlaceAirportWay,85.9,65.97
AlbroPlaceAirportWay,85.9,65.88
AlbroPlaceAirportWay,85.9,65.78
SpokaneSwingBridge,74.88,65.24
SpokaneSwingBridge,74.84,65.26
SpokaneSwingBridge,74.83,65.28
SpokaneSwingBridge,74.79,65.28
SpokaneSwingBridge,74.79,65.25
SpokaneSwingBridge,74.75,65.29
SpokaneSwingBridge,74.74,65.32
SpokaneSwingBridge,74.7,65.37
SpokaneSwingBridge,74.69,65.38
SpokaneSwingBridge,74.65,65.44
SpokaneSwingBridge,74.64,65.46
SpokaneSwingBridge,74.62,65.49
SpokaneSwingBridge,74.59,65.54
SpokaneSwingBridge,74.58,65.55
SpokaneSwingBridge,74.55,65.54
RooseveltWay_NE80thSt,74.91,74.91
RooseveltWay_NE80thSt,74.89,74.89
RooseveltWay_NE80thSt,74.87,74.87
RooseveltWay_NE80thSt,74.86,74.86
RooseveltWay_NE80thSt,74.84,74.84
RooseveltWay_NE80thSt,74.82,74.82
RooseveltWay_NE80thSt,74.82,74.82
RooseveltWay_NE80thSt,74.8,74.8
RooseveltWay_NE80thSt,74.77,74.77
RooseveltWay_NE80thSt,74.76,74.76
RooseveltWay_NE80thSt,74.75,74.75
RooseveltWay_NE80thSt,74.73,74.73
RooseveltWay_NE80thSt,74.71,74.71
RooseveltWay_NE80thSt,74.71,74.71
RooseveltWay_NE80thSt,74.69,74.69
MagnoliaBridge,73.91,65.18
MagnoliaBridge,73.91,65.14
MagnoliaBridge,73.89,65.14
MagnoliaBridge,73.87,65.15
MagnoliaBridge,73.86,65.14
MagnoliaBridge,73.86,65.08
MagnoliaBridge,73.86,65.04
MagnoliaBridge,73.82,65.01
MagnoliaBridge,73.82,64.98
AlbroPlaceAirportWay,82.1,66.81
AlbroPlaceAirportWay,82.1,66.85
AlbroPlaceAirportWay,82.1,66.8
AlbroPlaceAirportWay,82.1,66.74
AlbroPlaceAirportWay,82.1,66.8
AlbroPlaceAirportWay,82,66.89
AlbroPlaceAirportWay,82,66.94
AlbroPlaceAirportWay,82,66.91
AlbroPlaceAirportWay,82,66.9
AlbroPlaceAirportWay,82,66.83
AlbroPlaceAirportWay,82,66.82
AlbroPlaceAirportWay,82,66.89
AlbroPlaceAirportWay,81.9,66.99
AlbroPlaceAirportWay,81.9,67.08
AlbroPlaceAirportWay,81.9,67.13
SpokaneSwingBridge,70.63,64.83
SpokaneSwingBridge,70.64,64.81
SpokaneSwingBridge,70.66,64.78
SpokaneSwingBridge,70.68,64.82
SpokaneSwingBridge,70.69,64.92
SpokaneSwingBridge,70.72,65.06
SpokaneSwingBridge,70.74,65.37
SpokaneSwingBridge,70.78,65.74
SpokaneSwingBridge,70.81,65.98
SpokaneSwingBridge,70.84,66.08
SpokaneSwingBridge,70.88,66.28
SpokaneSwingBridge,70.92,66.5
SpokaneSwingBridge,70.95,66.7
SpokaneSwingBridge,70.98,66.83
SpokaneSwingBridge,71.03,66.95
RooseveltWay_NE80thSt,72.31,72.31
RooseveltWay_NE80thSt,72.32,72.32
RooseveltWay_NE80thSt,72.32,72.32
RooseveltWay_NE80thSt,72.33,72.33
RooseveltWay_NE80thSt,72.35,72.35
RooseveltWay_NE80thSt,72.37,72.37
RooseveltWay_NE80thSt,72.41,72.41
RooseveltWay_NE80thSt,72.42,72.42
RooseveltWay_NE80thSt,72.46,72.46
RooseveltWay_NE80thSt,72.48,72.48
RooseveltWay_NE80thSt,72.51,72.51
RooseveltWay_NE80thSt,72.55,72.55
RooseveltWay_NE80thSt,72.58,72.58
RooseveltWay_NE80thSt,72.62,72.62
RooseveltWay_NE80thSt,72.66,72.66
HarborAveUpperNorthBridge,70.63,64.83
HarborAveUpperNorthBridge,70.64,64.81
HarborAveUpperNorthBridge,70.66,64.78
HarborAveUpperNorthBridge,70.68,64.82
HarborAveUpperNorthBridge,70.69,64.92
HarborAveUpperNorthBridge,70.72,65.06
HarborAveUpperNorthBridge,70.74,65.37
HarborAveUpperNorthBridge,70.78,65.74
HarborAveUpperNorthBridge,70.81,65.98
HarborAveUpperNorthBridge,70.84,66.08
HarborAveUpperNorthBridge,70.88,66.28
HarborAveUpperNorthBridge,70.92,66.5
HarborAveUpperNorthBridge,70.95,66.7
HarborAveUpperNorthBridge,70.98,66.83
HarborAveUpperNorthBridge,71.03,66.95
MagnoliaBridge,70.54,63.11
MagnoliaBridge,70.57,63.27
MagnoliaBridge,70.62,63.35
MagnoliaBridge,70.65,63.38
MagnoliaBridge,70.69,63.37
MagnoliaBridge,70.73,63.36
MagnoliaBridge,70.78,63.35
MagnoliaBridge,70.82,63.39
MagnoliaBridge,70.86,63.46
MagnoliaBridge,70.9,63.53
MagnoliaBridge,70.93,63.58
MagnoliaBridge,70.98,63.65
MagnoliaBridge,71.01,63.66
MagnoliaBridge,71.05,63.63
MagnoliaBridge,71.08,63.6
AlbroPlaceAirportWay,90.1,73.29
AlbroPlaceAirportWay,90.1,73.4
AlbroPlaceAirportWay,90,73.4
AlbroPlaceAirportWay,90,73.38
AlbroPlaceAirportWay,90,73.41
AlbroPlaceAirportWay,90,73.41
AlbroPlaceAirportWay,90,73.31
AlbroPlaceAirportWay,90,73.32
AlbroPlaceAirportWay,90,73.24
AlbroPlaceAirportWay,90,73.1
AlbroPlaceAirportWay,89.9,72.93
AlbroPlaceAirportWay,89.9,72.83
AlbroPlaceAirportWay,89.9,72.72
AlbroPlaceAirportWay,89.9,72.57
AlbroPlaceAirportWay,89.9,72.46
SpokaneSwingBridge,82.1,71.84
SpokaneSwingBridge,82,71.81
SpokaneSwingBridge,82,71.8
SpokaneSwingBridge,82,71.8
SpokaneSwingBridge,82,71.81
SpokaneSwingBridge,81.9,71.85
SpokaneSwingBridge,81.9,71.86
SpokaneSwingBridge,81.9,71.88
SpokaneSwingBridge,81.9,71.91
SpokaneSwingBridge,81.8,71.91
SpokaneSwingBridge,81.8,71.91
SpokaneSwingBridge,81.8,71.93
SpokaneSwingBridge,81.8,71.96
SpokaneSwingBridge,81.7,71.96
SpokaneSwingBridge,81.7,71.97
RooseveltWay_NE80thSt,78.94,78.94
RooseveltWay_NE80thSt,78.92,78.92
RooseveltWay_NE80thSt,78.89,78.89
RooseveltWay_NE80thSt,78.88,78.88
RooseveltWay_NE80thSt,78.87,78.87
RooseveltWay_NE80thSt,78.85,78.85
RooseveltWay_NE80thSt,78.83,78.83
RooseveltWay_NE80thSt,78.83,78.83
RooseveltWay_NE80thSt,78.82,78.82
RooseveltWay_NE80thSt,78.81,78.81
RooseveltWay_NE80thSt,78.79,78.79
RooseveltWay_NE80thSt,78.78,78.78
RooseveltWay_NE80thSt,78.77,78.77
RooseveltWay_NE80thSt,78.76,78.76
RooseveltWay_NE80thSt,78.74,78.74
HarborAveUpperNorthBridge,82.1,71.84
HarborAveUpperNorthBridge,82,71.81
HarborAveUpperNorthBridge,82,71.8
HarborAveUpperNorthBridge,82,71.8
HarborAveUpperNorthBridge,82,71.81
HarborAveUpperNorthBridge,81.9,71.85
HarborAveUpperNorthBridge,81.9,71.86
HarborAveUpperNorthBridge,81.9,71.88
HarborAveUpperNorthBridge,81.9,71.91
HarborAveUpperNorthBridge,81.8,71.91
HarborAveUpperNorthBridge,81.8,71.91
HarborAveUpperNorthBridge,81.8,71.93
HarborAveUpperNorthBridge,81.8,71.96
HarborAveUpperNorthBridge,81.7,71.96
HarborAveUpperNorthBridge,81.7,71.97
MagnoliaBridge,79.37,70.86
MagnoliaBridge,79.32,70.86
MagnoliaBridge,79.31,70.82
MagnoliaBridge,79.29,70.81
MagnoliaBridge,79.26,70.79
MagnoliaBridge,79.26,70.77
MagnoliaBridge,79.21,70.76
MagnoliaBridge,79.21,70.76
MagnoliaBridge,79.21,70.73
MagnoliaBridge,79.17,70.71
MagnoliaBridge,79.15,70.72
MagnoliaBridge,79.14,70.73
MagnoliaBridge,79.1,70.75
MagnoliaBridge,79.09,70.74
MagnoliaBridge,79.1,70.74
MagnoliaBridge,73.81,64.97
MagnoliaBridge,70.31,61.07
AlbroPlaceAirportWay,89.6,72.17
AlbroPlaceAirportWay,89.6,72.17
AlbroPlaceAirportWay,89.6,72.19
AlbroPlaceAirportWay,89.6,72.19
AlbroPlaceAirportWay,89.5,72.19
AlbroPlaceAirportWay,89.5,72.11
AlbroPlaceAirportWay,89.5,72.08
AlbroPlaceAirportWay,89.5,72.02
AlbroPlaceAirportWay,89.5,72.07
AlbroPlaceAirportWay,89.5,72.23
AlbroPlaceAirportWay,89.5,72.46
AlbroPlaceAirportWay,89.5,72.69
AlbroPlaceAirportWay,89.4,72.77
AlbroPlaceAirportWay,89.4,72.88
AlbroPlaceAirportWay,89.4,72.98
HarborAveUpperNorthBridge,81.3,71.98
HarborAveUpperNorthBridge,81.3,71.96
HarborAveUpperNorthBridge,81.2,71.99
HarborAveUpperNorthBridge,81.2,72.02
HarborAveUpperNorthBridge,81.2,72.06
HarborAveUpperNorthBridge,81.2,72.1
HarborAveUpperNorthBridge,81.1,72.15
HarborAveUpperNorthBridge,81.1,72.17
HarborAveUpperNorthBridge,81.1,72.17
HarborAveUpperNorthBridge,81,72.17
HarborAveUpperNorthBridge,81,72.17
HarborAveUpperNorthBridge,81,72.2
HarborAveUpperNorthBridge,80.9,72.15
HarborAveUpperNorthBridge,80.9,72.09
HarborAveUpperNorthBridge,80.9,72.06
RooseveltWay_NE80thSt,78.5,78.5
RooseveltWay_NE80thSt,78.5,78.5
RooseveltWay_NE80thSt,78.47,78.47
RooseveltWay_NE80thSt,78.45,78.45
RooseveltWay_NE80thSt,78.43,78.43
RooseveltWay_NE80thSt,78.4,78.4
RooseveltWay_NE80thSt,78.39,78.39
RooseveltWay_NE80thSt,78.37,78.37
RooseveltWay_NE80thSt,78.33,78.33
RooseveltWay_NE80thSt,78.3,78.3
RooseveltWay_NE80thSt,78.28,78.28
RooseveltWay_NE80thSt,78.27,78.27
RooseveltWay_NE80thSt,78.23,78.23
RooseveltWay_NE80thSt,78.21,78.21
RooseveltWay_NE80thSt,78.18,78.18
MagnoliaBridge,78.81,70.54
MagnoliaBridge,78.77,70.51
MagnoliaBridge,78.77,70.45
MagnoliaBridge,78.76,70.4
MagnoliaBridge,78.72,70.28
MagnoliaBridge,78.71,70.07
MagnoliaBridge,78.66,69.85
MagnoliaBridge,78.63,69.66
MagnoliaBridge,78.59,69.49
MagnoliaBridge,78.55,69.36
MagnoliaBridge,78.52,69.28
MagnoliaBridge,78.49,69.21
MagnoliaBridge,78.44,69.15
MagnoliaBridge,78.41,69.09
MagnoliaBridge,78.38,69.05
SpokaneSwingBridge,81.3,71.98
SpokaneSwingBridge,81.3,71.96
SpokaneSwingBridge,81.2,71.99
SpokaneSwingBridge,81.2,72.02
SpokaneSwingBridge,81.2,72.06
SpokaneSwingBridge,81.2,72.1
SpokaneSwingBridge,81.1,72.15
SpokaneSwingBridge,81.1,72.17
SpokaneSwingBridge,81.1,72.17
SpokaneSwingBridge,81,72.17
SpokaneSwingBridge,81,72.17
SpokaneSwingBridge,81,72.2
SpokaneSwingBridge,80.9,72.15
SpokaneSwingBridge,80.9,72.09
SpokaneSwingBridge,80.9,72.06
SpokaneSwingBridge,82.3,72.35
SpokaneSwingBridge,82.3,72.26
SpokaneSwingBridge,82.3,72.18
SpokaneSwingBridge,82.3,72.1
SpokaneSwingBridge,82.2,72.06
SpokaneSwingBridge,82.2,72.06
SpokaneSwingBridge,82.2,72
SpokaneSwingBridge,82.2,71.92
SpokaneSwingBridge,82.1,71.88
SpokaneSwingBridge,82.1,71.86
SpokaneSwingBridge,82.1,71.84
SpokaneSwingBridge,82,71.81
SpokaneSwingBridge,82,71.8
SpokaneSwingBridge,82,71.8
SpokaneSwingBridge,82,71.81
AlbroPlaceAirportWay,90.2,72.88
AlbroPlaceAirportWay,90.2,72.87
AlbroPlaceAirportWay,90.2,72.84
AlbroPlaceAirportWay,90.2,72.84
AlbroPlaceAirportWay,90.2,72.84
AlbroPlaceAirportWay,90.2,72.91
AlbroPlaceAirportWay,90.2,73.01
AlbroPlaceAirportWay,90.1,73.08
AlbroPlaceAirportWay,90.1,73.11
AlbroPlaceAirportWay,90.1,73.15
AlbroPlaceAirportWay,90.1,73.29
AlbroPlaceAirportWay,90.1,73.4
AlbroPlaceAirportWay,90,73.4
AlbroPlaceAirportWay,90,73.38
AlbroPlaceAirportWay,90,73.41
RooseveltWay_NE80thSt,79.08,79.08
RooseveltWay_NE80thSt,79.06,79.06
RooseveltWay_NE80thSt,79.05,79.05
RooseveltWay_NE80thSt,79.04,79.04
RooseveltWay_NE80thSt,79.01,79.01
RooseveltWay_NE80thSt,78.99,78.99
RooseveltWay_NE80thSt,78.98,78.98
RooseveltWay_NE80thSt,78.96,78.96
RooseveltWay_NE80thSt,78.95,78.95
RooseveltWay_NE80thSt,78.94,78.94
RooseveltWay_NE80thSt,78.94,78.94
RooseveltWay_NE80thSt,78.92,78.92
RooseveltWay_NE80thSt,78.89,78.89
RooseveltWay_NE80thSt,78.88,78.88
RooseveltWay_NE80thSt,78.87,78.87
HarborAveUpperNorthBridge,82.3,72.35
HarborAveUpperNorthBridge,82.3,72.26
HarborAveUpperNorthBridge,82.3,72.18
HarborAveUpperNorthBridge,82.3,72.1
HarborAveUpperNorthBridge,82.2,72.06
HarborAveUpperNorthBridge,82.2,72.06
HarborAveUpperNorthBridge,82.2,72
HarborAveUpperNorthBridge,82.2,71.92
HarborAveUpperNorthBridge,82.1,71.88
HarborAveUpperNorthBridge,82.1,71.86
HarborAveUpperNorthBridge,82.1,71.84
HarborAveUpperNorthBridge,82,71.81
HarborAveUpperNorthBridge,82,71.8
HarborAveUpperNorthBridge,82,71.8
HarborAveUpperNorthBridge,82,71.81
MagnoliaBridge,79.56,71.32
MagnoliaBridge,79.54,71.27
MagnoliaBridge,79.53,71.22
MagnoliaBridge,79.52,71.15
MagnoliaBridge,79.49,71.1
MagnoliaBridge,79.47,71.04
MagnoliaBridge,79.44,70.99
MagnoliaBridge,79.43,70.97
MagnoliaBridge,79.41,70.93
MagnoliaBridge,79.38,70.91
MagnoliaBridge,79.37,70.86
MagnoliaBridge,79.32,70.86
MagnoliaBridge,79.31,70.82
MagnoliaBridge,79.29,70.81
MagnoliaBridge,79.26,70.79
AlbroPlaceAirportWay,89.5,72.46
AlbroPlaceAirportWay,89.5,72.69
AlbroPlaceAirportWay,89.4,72.77
AlbroPlaceAirportWay,89.4,72.88
AlbroPlaceAirportWay,89.4,72.98
AlbroPlaceAirportWay,89.4,72.94
AlbroPlaceAirportWay,89.4,72.93
AlbroPlaceAirportWay,89.3,73
AlbroPlaceAirportWay,89.3,73.05
AlbroPlaceAirportWay,89.3,72.97
AlbroPlaceAirportWay,89.3,72.88
AlbroPlaceAirportWay,89.3,72.97
AlbroPlaceAirportWay,89.3,73
AlbroPlaceAirportWay,89.3,73.05
AlbroPlaceAirportWay,89.2,73.15
RooseveltWay_NE80thSt,78.28,78.28
RooseveltWay_NE80thSt,78.27,78.27
RooseveltWay_NE80thSt,78.23,78.23
RooseveltWay_NE80thSt,78.21,78.21
RooseveltWay_NE80thSt,78.18,78.18
RooseveltWay_NE80thSt,78.16,78.16
RooseveltWay_NE80thSt,78.13,78.13
RooseveltWay_NE80thSt,78.11,78.11
RooseveltWay_NE80thSt,78.09,78.09
RooseveltWay_NE80thSt,78.06,78.06
RooseveltWay_NE80thSt,78.04,78.04
RooseveltWay_NE80thSt,78.01,78.01
RooseveltWay_NE80thSt,77.98,77.98
RooseveltWay_NE80thSt,77.95,77.95
RooseveltWay_NE80thSt,77.95,77.95
SpokaneSwingBridge,81,72.17
SpokaneSwingBridge,81,72.2
SpokaneSwingBridge,80.9,72.15
SpokaneSwingBridge,80.9,72.09
SpokaneSwingBridge,80.9,72.06
SpokaneSwingBridge,80.9,71.99
SpokaneSwingBridge,80.8,71.92
SpokaneSwingBridge,80.8,71.85
SpokaneSwingBridge,80.8,71.77
SpokaneSwingBridge,80.7,71.69
SpokaneSwingBridge,80.7,71.68
SpokaneSwingBridge,80.7,71.72
SpokaneSwingBridge,80.6,71.73
SpokaneSwingBridge,80.6,71.67
SpokaneSwingBridge,80.5,71.64
MagnoliaBridge,78.52,69.28
MagnoliaBridge,78.49,69.21
MagnoliaBridge,78.44,69.15
MagnoliaBridge,78.41,69.09
MagnoliaBridge,78.38,69.05
MagnoliaBridge,78.34,68.98
MagnoliaBridge,78.32,68.91
MagnoliaBridge,78.28,68.88
MagnoliaBridge,78.23,68.84
MagnoliaBridge,78.21,68.85
MagnoliaBridge,78.17,68.91
MagnoliaBridge,78.14,68.97
MagnoliaBridge,78.11,69.04
MagnoliaBridge,78.09,69.11
MagnoliaBridge,78.06,69.18
AlbroPlaceAirportWay,89.8,72.26
AlbroPlaceAirportWay,89.8,72.38
AlbroPlaceAirportWay,89.7,72.45
AlbroPlaceAirportWay,89.7,72.5
AlbroPlaceAirportWay,89.7,72.5
AlbroPlaceAirportWay,89.7,72.5
AlbroPlaceAirportWay,89.7,72.44
AlbroPlaceAirportWay,89.7,72.4
AlbroPlaceAirportWay,89.7,72.38
AlbroPlaceAirportWay,89.7,72.26
AlbroPlaceAirportWay,89.6,72.17
AlbroPlaceAirportWay,89.6,72.17
AlbroPlaceAirportWay,89.6,72.19
AlbroPlaceAirportWay,89.6,72.19
AlbroPlaceAirportWay,89.5,72.19
HarborAveUpperNorthBridge,81.5,72.08
HarborAveUpperNorthBridge,81.5,72.15
HarborAveUpperNorthBridge,81.5,72.17
HarborAveUpperNorthBridge,81.5,72.17
HarborAveUpperNorthBridge,81.5,72.16
HarborAveUpperNorthBridge,81.4,72.08
HarborAveUpperNorthBridge,81.4,72.07
HarborAveUpperNorthBridge,81.4,72.02
HarborAveUpperNorthBridge,81.3,72.01
HarborAveUpperNorthBridge,81.3,72.01
HarborAveUpperNorthBridge,81.3,71.98
HarborAveUpperNorthBridge,81.3,71.96
HarborAveUpperNorthBridge,81.2,71.99
HarborAveUpperNorthBridge,81.2,72.02
HarborAveUpperNorthBridge,81.2,72.06
HarborAveUpperNorthBridge,79.68,70.31
HarborAveUpperNorthBridge,79.66,70.32
HarborAveUpperNorthBridge,79.62,70.34
HarborAveUpperNorthBridge,79.61,70.31
HarborAveUpperNorthBridge,79.57,70.28
HarborAveUpperNorthBridge,79.54,70.27
HarborAveUpperNorthBridge,79.5,70.28
HarborAveUpperNorthBridge,79.49,70.31
HarborAveUpperNorthBridge,79.45,70.33
HarborAveUpperNorthBridge,79.41,70.34
HarborAveUpperNorthBridge,79.39,70.32
HarborAveUpperNorthBridge,79.36,70.26
HarborAveUpperNorthBridge,79.33,70.24
HarborAveUpperNorthBridge,79.3,70.23
HarborAveUpperNorthBridge,79.28,70.23
RooseveltWay_NE80thSt,77.34,77.34
RooseveltWay_NE80thSt,77.31,77.31
RooseveltWay_NE80thSt,77.3,77.3
RooseveltWay_NE80thSt,77.29,77.29
RooseveltWay_NE80thSt,77.26,77.26
RooseveltWay_NE80thSt,77.25,77.25
RooseveltWay_NE80thSt,77.23,77.23
RooseveltWay_NE80thSt,77.2,77.2
RooseveltWay_NE80thSt,77.2,77.2
RooseveltWay_NE80thSt,77.18,77.18
RooseveltWay_NE80thSt,77.15,77.15
RooseveltWay_NE80thSt,77.14,77.14
RooseveltWay_NE80thSt,77.11,77.11
RooseveltWay_NE80thSt,77.09,77.09
RooseveltWay_NE80thSt,77.08,77.08
SpokaneSwingBridge,79.68,70.31
SpokaneSwingBridge,79.66,70.32
SpokaneSwingBridge,79.62,70.34
SpokaneSwingBridge,79.61,70.31
SpokaneSwingBridge,79.57,70.28
SpokaneSwingBridge,79.54,70.27
SpokaneSwingBridge,79.5,70.28
SpokaneSwingBridge,79.49,70.31
SpokaneSwingBridge,79.45,70.33
SpokaneSwingBridge,79.41,70.34
SpokaneSwingBridge,79.39,70.32
SpokaneSwingBridge,79.36,70.26
SpokaneSwingBridge,79.33,70.24
SpokaneSwingBridge,79.3,70.23
SpokaneSwingBridge,79.28,70.23
MagnoliaBridge,77.44,69.35
MagnoliaBridge,77.41,69.34
MagnoliaBridge,77.4,69.3
MagnoliaBridge,77.39,69.27
MagnoliaBridge,77.35,69.24
MagnoliaBridge,77.35,69.19
MagnoliaBridge,77.34,69.13
MagnoliaBridge,77.3,69.07
MagnoliaBridge,77.29,68.9
MagnoliaBridge,77.28,68.61
MagnoliaBridge,77.24,68.48
MagnoliaBridge,77.24,68.27
MagnoliaBridge,77.24,68.23
MagnoliaBridge,77.21,68.18
MagnoliaBridge,77.18,68.09
MagnoliaBridge,77.24,68.48
HarborAveUpperNorthBridge,79.39,70.32
MagnoliaBridge,77.24,68.27
HarborAveUpperNorthBridge,79.36,70.26
MagnoliaBridge,77.24,68.23
HarborAveUpperNorthBridge,79.33,70.24
MagnoliaBridge,77.21,68.18
HarborAveUpperNorthBridge,79.3,70.23
MagnoliaBridge,77.18,68.09
HarborAveUpperNorthBridge,82.8,72.25
HarborAveUpperNorthBridge,82.8,72.21
HarborAveUpperNorthBridge,82.7,72.21
HarborAveUpperNorthBridge,82.7,72.2
HarborAveUpperNorthBridge,82.7,72.21
HarborAveUpperNorthBridge,82.6,72.24
HarborAveUpperNorthBridge,82.6,72.28
HarborAveUpperNorthBridge,82.6,72.32
HarborAveUpperNorthBridge,82.6,72.35
HarborAveUpperNorthBridge,82.5,72.33
RooseveltWay_NE80thSt,79.47,79.47
RooseveltWay_NE80thSt,79.44,79.44
RooseveltWay_NE80thSt,79.42,79.42
RooseveltWay_NE80thSt,79.4,79.4
RooseveltWay_NE80thSt,79.39,79.39
RooseveltWay_NE80thSt,79.37,79.37
RooseveltWay_NE80thSt,79.35,79.35
RooseveltWay_NE80thSt,79.32,79.32
RooseveltWay_NE80thSt,79.32,79.32
RooseveltWay_NE80thSt,79.29,79.29
RooseveltWay_NE80thSt,79.27,79.27
RooseveltWay_NE80thSt,79.26,79.26
RooseveltWay_NE80thSt,79.24,79.24
RooseveltWay_NE80thSt,79.21,79.21
RooseveltWay_NE80thSt,79.2,79.2
MagnoliaBridge,80,71.58
MagnoliaBridge,79.97,71.67
MagnoliaBridge,79.98,71.74
MagnoliaBridge,79.93,71.79
MagnoliaBridge,79.92,71.78
MagnoliaBridge,79.87,71.7
MagnoliaBridge,79.86,71.7
MagnoliaBridge,79.81,71.63
MagnoliaBridge,79.8,71.6
MagnoliaBridge,79.77,71.56
MagnoliaBridge,79.75,71.56
MagnoliaBridge,79.75,71.52
MagnoliaBridge,79.73,71.49
MagnoliaBridge,79.7,71.46
MagnoliaBridge,79.69,71.46
SpokaneSwingBridge,82.9,72.42
SpokaneSwingBridge,82.9,72.37
SpokaneSwingBridge,82.9,72.3
SpokaneSwingBridge,82.8,72.25
SpokaneSwingBridge,82.8,72.21
SpokaneSwingBridge,82.7,72.21
SpokaneSwingBridge,82.7,72.2
SpokaneSwingBridge,82.7,72.21
SpokaneSwingBridge,82.6,72.24
SpokaneSwingBridge,82.6,72.28
SpokaneSwingBridge,82.6,72.32
SpokaneSwingBridge,82.6,72.35
SpokaneSwingBridge,82.5,72.33
SpokaneSwingBridge,82.5,72.44
SpokaneSwingBridge,82.5,72.5
AlbroPlaceAirportWay,89.3,72.88
AlbroPlaceAirportWay,89.3,72.97
AlbroPlaceAirportWay,89.3,73
AlbroPlaceAirportWay,89.3,73.05
AlbroPlaceAirportWay,89.2,73.15
AlbroPlaceAirportWay,89.2,73.13
AlbroPlaceAirportWay,89.2,73.15
AlbroPlaceAirportWay,89.2,73.08
AlbroPlaceAirportWay,89.2,72.8
AlbroPlaceAirportWay,89.1,72.6
AlbroPlaceAirportWay,89.1,72.51
AlbroPlaceAirportWay,89.1,72.4
AlbroPlaceAirportWay,89.1,72.3
AlbroPlaceAirportWay,89.1,72.28
AlbroPlaceAirportWay,89.1,72.23
SpokaneSwingBridge,79.39,70.32
SpokaneSwingBridge,79.36,70.26
SpokaneSwingBridge,79.33,70.24
SpokaneSwingBridge,79.3,70.23
SpokaneSwingBridge,79.28,70.23
SpokaneSwingBridge,79.24,70.19
SpokaneSwingBridge,79.22,70.2
SpokaneSwingBridge,79.18,70.24
SpokaneSwingBridge,79.16,70.24
SpokaneSwingBridge,79.13,70.24
SpokaneSwingBridge,79.11,70.24
SpokaneSwingBridge,79.08,70.24
SpokaneSwingBridge,79.05,70.23
SpokaneSwingBridge,79.04,70.25
SpokaneSwingBridge,79,70.24
RooseveltWay_NE80thSt,76.96,76.96
RooseveltWay_NE80thSt,76.93,76.93
RooseveltWay_NE80thSt,76.91,76.91
RooseveltWay_NE80thSt,76.9,76.9
RooseveltWay_NE80thSt,76.87,76.87
RooseveltWay_NE80thSt,76.87,76.87
RooseveltWay_NE80thSt,76.85,76.85
RooseveltWay_NE80thSt,76.81,76.81
RooseveltWay_NE80thSt,76.82,76.82
RooseveltWay_NE80thSt,76.81,76.81
RooseveltWay_NE80thSt,76.8,76.8
RooseveltWay_NE80thSt,76.79,76.79
RooseveltWay_NE80thSt,76.76,76.76
RooseveltWay_NE80thSt,76.76,76.76
RooseveltWay_NE80thSt,76.76,76.76
MagnoliaBridge,77.08,68.22
MagnoliaBridge,77.07,68.26
MagnoliaBridge,77.05,68.3
MagnoliaBridge,77.02,68.32
MagnoliaBridge,77.02,68.36
MagnoliaBridge,77.02,68.32
MagnoliaBridge,77,68.33
MagnoliaBridge,76.97,68.32
MagnoliaBridge,76.97,68.32
MagnoliaBridge,76.95,68.36
MagnoliaBridge,76.91,68.44
MagnoliaBridge,76.91,68.46
MagnoliaBridge,76.91,68.46
MagnoliaBridge,76.91,68.42
MagnoliaBridge,76.88,68.39
SpokaneSwingBridge,79.05,70.23
SpokaneSwingBridge,79.04,70.25
SpokaneSwingBridge,79,70.24
SpokaneSwingBridge,78.97,70.24
SpokaneSwingBridge,78.94,70.22
SpokaneSwingBridge,78.93,70.19
SpokaneSwingBridge,78.89,70.18
SpokaneSwingBridge,78.88,70.18
SpokaneSwingBridge,78.84,70.19
SpokaneSwingBridge,78.82,70.19
SpokaneSwingBridge,78.79,70.17
SpokaneSwingBridge,78.77,70.12
SpokaneSwingBridge,78.74,70.08
SpokaneSwingBridge,78.71,70.05
SpokaneSwingBridge,78.7,70.01
AlbroPlaceAirportWay,90.4,72.8
AlbroPlaceAirportWay,90.3,72.78
AlbroPlaceAirportWay,90.3,72.78
AlbroPlaceAirportWay,90.3,72.77
AlbroPlaceAirportWay,90.3,72.73
AlbroPlaceAirportWay,90.3,72.7
AlbroPlaceAirportWay,90.3,72.74
AlbroPlaceAirportWay,90.3,72.78
AlbroPlaceAirportWay,90.3,72.8
AlbroPlaceAirportWay,90.2,72.84
AlbroPlaceAirportWay,90.2,72.88
AlbroPlaceAirportWay,90.2,72.87
AlbroPlaceAirportWay,90.2,72.84
AlbroPlaceAirportWay,90.2,72.84
AlbroPlaceAirportWay,90.2,72.84
SpokaneSwingBridge,82.6,72.24
SpokaneSwingBridge,82.6,72.28
SpokaneSwingBridge,82.6,72.32
SpokaneSwingBridge,82.6,72.35
SpokaneSwingBridge,82.5,72.33
SpokaneSwingBridge,82.5,72.44
SpokaneSwingBridge,82.5,72.5
SpokaneSwingBridge,82.4,72.48
SpokaneSwingBridge,82.4,72.48
SpokaneSwingBridge,82.4,72.44
SpokaneSwingBridge,82.3,72.35
SpokaneSwingBridge,82.3,72.26
SpokaneSwingBridge,82.3,72.18
SpokaneSwingBridge,82.3,72.1
SpokaneSwingBridge,82.2,72.06
RooseveltWay_NE80thSt,79.27,79.27
RooseveltWay_NE80thSt,79.26,79.26
RooseveltWay_NE80thSt,79.24,79.24
RooseveltWay_NE80thSt,79.21,79.21
RooseveltWay_NE80thSt,79.2,79.2
RooseveltWay_NE80thSt,79.17,79.17
RooseveltWay_NE80thSt,79.16,79.16
RooseveltWay_NE80thSt,79.15,79.15
RooseveltWay_NE80thSt,79.13,79.13
RooseveltWay_NE80thSt,79.11,79.11
RooseveltWay_NE80thSt,79.08,79.08
RooseveltWay_NE80thSt,79.06,79.06
RooseveltWay_NE80thSt,79.05,79.05
RooseveltWay_NE80thSt,79.04,79.04
RooseveltWay_NE80thSt,79.01,79.01
HarborAveUpperNorthBridge,82.6,72.24
HarborAveUpperNorthBridge,82.6,72.28
HarborAveUpperNorthBridge,82.6,72.32
HarborAveUpperNorthBridge,82.6,72.35
HarborAveUpperNorthBridge,82.5,72.33
HarborAveUpperNorthBridge,82.5,72.44
HarborAveUpperNorthBridge,82.5,72.5
HarborAveUpperNorthBridge,82.4,72.48
HarborAveUpperNorthBridge,82.4,72.48
HarborAveUpperNorthBridge,82.4,72.44
HarborAveUpperNorthBridge,82.3,72.35
HarborAveUpperNorthBridge,82.3,72.26
HarborAveUpperNorthBridge,82.3,72.18
HarborAveUpperNorthBridge,82.3,72.1
HarborAveUpperNorthBridge,82.2,72.06
MagnoliaBridge,79.75,71.56
MagnoliaBridge,79.75,71.52
MagnoliaBridge,79.73,71.49
MagnoliaBridge,79.7,71.46
MagnoliaBridge,79.69,71.46
MagnoliaBridge,79.66,71.42
MagnoliaBridge,79.65,71.38
MagnoliaBridge,79.63,71.36
MagnoliaBridge,79.61,71.32
MagnoliaBridge,79.6,71.32
MagnoliaBridge,79.56,71.32
MagnoliaBridge,79.54,71.27
MagnoliaBridge,79.53,71.22
MagnoliaBridge,79.52,71.15
MagnoliaBridge,79.49,71.1
HarborAveUpperNorthBridge,80.7,71.68
HarborAveUpperNorthBridge,80.7,71.72
HarborAveUpperNorthBridge,80.6,71.73
HarborAveUpperNorthBridge,80.6,71.67
HarborAveUpperNorthBridge,80.5,71.64
HarborAveUpperNorthBridge,80.5,71.6
HarborAveUpperNorthBridge,80.5,71.55
HarborAveUpperNorthBridge,80.5,71.53
HarborAveUpperNorthBridge,80.4,71.46
HarborAveUpperNorthBridge,80.4,71.38
HarborAveUpperNorthBridge,80.4,71.32
HarborAveUpperNorthBridge,80.3,71.27
HarborAveUpperNorthBridge,80.3,71.22
HarborAveUpperNorthBridge,80.2,71.14
HarborAveUpperNorthBridge,80.2,71.14
RooseveltWay_NE80thSt,78.04,78.04
RooseveltWay_NE80thSt,78.01,78.01
RooseveltWay_NE80thSt,77.98,77.98
RooseveltWay_NE80thSt,77.95,77.95
RooseveltWay_NE80thSt,77.95,77.95
RooseveltWay_NE80thSt,77.92,77.92
RooseveltWay_NE80thSt,77.89,77.89
RooseveltWay_NE80thSt,77.87,77.87
AlbroPlaceAirportWay,88.5,71.74
AlbroPlaceAirportWay,88.5,71.78
AlbroPlaceAirportWay,88.5,71.78
AlbroPlaceAirportWay,88.4,71.78
AlbroPlaceAirportWay,88.4,71.78
AlbroPlaceAirportWay,88.4,71.8
AlbroPlaceAirportWay,88.4,71.78
AlbroPlaceAirportWay,88.4,71.72
AlbroPlaceAirportWay,88.3,71.66
AlbroPlaceAirportWay,88.3,71.63
AlbroPlaceAirportWay,88.3,71.63
AlbroPlaceAirportWay,88.3,71.63
AlbroPlaceAirportWay,88.3,71.68
AlbroPlaceAirportWay,88.3,71.74
AlbroPlaceAirportWay,88.3,71.79
HarborAveUpperNorthBridge,79.11,70.24
HarborAveUpperNorthBridge,79.08,70.24
HarborAveUpperNorthBridge,79.05,70.23
HarborAveUpperNorthBridge,79.04,70.25
HarborAveUpperNorthBridge,79,70.24
HarborAveUpperNorthBridge,78.97,70.24
HarborAveUpperNorthBridge,78.94,70.22
HarborAveUpperNorthBridge,78.93,70.19
HarborAveUpperNorthBridge,78.89,70.18
HarborAveUpperNorthBridge,78.88,70.18
HarborAveUpperNorthBridge,78.84,70.19
HarborAveUpperNorthBridge,78.82,70.19
HarborAveUpperNorthBridge,78.79,70.17
HarborAveUpperNorthBridge,78.77,70.12
HarborAveUpperNorthBridge,78.74,70.08
SpokaneSwingBridge,78.33,69.99
SpokaneSwingBridge,78.32,69.92
SpokaneSwingBridge,78.28,69.88
SpokaneSwingBridge,78.27,69.79
SpokaneSwingBridge,78.24,69.72
SpokaneSwingBridge,78.21,69.65
SpokaneSwingBridge,78.18,69.62
SpokaneSwingBridge,78.16,69.58
SpokaneSwingBridge,78.13,69.53
SpokaneSwingBridge,78.1,69.49
SpokaneSwingBridge,78.07,69.42
SpokaneSwingBridge,78.04,69.31
SpokaneSwingBridge,78.02,69.2
SpokaneSwingBridge,77.99,69.13
SpokaneSwingBridge,77.97,69
RooseveltWay_NE80thSt,76.6,76.6
RooseveltWay_NE80thSt,76.59,76.59
RooseveltWay_NE80thSt,76.59,76.59
RooseveltWay_NE80thSt,76.59,76.59
RooseveltWay_NE80thSt,76.57,76.57
RooseveltWay_NE80thSt,76.56,76.56
RooseveltWay_NE80thSt,76.55,76.55
RooseveltWay_NE80thSt,76.54,76.54
RooseveltWay_NE80thSt,76.54,76.54
RooseveltWay_NE80thSt,76.53,76.53
RooseveltWay_NE80thSt,76.5,76.5
RooseveltWay_NE80thSt,76.49,76.49
RooseveltWay_NE80thSt,76.47,76.47
RooseveltWay_NE80thSt,76.44,76.44
RooseveltWay_NE80thSt,76.43,76.43
MagnoliaBridge,76.55,67.4
MagnoliaBridge,76.53,67.34
MagnoliaBridge,76.51,67.25
MagnoliaBridge,76.48,67.18
MagnoliaBridge,76.48,67.12
MagnoliaBridge,76.43,67.06
MagnoliaBridge,76.42,67
MagnoliaBridge,76.37,66.94
MagnoliaBridge,76.37,66.92
MagnoliaBridge,76.32,66.89
MagnoliaBridge,76.32,66.88
MagnoliaBridge,76.29,66.88
MagnoliaBridge,76.27,66.88
MagnoliaBridge,76.26,66.89
MagnoliaBridge,76.22,66.88
SpokaneSwingBridge,93.4,80.7
SpokaneSwingBridge,93.4,80.6
SpokaneSwingBridge,93.3,80.6
SpokaneSwingBridge,93.3,80.5
SpokaneSwingBridge,93.2,80.5
SpokaneSwingBridge,93.1,80.4
SpokaneSwingBridge,93.1,80.5
SpokaneSwingBridge,93,80.5
SpokaneSwingBridge,93,80.5
AlbroPlaceAirportWay,92,83.8
AlbroPlaceAirportWay,92,83.7
AlbroPlaceAirportWay,92,83.6
AlbroPlaceAirportWay,92,83.5
AlbroPlaceAirportWay,92,83.6
AlbroPlaceAirportWay,92,83.6
AlbroPlaceAirportWay,92,83.5
AlbroPlaceAirportWay,92,83.5
AlbroPlaceAirportWay,92,83.5
AlbroPlaceAirportWay,92,83.5
AlbroPlaceAirportWay,92,83.5
AlbroPlaceAirportWay,92,83.4
AlbroPlaceAirportWay,92,83.3
AlbroPlaceAirportWay,92,83.2
AlbroPlaceAirportWay,92,83
RooseveltWay_NE80thSt,85,85
RooseveltWay_NE80thSt,84.9,84.9
RooseveltWay_NE80thSt,84.9,84.9
RooseveltWay_NE80thSt,84.9,84.9
RooseveltWay_NE80thSt,84.9,84.9
RooseveltWay_NE80thSt,84.8,84.8
RooseveltWay_NE80thSt,84.8,84.8
RooseveltWay_NE80thSt,84.8,84.8
RooseveltWay_NE80thSt,84.7,84.7
RooseveltWay_NE80thSt,84.7,84.7
RooseveltWay_NE80thSt,84.7,84.7
RooseveltWay_NE80thSt,84.7,84.7
RooseveltWay_NE80thSt,84.6,84.6
RooseveltWay_NE80thSt,84.6,84.6
RooseveltWay_NE80thSt,84.5,84.5
SpokaneSwingBridge,93.2,80.5
SpokaneSwingBridge,93.1,80.4
SpokaneSwingBridge,93.1,80.5
SpokaneSwingBridge,93,80.5
SpokaneSwingBridge,93,80.5
SpokaneSwingBridge,92.9,80.5
SpokaneSwingBridge,92.8,80.4
SpokaneSwingBridge,92.8,80.4
SpokaneSwingBridge,92.7,80.4
SpokaneSwingBridge,92.6,80.3
SpokaneSwingBridge,92.6,80.3
SpokaneSwingBridge,92.5,80.3
SpokaneSwingBridge,92.5,80.2
SpokaneSwingBridge,92.4,80.1
SpokaneSwingBridge,92.3,80.1
HarborAveUpperNorthBridge,93.2,80.5
HarborAveUpperNorthBridge,93.1,80.4
HarborAveUpperNorthBridge,93.1,80.5
HarborAveUpperNorthBridge,93,80.5
HarborAveUpperNorthBridge,93,80.5
HarborAveUpperNorthBridge,92.9,80.5
HarborAveUpperNorthBridge,92.8,80.4
HarborAveUpperNorthBridge,92.8,80.4
HarborAveUpperNorthBridge,92.7,80.4
HarborAveUpperNorthBridge,92.6,80.3
HarborAveUpperNorthBridge,92.6,80.3
HarborAveUpperNorthBridge,92.5,80.3
HarborAveUpperNorthBridge,92.5,80.2
HarborAveUpperNorthBridge,92.4,80.1
HarborAveUpperNorthBridge,92.3,80.1
MagnoliaBridge,90.4,81.4
MagnoliaBridge,90.4,81.4
MagnoliaBridge,90.3,81.4
MagnoliaBridge,90.2,81.3
MagnoliaBridge,90.1,81.3
MagnoliaBridge,90,81.3
MagnoliaBridge,90,81.3
MagnoliaBridge,89.9,81.3
MagnoliaBridge,89.8,81.2
MagnoliaBridge,89.7,81.2
MagnoliaBridge,89.7,81.2
MagnoliaBridge,89.6,81.1
MagnoliaBridge,89.5,81.1
MagnoliaBridge,89.4,81.1
MagnoliaBridge,89.4,81
AlbroPlaceAirportWay,92,82.7
AlbroPlaceAirportWay,92,82.6
AlbroPlaceAirportWay,92,82.5
AlbroPlaceAirportWay,92,82.5
AlbroPlaceAirportWay,92,82.4
AlbroPlaceAirportWay,92,82.4
AlbroPlaceAirportWay,92,82.3
AlbroPlaceAirportWay,92.1,82.3
AlbroPlaceAirportWay,92.1,82.2
AlbroPlaceAirportWay,92,82.3
AlbroPlaceAirportWay,92,82.2
AlbroPlaceAirportWay,92,82.3
AlbroPlaceAirportWay,92,82.2
AlbroPlaceAirportWay,92,82.2
AlbroPlaceAirportWay,92,82.1
SpokaneSwingBridge,91.4,79.55
AlbroPlaceAirportWay,85.1,65.52
AlbroPlaceAirportWay,85.1,65.53
AlbroPlaceAirportWay,85.1,65.58
AlbroPlaceAirportWay,85.1,65.61
AlbroPlaceAirportWay,85.1,65.58
AlbroPlaceAirportWay,85,65.54
AlbroPlaceAirportWay,85,65.52
AlbroPlaceAirportWay,85,65.52
AlbroPlaceAirportWay,85,65.52
AlbroPlaceAirportWay,85,65.52
AlbroPlaceAirportWay,85,65.57
AlbroPlaceAirportWay,84.9,65.64
AlbroPlaceAirportWay,84.9,65.76
AlbroPlaceAirportWay,84.9,65.88
AlbroPlaceAirportWay,84.9,65.97
HarborAveUpperNorthBridge,73.77,65.92
HarborAveUpperNorthBridge,73.76,65.98
HarborAveUpperNorthBridge,73.74,66.01
HarborAveUpperNorthBridge,73.7,65.97
HarborAveUpperNorthBridge,73.7,65.89
HarborAveUpperNorthBridge,73.66,65.72
HarborAveUpperNorthBridge,73.65,65.65
HarborAveUpperNorthBridge,73.62,65.52
HarborAveUpperNorthBridge,73.61,65.42
HarborAveUpperNorthBridge,73.58,65.37
HarborAveUpperNorthBridge,73.56,65.27
HarborAveUpperNorthBridge,73.55,65.21
HarborAveUpperNorthBridge,73.52,65.23
HarborAveUpperNorthBridge,73.5,65.18
HarborAveUpperNorthBridge,73.48,65.22
RooseveltWay_NE80thSt,74.12,74.12
RooseveltWay_NE80thSt,74.12,74.12
RooseveltWay_NE80thSt,74.1,74.1
RooseveltWay_NE80thSt,74.08,74.08
RooseveltWay_NE80thSt,74.08,74.08
RooseveltWay_NE80thSt,74.07,74.07
RooseveltWay_NE80thSt,74.07,74.07
RooseveltWay_NE80thSt,74.06,74.06
RooseveltWay_NE80thSt,74.04,74.04
RooseveltWay_NE80thSt,74.03,74.03
RooseveltWay_NE80thSt,74.02,74.02
RooseveltWay_NE80thSt,74.01,74.01
RooseveltWay_NE80thSt,73.99,73.99
RooseveltWay_NE80thSt,73.98,73.98
RooseveltWay_NE80thSt,73.97,73.97
SpokaneSwingBridge,73.77,65.92
SpokaneSwingBridge,73.76,65.98
SpokaneSwingBridge,73.74,66.01
SpokaneSwingBridge,73.7,65.97
SpokaneSwingBridge,73.7,65.89
SpokaneSwingBridge,73.66,65.72
SpokaneSwingBridge,73.65,65.65
SpokaneSwingBridge,73.62,65.52
SpokaneSwingBridge,73.61,65.42
SpokaneSwingBridge,73.58,65.37
SpokaneSwingBridge,73.56,65.27
SpokaneSwingBridge,73.55,65.21
SpokaneSwingBridge,73.52,65.23
SpokaneSwingBridge,73.5,65.18
SpokaneSwingBridge,73.48,65.22
MagnoliaBridge,73.12,63.9
MagnoliaBridge,73.09,63.89
MagnoliaBridge,73.06,63.85
MagnoliaBridge,73.05,63.81
MagnoliaBridge,73.01,63.81
MagnoliaBridge,73,63.81
MagnoliaBridge,72.99,63.81
MagnoliaBridge,72.95,63.82
MagnoliaBridge,72.95,63.86
MagnoliaBridge,72.95,63.89
MagnoliaBridge,72.95,63.92
MagnoliaBridge,72.93,63.95
MagnoliaBridge,72.92,63.98
MagnoliaBridge,72.9,64.01
MagnoliaBridge,72.9,64
AlbroPlaceAirportWay,91.5,76.93
AlbroPlaceAirportWay,91.5,76.88
AlbroPlaceAirportWay,91.5,76.82
AlbroPlaceAirportWay,91.5,76.76
AlbroPlaceAirportWay,91.5,76.69
AlbroPlaceAirportWay,91.5,76.64
AlbroPlaceAirportWay,91.5,76.61
AlbroPlaceAirportWay,91.4,76.58
AlbroPlaceAirportWay,91.4,76.57
AlbroPlaceAirportWay,91.5,76.55
AlbroPlaceAirportWay,91.5,76.47
AlbroPlaceAirportWay,91.5,76.38
AlbroPlaceAirportWay,91.4,76.31
AlbroPlaceAirportWay,91.4,76.31
AlbroPlaceAirportWay,91.4,76.35
SpokaneSwingBridge,86.5,74.72
SpokaneSwingBridge,86.5,74.73
SpokaneSwingBridge,86.4,74.81
SpokaneSwingBridge,86.4,74.86
SpokaneSwingBridge,86.3,74.88
SpokaneSwingBridge,86.3,74.84
SpokaneSwingBridge,86.2,74.84
SpokaneSwingBridge,86.2,74.89
SpokaneSwingBridge,86.1,74.89
SpokaneSwingBridge,86.1,74.82
SpokaneSwingBridge,86.1,74.77
SpokaneSwingBridge,86,74.68
SpokaneSwingBridge,86,74.62
SpokaneSwingBridge,85.9,74.56
SpokaneSwingBridge,85.9,74.49
RooseveltWay_NE80thSt,81.2,81.2
RooseveltWay_NE80thSt,81.2,81.2
RooseveltWay_NE80thSt,81.2,81.2
RooseveltWay_NE80thSt,81.2,81.2
RooseveltWay_NE80thSt,81.1,81.1
RooseveltWay_NE80thSt,81.1,81.1
RooseveltWay_NE80thSt,81.1,81.1
RooseveltWay_NE80thSt,81,81
RooseveltWay_NE80thSt,81,81
RooseveltWay_NE80thSt,81,81
RooseveltWay_NE80thSt,81,81
RooseveltWay_NE80thSt,80.9,80.9
RooseveltWay_NE80thSt,80.9,80.9
RooseveltWay_NE80thSt,80.9,80.9
RooseveltWay_NE80thSt,80.8,80.8
HarborAveUpperNorthBridge,86.5,74.72
HarborAveUpperNorthBridge,86.5,74.73
HarborAveUpperNorthBridge,86.4,74.81
HarborAveUpperNorthBridge,86.4,74.86
HarborAveUpperNorthBridge,86.3,74.88
HarborAveUpperNorthBridge,86.3,74.84
HarborAveUpperNorthBridge,86.2,74.84
HarborAveUpperNorthBridge,86.2,74.89
HarborAveUpperNorthBridge,86.1,74.89
HarborAveUpperNorthBridge,86.1,74.82
HarborAveUpperNorthBridge,86.1,74.77
HarborAveUpperNorthBridge,86,74.68
HarborAveUpperNorthBridge,86,74.62
HarborAveUpperNorthBridge,85.9,74.56
HarborAveUpperNorthBridge,85.9,74.49
MagnoliaBridge,82.9,72.81
MagnoliaBridge,82.9,72.96
MagnoliaBridge,82.8,73.12
MagnoliaBridge,82.8,73.27
MagnoliaBridge,82.8,73.35
MagnoliaBridge,82.7,73.42
MagnoliaBridge,82.7,73.47
MagnoliaBridge,82.6,73.51
MagnoliaBridge,82.6,73.54
MagnoliaBridge,82.6,73.57
MagnoliaBridge,82.5,73.59
MagnoliaBridge,82.5,73.57
MagnoliaBridge,82.5,73.52
MagnoliaBridge,82.4,73.52
MagnoliaBridge,82.4,73.47
RooseveltWay_NE80thSt,80.4,80.4
RooseveltWay_NE80thSt,80.4,80.4
RooseveltWay_NE80thSt,80.4,80.4
RooseveltWay_NE80thSt,80.4,80.4
RooseveltWay_NE80thSt,80.4,80.4
RooseveltWay_NE80thSt,80.3,80.3
RooseveltWay_NE80thSt,80.3,80.3
RooseveltWay_NE80thSt,80.3,80.3
RooseveltWay_NE80thSt,80.3,80.3
RooseveltWay_NE80thSt,80.3,80.3
RooseveltWay_NE80thSt,80.2,80.2
RooseveltWay_NE80thSt,80.2,80.2
RooseveltWay_NE80thSt,80.2,80.2
RooseveltWay_NE80thSt,80.2,80.2
RooseveltWay_NE80thSt,80.2,80.2
SpokaneSwingBridge,85.1,73.84
SpokaneSwingBridge,85,73.77
SpokaneSwingBridge,85,73.73
SpokaneSwingBridge,85,73.69
SpokaneSwingBridge,84.9,73.68
SpokaneSwingBridge,84.9,73.64
SpokaneSwingBridge,84.8,73.63
SpokaneSwingBridge,84.8,73.63
SpokaneSwingBridge,84.7,73.61
SpokaneSwingBridge,84.7,73.58
AlbroPlaceAirportWay,92,83.5
AlbroPlaceAirportWay,92,83.4
AlbroPlaceAirportWay,92,83.3
AlbroPlaceAirportWay,92,83.2
AlbroPlaceAirportWay,92,83
AlbroPlaceAirportWay,92,83
AlbroPlaceAirportWay,92,82.9
AlbroPlaceAirportWay,92,82.9
AlbroPlaceAirportWay,92,82.9
AlbroPlaceAirportWay,92,82.9
AlbroPlaceAirportWay,92,82.9
AlbroPlaceAirportWay,92,82.9
AlbroPlaceAirportWay,92,82.9
AlbroPlaceAirportWay,92,82.9
AlbroPlaceAirportWay,92,82.9
RooseveltWay_NE80thSt,84.7,84.7
RooseveltWay_NE80thSt,84.7,84.7
RooseveltWay_NE80thSt,84.6,84.6
RooseveltWay_NE80thSt,84.6,84.6
RooseveltWay_NE80thSt,84.5,84.5
RooseveltWay_NE80thSt,84.5,84.5
RooseveltWay_NE80thSt,84.5,84.5
RooseveltWay_NE80thSt,84.4,84.4
RooseveltWay_NE80thSt,84.4,84.4
RooseveltWay_NE80thSt,84.4,84.4
RooseveltWay_NE80thSt,84.3,84.3
RooseveltWay_NE80thSt,84.3,84.3
RooseveltWay_NE80thSt,84.3,84.3
RooseveltWay_NE80thSt,84.2,84.2
RooseveltWay_NE80thSt,84.2,84.2
SpokaneSwingBridge,92.6,80.3
SpokaneSwingBridge,92.5,80.3
SpokaneSwingBridge,92.5,80.2
SpokaneSwingBridge,92.4,80.1
SpokaneSwingBridge,92.3,80.1
SpokaneSwingBridge,92.3,79.99
SpokaneSwingBridge,92.2,79.96
SpokaneSwingBridge,92.2,79.92
SpokaneSwingBridge,92.1,79.92
SpokaneSwingBridge,92,79.97
SpokaneSwingBridge,92,80
SpokaneSwingBridge,91.9,80
SpokaneSwingBridge,91.8,79.97
SpokaneSwingBridge,91.8,79.97
SpokaneSwingBridge,91.7,79.96
HarborAveUpperNorthBridge,92.6,80.3
HarborAveUpperNorthBridge,92.5,80.3
HarborAveUpperNorthBridge,92.5,80.2
HarborAveUpperNorthBridge,92.4,80.1
HarborAveUpperNorthBridge,92.3,80.1
HarborAveUpperNorthBridge,92.3,79.99
HarborAveUpperNorthBridge,92.2,79.96
HarborAveUpperNorthBridge,92.2,79.92
HarborAveUpperNorthBridge,92.1,79.92
HarborAveUpperNorthBridge,92,79.97
HarborAveUpperNorthBridge,92,80
HarborAveUpperNorthBridge,91.9,80
HarborAveUpperNorthBridge,91.8,79.97
HarborAveUpperNorthBridge,91.8,79.97
HarborAveUpperNorthBridge,91.7,79.96
RooseveltWay_NE80thSt,77.84,77.84
AlbroPlaceAirportWay,91.9,80.4
AlbroPlaceAirportWay,91.9,80.4
AlbroPlaceAirportWay,91.9,80.3
AlbroPlaceAirportWay,91.9,80.2
AlbroPlaceAirportWay,91.9,80.1
AlbroPlaceAirportWay,91.9,80.1
AlbroPlaceAirportWay,91.9,79.98
AlbroPlaceAirportWay,91.9,79.89
AlbroPlaceAirportWay,91.9,79.76
AlbroPlaceAirportWay,91.9,79.55
AlbroPlaceAirportWay,91.9,79.33
AlbroPlaceAirportWay,91.9,79.18
AlbroPlaceAirportWay,91.8,79.1
AlbroPlaceAirportWay,91.8,79.04
AlbroPlaceAirportWay,91.8,79.02
SpokaneSwingBridge,89.1,78.12
SpokaneSwingBridge,89.1,78.08
SpokaneSwingBridge,89,78.01
SpokaneSwingBridge,89,77.96
SpokaneSwingBridge,88.9,77.91
SpokaneSwingBridge,88.9,77.88
SpokaneSwingBridge,88.8,77.84
SpokaneSwingBridge,88.8,77.81
SpokaneSwingBridge,88.7,77.77
SpokaneSwingBridge,88.7,77.76
SpokaneSwingBridge,88.6,77.73
SpokaneSwingBridge,88.6,77.68
SpokaneSwingBridge,88.5,77.64
SpokaneSwingBridge,88.5,77.61
SpokaneSwingBridge,88.4,77.55
RooseveltWay_NE80thSt,82.6,82.6
RooseveltWay_NE80thSt,82.6,82.6
RooseveltWay_NE80thSt,82.6,82.6
RooseveltWay_NE80thSt,82.5,82.5
RooseveltWay_NE80thSt,82.5,82.5
RooseveltWay_NE80thSt,82.5,82.5
RooseveltWay_NE80thSt,82.4,82.4
RooseveltWay_NE80thSt,82.4,82.4
RooseveltWay_NE80thSt,82.4,82.4
RooseveltWay_NE80thSt,82.4,82.4
RooseveltWay_NE80thSt,82.3,82.3
RooseveltWay_NE80thSt,82.3,82.3
RooseveltWay_NE80thSt,82.3,82.3
RooseveltWay_NE80thSt,82.2,82.2
RooseveltWay_NE80thSt,82.2,82.2
HarborAveUpperNorthBridge,89.1,78.12
HarborAveUpperNorthBridge,89.1,78.08
HarborAveUpperNorthBridge,89,78.01
HarborAveUpperNorthBridge,89,77.96
HarborAveUpperNorthBridge,88.9,77.91
HarborAveUpperNorthBridge,88.9,77.88
HarborAveUpperNorthBridge,88.8,77.84
HarborAveUpperNorthBridge,88.8,77.81
HarborAveUpperNorthBridge,88.7,77.77
HarborAveUpperNorthBridge,88.7,77.76
HarborAveUpperNorthBridge,88.6,77.73
HarborAveUpperNorthBridge,88.6,77.68
HarborAveUpperNorthBridge,88.5,77.64
HarborAveUpperNorthBridge,88.5,77.61
HarborAveUpperNorthBridge,88.4,77.55
MagnoliaBridge,85.6,77.51
MagnoliaBridge,85.6,77.46
MagnoliaBridge,85.5,77.39
MagnoliaBridge,85.5,77.35
MagnoliaBridge,85.4,77.27
MagnoliaBridge,85.3,77.2
MagnoliaBridge,85.3,77.14
MagnoliaBridge,85.2,77.07
MagnoliaBridge,85.2,77.03
MagnoliaBridge,85.1,76.98
MagnoliaBridge,85.1,76.71
MagnoliaBridge,85,76.53
MagnoliaBridge,85,76.09
MagnoliaBridge,84.9,75.64
MagnoliaBridge,84.9,75.24
AlbroPlaceAirportWay,91.3,76.14
AlbroPlaceAirportWay,91.3,76.07
AlbroPlaceAirportWay,91.3,76
AlbroPlaceAirportWay,91.3,75.98
AlbroPlaceAirportWay,91.3,75.98
AlbroPlaceAirportWay,91.3,75.91
AlbroPlaceAirportWay,91.3,75.87
AlbroPlaceAirportWay,91.3,75.8
AlbroPlaceAirportWay,91.2,75.72
AlbroPlaceAirportWay,91.2,75.69
AlbroPlaceAirportWay,91.2,75.66
AlbroPlaceAirportWay,91.2,75.61
AlbroPlaceAirportWay,91.2,75.62
AlbroPlaceAirportWay,91.2,75.62
AlbroPlaceAirportWay,91.2,75.52
HarborAveUpperNorthBridge,85.6,74.1
HarborAveUpperNorthBridge,85.5,74.08
HarborAveUpperNorthBridge,85.5,74.05
HarborAveUpperNorthBridge,85.4,74.05
HarborAveUpperNorthBridge,85.4,74.05
HarborAveUpperNorthBridge,85.3,74.04
HarborAveUpperNorthBridge,85.3,74.02
HarborAveUpperNorthBridge,85.2,73.99
HarborAveUpperNorthBridge,85.2,73.95
HarborAveUpperNorthBridge,84.6,73.58
HarborAveUpperNorthBridge,84.6,73.56
HarborAveUpperNorthBridge,84.6,73.53
HarborAveUpperNorthBridge,84.5,73.52
HarborAveUpperNorthBridge,84.5,73.5
HarborAveUpperNorthBridge,84.4,73.52
HarborAveUpperNorthBridge,84.4,73.53
HarborAveUpperNorthBridge,84.3,73.55
HarborAveUpperNorthBridge,84.3,73.57
HarborAveUpperNorthBridge,84.3,73.58
HarborAveUpperNorthBridge,84.2,73.56
HarborAveUpperNorthBridge,84.2,73.49
HarborAveUpperNorthBridge,84.1,73.45
HarborAveUpperNorthBridge,84.1,73.38
HarborAveUpperNorthBridge,84,73.3
RooseveltWay_NE80thSt,80.2,80.2
RooseveltWay_NE80thSt,80.2,80.2
RooseveltWay_NE80thSt,80.2,80.2
RooseveltWay_NE80thSt,80.2,80.2
RooseveltWay_NE80thSt,80.2,80.2
RooseveltWay_NE80thSt,80.1,80.1
RooseveltWay_NE80thSt,80.1,80.1
RooseveltWay_NE80thSt,80.1,80.1
RooseveltWay_NE80thSt,80.1,80.1
RooseveltWay_NE80thSt,80.1,80.1
RooseveltWay_NE80thSt,80,80
RooseveltWay_NE80thSt,80,80
RooseveltWay_NE80thSt,80,80
RooseveltWay_NE80thSt,79.98,79.98
RooseveltWay_NE80thSt,79.95,79.95
SpokaneSwingBridge,84.6,73.58
SpokaneSwingBridge,84.6,73.56
SpokaneSwingBridge,84.6,73.53
SpokaneSwingBridge,84.5,73.52
SpokaneSwingBridge,84.5,73.5
SpokaneSwingBridge,84.4,73.52
SpokaneSwingBridge,84.4,73.53
SpokaneSwingBridge,84.3,73.55
SpokaneSwingBridge,84.3,73.57
SpokaneSwingBridge,84.3,73.58
SpokaneSwingBridge,84.2,73.56
SpokaneSwingBridge,84.2,73.49
SpokaneSwingBridge,84.1,73.45
SpokaneSwingBridge,84.1,73.38
SpokaneSwingBridge,84,73.3
MagnoliaBridge,81.4,72.17
MagnoliaBridge,81.3,72.07
MagnoliaBridge,81.3,71.91
MagnoliaBridge,81.2,71.77
MagnoliaBridge,81.2,71.65
MagnoliaBridge,81.2,71.55
MagnoliaBridge,81.1,71.53
MagnoliaBridge,81.1,71.48
MagnoliaBridge,81,71.44
MagnoliaBridge,81,71.44
MagnoliaBridge,81,71.48
MagnoliaBridge,80.9,71.49
MagnoliaBridge,80.9,71.49
MagnoliaBridge,80.9,71.48
MagnoliaBridge,80.9,71.44
HarborAveUpperNorthBridge,84.2,73.56
HarborAveUpperNorthBridge,84.2,73.49
HarborAveUpperNorthBridge,84.1,73.45
HarborAveUpperNorthBridge,84.1,73.38
HarborAveUpperNorthBridge,84,73.3
HarborAveUpperNorthBridge,84,73.23
HarborAveUpperNorthBridge,84,73.15
HarborAveUpperNorthBridge,83.9,73.09
HarborAveUpperNorthBridge,83.9,73.04
HarborAveUpperNorthBridge,83.8,72.99
HarborAveUpperNorthBridge,83.8,72.94
HarborAveUpperNorthBridge,83.8,72.89
HarborAveUpperNorthBridge,83.7,72.86
HarborAveUpperNorthBridge,83.7,72.82
HarborAveUpperNorthBridge,83.6,72.77
MagnoliaBridge,81,71.48
MagnoliaBridge,80.9,71.49
MagnoliaBridge,80.9,71.49
MagnoliaBridge,80.9,71.48
MagnoliaBridge,80.9,71.44
MagnoliaBridge,80.8,71.4
MagnoliaBridge,80.8,71.33
MagnoliaBridge,80.7,71.29
MagnoliaBridge,80.7,71.25
MagnoliaBridge,80.7,71.24
MagnoliaBridge,80.6,71.24
MagnoliaBridge,80.6,71.24
MagnoliaBridge,80.5,71.24
MagnoliaBridge,80.5,71.24
MagnoliaBridge,80.5,71.24
SpokaneSwingBridge,84.1,73.45
SpokaneSwingBridge,84.1,73.38
SpokaneSwingBridge,84,73.3
SpokaneSwingBridge,84,73.23
SpokaneSwingBridge,84,73.15
SpokaneSwingBridge,83.9,73.09
SpokaneSwingBridge,83.9,73.04
SpokaneSwingBridge,83.8,72.99
SpokaneSwingBridge,83.8,72.94
SpokaneSwingBridge,83.8,72.89
SpokaneSwingBridge,90.2,79.08
SpokaneSwingBridge,90.1,79.05
SpokaneSwingBridge,90.1,79
SpokaneSwingBridge,90,78.87
SpokaneSwingBridge,90,78.83
SpokaneSwingBridge,89.9,78.75
SpokaneSwingBridge,89.9,78.66
SpokaneSwingBridge,89.8,78.62
SpokaneSwingBridge,89.8,78.57
SpokaneSwingBridge,89.7,78.55
SpokaneSwingBridge,89.7,78.59
SpokaneSwingBridge,89.6,78.56
SpokaneSwingBridge,89.5,78.52
SpokaneSwingBridge,89.5,78.47
SpokaneSwingBridge,89.4,78.46
RooseveltWay_NE80thSt,83.2,83.2
RooseveltWay_NE80thSt,83.2,83.2
RooseveltWay_NE80thSt,83.2,83.2
RooseveltWay_NE80thSt,83.1,83.1
RooseveltWay_NE80thSt,83.1,83.1
RooseveltWay_NE80thSt,83.1,83.1
RooseveltWay_NE80thSt,83.1,83.1
RooseveltWay_NE80thSt,83,83
RooseveltWay_NE80thSt,83,83
RooseveltWay_NE80thSt,83,83
RooseveltWay_NE80thSt,82.9,82.9
RooseveltWay_NE80thSt,82.9,82.9
RooseveltWay_NE80thSt,82.9,82.9
RooseveltWay_NE80thSt,82.8,82.8
RooseveltWay_NE80thSt,82.8,82.8
HarborAveUpperNorthBridge,90.2,79.08
HarborAveUpperNorthBridge,90.1,79.05
HarborAveUpperNorthBridge,90.1,79
HarborAveUpperNorthBridge,90,78.87
HarborAveUpperNorthBridge,90,78.83
HarborAveUpperNorthBridge,89.9,78.75
HarborAveUpperNorthBridge,89.9,78.66
HarborAveUpperNorthBridge,89.8,78.62
HarborAveUpperNorthBridge,89.8,78.57
HarborAveUpperNorthBridge,89.7,78.55
HarborAveUpperNorthBridge,89.7,78.59
HarborAveUpperNorthBridge,89.6,78.56
HarborAveUpperNorthBridge,89.5,78.52
HarborAveUpperNorthBridge,89.5,78.47
HarborAveUpperNorthBridge,89.4,78.46
MagnoliaBridge,86.8,79.08
MagnoliaBridge,86.8,78.98
MagnoliaBridge,86.7,78.88
MagnoliaBridge,86.7,78.68
MagnoliaBridge,86.6,78.49
MagnoliaBridge,86.5,78.39
MagnoliaBridge,86.5,78.28
MagnoliaBridge,86.4,78.25
MagnoliaBridge,86.4,78.23
MagnoliaBridge,86.3,78.2
MagnoliaBridge,86.2,78.15
MagnoliaBridge,86.2,78.05
MagnoliaBridge,86.1,77.96
MagnoliaBridge,86.1,77.93
MagnoliaBridge,86,77.88
AlbroPlaceAirportWay,89,71.89
AlbroPlaceAirportWay,89,71.92
AlbroPlaceAirportWay,88.9,72.06
AlbroPlaceAirportWay,88.9,72.18
AlbroPlaceAirportWay,88.9,72.26
AlbroPlaceAirportWay,88.9,72.45
AlbroPlaceAirportWay,88.9,72.54
AlbroPlaceAirportWay,88.9,72.64
AlbroPlaceAirportWay,88.8,72.76
AlbroPlaceAirportWay,88.8,72.89
AlbroPlaceAirportWay,88.8,72.96
AlbroPlaceAirportWay,88.8,72.87
AlbroPlaceAirportWay,88.8,72.76
AlbroPlaceAirportWay,88.7,72.51
AlbroPlaceAirportWay,88.7,72.29
SpokaneSwingBridge,80,70.74
SpokaneSwingBridge,79.98,70.72
SpokaneSwingBridge,79.96,70.64
SpokaneSwingBridge,79.92,70.56
SpokaneSwingBridge,79.89,70.47
SpokaneSwingBridge,79.85,70.42
SpokaneSwingBridge,79.83,70.41
SpokaneSwingBridge,79.79,70.4
SpokaneSwingBridge,79.75,70.37
SpokaneSwingBridge,79.73,70.33
SpokaneSwingBridge,79.68,70.31
SpokaneSwingBridge,79.66,70.32
SpokaneSwingBridge,79.62,70.34
SpokaneSwingBridge,79.61,70.31
SpokaneSwingBridge,79.57,70.28
RooseveltWay_NE80thSt,77.57,77.57
RooseveltWay_NE80thSt,77.54,77.54
RooseveltWay_NE80thSt,77.51,77.51
RooseveltWay_NE80thSt,77.5,77.5
RooseveltWay_NE80thSt,77.47,77.47
RooseveltWay_NE80thSt,77.45,77.45
RooseveltWay_NE80thSt,77.42,77.42
RooseveltWay_NE80thSt,77.41,77.41
RooseveltWay_NE80thSt,77.4,77.4
RooseveltWay_NE80thSt,77.36,77.36
RooseveltWay_NE80thSt,77.34,77.34
RooseveltWay_NE80thSt,77.31,77.31
RooseveltWay_NE80thSt,77.3,77.3
RooseveltWay_NE80thSt,77.29,77.29
RooseveltWay_NE80thSt,77.26,77.26
MagnoliaBridge,77.67,69.2
MagnoliaBridge,77.63,69.23
MagnoliaBridge,77.62,69.28
MagnoliaBridge,77.57,69.29
MagnoliaBridge,77.57,69.29
MagnoliaBridge,77.54,69.29
MagnoliaBridge,77.51,69.33
MagnoliaBridge,77.5,69.36
MagnoliaBridge,77.46,69.37
MagnoliaBridge,77.46,69.37
MagnoliaBridge,77.44,69.35
MagnoliaBridge,77.41,69.34
MagnoliaBridge,77.4,69.3
MagnoliaBridge,77.39,69.27
MagnoliaBridge,77.35,69.24
HarborAveUpperNorthBridge,79.96,70.64
HarborAveUpperNorthBridge,79.92,70.56
HarborAveUpperNorthBridge,79.89,70.47
HarborAveUpperNorthBridge,79.85,70.42
HarborAveUpperNorthBridge,79.83,70.41
HarborAveUpperNorthBridge,79.79,70.4
HarborAveUpperNorthBridge,79.75,70.37
HarborAveUpperNorthBridge,79.73,70.33
HarborAveUpperNorthBridge,79.68,70.31
HarborAveUpperNorthBridge,79.66,70.32
HarborAveUpperNorthBridge,79.62,70.34
HarborAveUpperNorthBridge,79.61,70.31
HarborAveUpperNorthBridge,79.57,70.28
HarborAveUpperNorthBridge,79.54,70.27
HarborAveUpperNorthBridge,79.5,70.28
AlbroPlaceAirportWay,89.1,72.51
AlbroPlaceAirportWay,89.1,72.4
AlbroPlaceAirportWay,89.1,72.3
AlbroPlaceAirportWay,89.1,72.28
AlbroPlaceAirportWay,89.1,72.23
AlbroPlaceAirportWay,89.1,72.14
AlbroPlaceAirportWay,89,72.06
AlbroPlaceAirportWay,89,72
AlbroPlaceAirportWay,89,71.95
AlbroPlaceAirportWay,89,71.9
AlbroPlaceAirportWay,89,71.89
AlbroPlaceAirportWay,89,71.92
AlbroPlaceAirportWay,88.9,72.06
AlbroPlaceAirportWay,88.9,72.18
AlbroPlaceAirportWay,88.9,72.26
HarborAveUpperNorthBridge,80.4,71.32
HarborAveUpperNorthBridge,80.3,71.27
HarborAveUpperNorthBridge,80.3,71.22
HarborAveUpperNorthBridge,80.2,71.14
HarborAveUpperNorthBridge,80.2,71.14
HarborAveUpperNorthBridge,80.2,71.11
HarborAveUpperNorthBridge,80.1,70.99
HarborAveUpperNorthBridge,80.1,70.88
HarborAveUpperNorthBridge,80.1,70.84
HarborAveUpperNorthBridge,80.1,70.79
HarborAveUpperNorthBridge,80,70.74
HarborAveUpperNorthBridge,79.98,70.72
HarborAveUpperNorthBridge,79.96,70.64
HarborAveUpperNorthBridge,79.92,70.56
HarborAveUpperNorthBridge,79.89,70.47
MagnoliaBridge,77.9,69.19
MagnoliaBridge,77.89,69.15
MagnoliaBridge,77.86,69.12
MagnoliaBridge,77.84,69.1
MagnoliaBridge,77.8,69.1
MagnoliaBridge,77.78,69.08
MagnoliaBridge,77.76,69.05
MagnoliaBridge,77.73,69.06
MagnoliaBridge,77.7,69.09
MagnoliaBridge,77.67,69.14
MagnoliaBridge,77.67,69.2
MagnoliaBridge,77.63,69.23
MagnoliaBridge,77.62,69.28
MagnoliaBridge,77.57,69.29
MagnoliaBridge,77.57,69.29
SpokaneSwingBridge,80.3,71.22
SpokaneSwingBridge,80.2,71.14
SpokaneSwingBridge,80.2,71.14
SpokaneSwingBridge,80.2,71.11
SpokaneSwingBridge,80.1,70.99
SpokaneSwingBridge,80.1,70.88
SpokaneSwingBridge,80.1,70.84
SpokaneSwingBridge,80.1,70.79
SpokaneSwingBridge,80,70.74
SpokaneSwingBridge,79.98,70.72
SpokaneSwingBridge,79.96,70.64
SpokaneSwingBridge,79.92,70.56
SpokaneSwingBridge,79.89,70.47
SpokaneSwingBridge,79.85,70.42
SpokaneSwingBridge,79.83,70.41
AlbroPlaceAirportWay,92,82.9
AlbroPlaceAirportWay,92,82.9
AlbroPlaceAirportWay,92,82.9
AlbroPlaceAirportWay,92,82.9
AlbroPlaceAirportWay,92,82.9
AlbroPlaceAirportWay,92,82.9
AlbroPlaceAirportWay,92,82.9
AlbroPlaceAirportWay,92,82.8
AlbroPlaceAirportWay,92,82.8
AlbroPlaceAirportWay,92,82.8
AlbroPlaceAirportWay,92,82.7
AlbroPlaceAirportWay,92,82.6
AlbroPlaceAirportWay,92,82.5
AlbroPlaceAirportWay,92,82.5
AlbroPlaceAirportWay,92,82.4
HarborAveUpperNorthBridge,92,80
HarborAveUpperNorthBridge,91.9,80
HarborAveUpperNorthBridge,91.8,79.97
HarborAveUpperNorthBridge,91.8,79.97
HarborAveUpperNorthBridge,91.7,79.96
HarborAveUpperNorthBridge,91.7,79.95
HarborAveUpperNorthBridge,91.6,79.89
HarborAveUpperNorthBridge,91.5,79.83
HarborAveUpperNorthBridge,91.5,79.74
HarborAveUpperNorthBridge,91.4,79.65
HarborAveUpperNorthBridge,91.4,79.55
HarborAveUpperNorthBridge,91.3,79.48
HarborAveUpperNorthBridge,91.2,79.4
HarborAveUpperNorthBridge,91.2,79.38
HarborAveUpperNorthBridge,91.1,79.35
AlbroPlaceAirportWay,88.2,71.68
AlbroPlaceAirportWay,88.2,71.68
AlbroPlaceAirportWay,88.2,71.57
AlbroPlaceAirportWay,88.1,71.4
AlbroPlaceAirportWay,88.1,71.35
AlbroPlaceAirportWay,88.1,71.32
AlbroPlaceAirportWay,88.1,71.24
AlbroPlaceAirportWay,88.1,71.2
AlbroPlaceAirportWay,88,71.14
AlbroPlaceAirportWay,88,71.09
AlbroPlaceAirportWay,88,71.01
AlbroPlaceAirportWay,88,70.89
AlbroPlaceAirportWay,88,70.76
AlbroPlaceAirportWay,88,70.64
AlbroPlaceAirportWay,88,70.57
HarborAveUpperNorthBridge,78.6,69.99
HarborAveUpperNorthBridge,78.58,69.99
HarborAveUpperNorthBridge,78.55,69.99
HarborAveUpperNorthBridge,78.51,69.99
HarborAveUpperNorthBridge,78.49,69.99
HarborAveUpperNorthBridge,78.47,69.99
HarborAveUpperNorthBridge,78.44,69.99
HarborAveUpperNorthBridge,78.42,70
HarborAveUpperNorthBridge,78.38,70.01
HarborAveUpperNorthBridge,78.37,70
HarborAveUpperNorthBridge,78.33,69.99
HarborAveUpperNorthBridge,78.32,69.92
HarborAveUpperNorthBridge,78.28,69.88
HarborAveUpperNorthBridge,78.27,69.79
HarborAveUpperNorthBridge,78.24,69.72
RooseveltWay_NE80thSt,76.7,76.7
RooseveltWay_NE80thSt,76.68,76.68
RooseveltWay_NE80thSt,76.66,76.66
RooseveltWay_NE80thSt,76.65,76.65
RooseveltWay_NE80thSt,76.65,76.65
RooseveltWay_NE80thSt,76.65,76.65
RooseveltWay_NE80thSt,76.65,76.65
RooseveltWay_NE80thSt,76.64,76.64
RooseveltWay_NE80thSt,76.62,76.62
RooseveltWay_NE80thSt,76.61,76.61
RooseveltWay_NE80thSt,76.6,76.6
RooseveltWay_NE80thSt,76.59,76.59
RooseveltWay_NE80thSt,76.59,76.59
RooseveltWay_NE80thSt,76.59,76.59
RooseveltWay_NE80thSt,76.57,76.57
MagnoliaBridge,76.75,67.96
MagnoliaBridge,76.75,67.92
MagnoliaBridge,76.71,67.88
MagnoliaBridge,76.7,67.77
MagnoliaBridge,76.7,67.7
MagnoliaBridge,76.67,67.63
MagnoliaBridge,76.64,67.54
MagnoliaBridge,76.61,67.45
MagnoliaBridge,76.59,67.44
MagnoliaBridge,76.59,67.4
MagnoliaBridge,76.55,67.4
MagnoliaBridge,76.53,67.34
MagnoliaBridge,76.51,67.25
MagnoliaBridge,76.48,67.18
MagnoliaBridge,76.48,67.12
SpokaneSwingBridge,78.55,69.99
SpokaneSwingBridge,78.51,69.99
SpokaneSwingBridge,78.49,69.99
SpokaneSwingBridge,78.47,69.99
SpokaneSwingBridge,78.44,69.99
SpokaneSwingBridge,78.42,70
SpokaneSwingBridge,78.38,70.01
SpokaneSwingBridge,78.37,70
AlbroPlaceAirportWay,91.7,77.85
AlbroPlaceAirportWay,91.7,77.81
AlbroPlaceAirportWay,91.7,77.79
AlbroPlaceAirportWay,91.7,77.75
AlbroPlaceAirportWay,91.7,77.7
AlbroPlaceAirportWay,91.7,77.63
AlbroPlaceAirportWay,91.6,77.57
AlbroPlaceAirportWay,91.6,77.5
AlbroPlaceAirportWay,91.6,77.43
AlbroPlaceAirportWay,91.6,77.38
AlbroPlaceAirportWay,91.6,77.32
AlbroPlaceAirportWay,91.6,77.29
AlbroPlaceAirportWay,91.6,77.23
AlbroPlaceAirportWay,91.6,77.2
AlbroPlaceAirportWay,91.6,77.18
SpokaneSwingBridge,86.1,74.77
SpokaneSwingBridge,86,74.68
SpokaneSwingBridge,86,74.62
SpokaneSwingBridge,85.9,74.56
SpokaneSwingBridge,85.9,74.49
SpokaneSwingBridge,85.8,74.44
SpokaneSwingBridge,85.7,74.39
SpokaneSwingBridge,85.7,74.33
SpokaneSwingBridge,85.7,74.26
SpokaneSwingBridge,85.6,74.17
SpokaneSwingBridge,85.6,74.1
SpokaneSwingBridge,85.5,74.08
SpokaneSwingBridge,85.5,74.05
SpokaneSwingBridge,85.4,74.05
SpokaneSwingBridge,85.4,74.05
RooseveltWay_NE80thSt,81,81
RooseveltWay_NE80thSt,80.9,80.9
RooseveltWay_NE80thSt,80.9,80.9
RooseveltWay_NE80thSt,80.9,80.9
RooseveltWay_NE80thSt,80.8,80.8
RooseveltWay_NE80thSt,80.8,80.8
RooseveltWay_NE80thSt,80.8,80.8
RooseveltWay_NE80thSt,80.8,80.8
RooseveltWay_NE80thSt,80.7,80.7
RooseveltWay_NE80thSt,80.7,80.7
RooseveltWay_NE80thSt,80.7,80.7
RooseveltWay_NE80thSt,80.7,80.7
RooseveltWay_NE80thSt,80.6,80.6
RooseveltWay_NE80thSt,80.6,80.6
RooseveltWay_NE80thSt,80.6,80.6
MagnoliaBridge,82.5,73.59
MagnoliaBridge,82.5,73.57
MagnoliaBridge,82.5,73.52
MagnoliaBridge,82.4,73.52
MagnoliaBridge,82.4,73.47
MagnoliaBridge,82.4,73.39
MagnoliaBridge,82.3,73.29
MagnoliaBridge,82.3,73.18
MagnoliaBridge,82.2,73.05
MagnoliaBridge,82.2,72.95
MagnoliaBridge,82.1,72.88
MagnoliaBridge,82.1,72.79
MagnoliaBridge,82.1,72.76
MagnoliaBridge,82,72.73
MagnoliaBridge,82,72.67
HarborAveUpperNorthBridge,86.1,74.77
HarborAveUpperNorthBridge,86,74.68
HarborAveUpperNorthBridge,86,74.62
HarborAveUpperNorthBridge,85.9,74.56
HarborAveUpperNorthBridge,85.9,74.49
HarborAveUpperNorthBridge,85.8,74.44
HarborAveUpperNorthBridge,85.7,74.39
HarborAveUpperNorthBridge,85.7,74.33
HarborAveUpperNorthBridge,85.7,74.26
HarborAveUpperNorthBridge,85.6,74.17
HarborAveUpperNorthBridge,85.6,74.1
HarborAveUpperNorthBridge,85.5,74.08
HarborAveUpperNorthBridge,85.5,74.05
HarborAveUpperNorthBridge,85.4,74.05
HarborAveUpperNorthBridge,85.4,74.05
AlbroPlaceAirportWay,90.9,74.02
AlbroPlaceAirportWay,90.9,73.98
AlbroPlaceAirportWay,90.9,74.01
AlbroPlaceAirportWay,90.9,73.97
AlbroPlaceAirportWay,90.9,73.93
AlbroPlaceAirportWay,90.9,73.89
AlbroPlaceAirportWay,90.9,73.81
AlbroPlaceAirportWay,90.8,73.74
AlbroPlaceAirportWay,90.8,73.66
AlbroPlaceAirportWay,90.8,73.66
AlbroPlaceAirportWay,90.8,73.61
AlbroPlaceAirportWay,90.8,73.59
AlbroPlaceAirportWay,90.8,73.55
AlbroPlaceAirportWay,90.8,73.52
AlbroPlaceAirportWay,90.7,73.49
RooseveltWay_NE80thSt,80,80
RooseveltWay_NE80thSt,80,80
RooseveltWay_NE80thSt,80,80
RooseveltWay_NE80thSt,79.98,79.98
RooseveltWay_NE80thSt,79.95,79.95
RooseveltWay_NE80thSt,79.95,79.95
RooseveltWay_NE80thSt,79.93,79.93
RooseveltWay_NE80thSt,79.9,79.9
RooseveltWay_NE80thSt,79.88,79.88
RooseveltWay_NE80thSt,77.15,77.15
RooseveltWay_NE80thSt,77.14,77.14
RooseveltWay_NE80thSt,77.11,77.11
RooseveltWay_NE80thSt,77.09,77.09
RooseveltWay_NE80thSt,77.08,77.08
RooseveltWay_NE80thSt,77.05,77.05
RooseveltWay_NE80thSt,77.03,77.03
RooseveltWay_NE80thSt,77.01,77.01
RooseveltWay_NE80thSt,76.98,76.98
RooseveltWay_NE80thSt,76.97,76.97
RooseveltWay_NE80thSt,76.96,76.96
RooseveltWay_NE80thSt,76.93,76.93
RooseveltWay_NE80thSt,76.91,76.91
RooseveltWay_NE80thSt,76.9,76.9
RooseveltWay_NE80thSt,76.87,76.87
AlbroPlaceAirportWay,85,65.57
AlbroPlaceAirportWay,84.9,65.64
AlbroPlaceAirportWay,84.9,65.76
AlbroPlaceAirportWay,84.9,65.88
AlbroPlaceAirportWay,84.9,65.97
AlbroPlaceAirportWay,84.9,66.05
AlbroPlaceAirportWay,84.9,66.03
AlbroPlaceAirportWay,84.8,66
AlbroPlaceAirportWay,84.8,66.04
AlbroPlaceAirportWay,84.8,66.05
AlbroPlaceAirportWay,84.8,66.09
AlbroPlaceAirportWay,84.8,66.1
AlbroPlaceAirportWay,84.8,66.1
AlbroPlaceAirportWay,84.7,66.13
AlbroPlaceAirportWay,84.7,66.21
RooseveltWay_NE80thSt,74.02,74.02
RooseveltWay_NE80thSt,74.01,74.01
RooseveltWay_NE80thSt,73.99,73.99
RooseveltWay_NE80thSt,73.98,73.98
RooseveltWay_NE80thSt,73.97,73.97
RooseveltWay_NE80thSt,73.97,73.97
RooseveltWay_NE80thSt,73.96,73.96
RooseveltWay_NE80thSt,73.95,73.95
RooseveltWay_NE80thSt,73.92,73.92
RooseveltWay_NE80thSt,73.92,73.92
RooseveltWay_NE80thSt,73.9,73.9
RooseveltWay_NE80thSt,73.88,73.88
RooseveltWay_NE80thSt,73.86,73.86
RooseveltWay_NE80thSt,73.86,73.86
RooseveltWay_NE80thSt,73.84,73.84
HarborAveUpperNorthBridge,73.56,65.27
HarborAveUpperNorthBridge,73.55,65.21
HarborAveUpperNorthBridge,73.52,65.23
HarborAveUpperNorthBridge,73.5,65.18
HarborAveUpperNorthBridge,73.48,65.22
HarborAveUpperNorthBridge,73.46,65.22
HarborAveUpperNorthBridge,73.45,65.22
HarborAveUpperNorthBridge,73.44,65.3
HarborAveUpperNorthBridge,73.4,65.26
HarborAveUpperNorthBridge,73.39,65.25
HarborAveUpperNorthBridge,73.35,65.19
HarborAveUpperNorthBridge,73.35,65.17
HarborAveUpperNorthBridge,73.33,65.14
HarborAveUpperNorthBridge,73.3,65.07
HarborAveUpperNorthBridge,73.3,65.06
MagnoliaBridge,72.95,63.92
MagnoliaBridge,72.93,63.95
MagnoliaBridge,72.92,63.98
MagnoliaBridge,72.9,64.01
MagnoliaBridge,72.9,64
MagnoliaBridge,72.9,64.01
MagnoliaBridge,72.88,63.94
MagnoliaBridge,72.85,63.99
MagnoliaBridge,72.85,64.05
MagnoliaBridge,72.85,64.08
MagnoliaBridge,72.85,64.03
MagnoliaBridge,72.85,63.88
MagnoliaBridge,72.85,63.83
MagnoliaBridge,72.85,63.68
MagnoliaBridge,72.83,63.63
SpokaneSwingBridge,73.52,65.23
SpokaneSwingBridge,73.5,65.18
SpokaneSwingBridge,73.48,65.22
SpokaneSwingBridge,73.46,65.22
SpokaneSwingBridge,73.45,65.22
SpokaneSwingBridge,73.44,65.3
SpokaneSwingBridge,73.4,65.26
SpokaneSwingBridge,73.39,65.25
SpokaneSwingBridge,73.35,65.19
SpokaneSwingBridge,73.35,65.17
SpokaneSwingBridge,73.33,65.14
SpokaneSwingBridge,73.3,65.07
SpokaneSwingBridge,73.3,65.06
SpokaneSwingBridge,73.27,65.01
SpokaneSwingBridge,73.25,64.98
AlbroPlaceAirportWay,84.8,66.09
AlbroPlaceAirportWay,84.8,66.1
AlbroPlaceAirportWay,84.8,66.1
AlbroPlaceAirportWay,84.7,66.13
AlbroPlaceAirportWay,84.7,66.21
AlbroPlaceAirportWay,84.7,66.19
AlbroPlaceAirportWay,84.7,66.18
AlbroPlaceAirportWay,84.7,66.18
AlbroPlaceAirportWay,84.6,66.21
AlbroPlaceAirportWay,91.2,75.66
AlbroPlaceAirportWay,91.2,75.61
AlbroPlaceAirportWay,91.2,75.62
AlbroPlaceAirportWay,91.2,75.62
AlbroPlaceAirportWay,91.2,75.52
AlbroPlaceAirportWay,91.1,75.41
AlbroPlaceAirportWay,91.1,75.28
AlbroPlaceAirportWay,91.1,75.2
AlbroPlaceAirportWay,91.1,75.11
AlbroPlaceAirportWay,91.1,75.08
AlbroPlaceAirportWay,91.1,75.05
AlbroPlaceAirportWay,91.1,75
AlbroPlaceAirportWay,91.1,74.9
AlbroPlaceAirportWay,91.1,74.8
AlbroPlaceAirportWay,91,74.72
AlbroPlaceAirportWay,81.9,67.32
AlbroPlaceAirportWay,81.8,67.39
AlbroPlaceAirportWay,81.8,67.45
AlbroPlaceAirportWay,81.8,67.5
AlbroPlaceAirportWay,81.8,67.52
AlbroPlaceAirportWay,81.8,67.35
AlbroPlaceAirportWay,81.8,67.38
AlbroPlaceAirportWay,81.8,67.41
AlbroPlaceAirportWay,81.8,67.47
AlbroPlaceAirportWay,81.8,67.63
AlbroPlaceAirportWay,81.8,67.68
AlbroPlaceAirportWay,81.7,67.7
AlbroPlaceAirportWay,81.7,67.64
AlbroPlaceAirportWay,81.7,67.61
AlbroPlaceAirportWay,81.7,67.7
SpokaneSwingBridge,71.2,67.33
SpokaneSwingBridge,71.22,67.43
SpokaneSwingBridge,71.26,67.47
SpokaneSwingBridge,71.27,67.51
SpokaneSwingBridge,71.28,67.6
SpokaneSwingBridge,71.31,67.62
SpokaneSwingBridge,71.32,67.6
SpokaneSwingBridge,71.33,67.61
SpokaneSwingBridge,71.36,67.6
SpokaneSwingBridge,71.37,67.65
SpokaneSwingBridge,71.37,67.69
SpokaneSwingBridge,71.39,67.73
SpokaneSwingBridge,71.41,67.81
SpokaneSwingBridge,71.42,67.77
SpokaneSwingBridge,71.42,67.79
MagnoliaBridge,74.35,63.55
MagnoliaBridge,74.46,63.59
MagnoliaBridge,74.56,63.7
MagnoliaBridge,74.66,63.74
AlbroPlaceAirportWay,82.5,77.41
AlbroPlaceAirportWay,82.5,77.33
AlbroPlaceAirportWay,82.5,77.21
AlbroPlaceAirportWay,82.5,76.98
AlbroPlaceAirportWay,82.5,76.99
AlbroPlaceAirportWay,82.6,76.87
AlbroPlaceAirportWay,82.6,76.87
AlbroPlaceAirportWay,82.6,76.67
AlbroPlaceAirportWay,82.6,76.66
AlbroPlaceAirportWay,82.6,76.69
AlbroPlaceAirportWay,82.6,76.78
AlbroPlaceAirportWay,82.6,76.95
AlbroPlaceAirportWay,82.6,77.12
AlbroPlaceAirportWay,82.6,77.24
AlbroPlaceAirportWay,82.6,77.32
SpokaneSwingBridge,86.6,76.39
SpokaneSwingBridge,86.7,76.24
SpokaneSwingBridge,86.8,76.19
SpokaneSwingBridge,86.9,76.28
SpokaneSwingBridge,87,76.33
SpokaneSwingBridge,87.2,76.48
SpokaneSwingBridge,87.3,76.62
SpokaneSwingBridge,87.5,76.76
SpokaneSwingBridge,87.6,76.9
SpokaneSwingBridge,87.7,76.91
SpokaneSwingBridge,87.9,77.03
SpokaneSwingBridge,88,77.11
SpokaneSwingBridge,88.1,77.22
SpokaneSwingBridge,88.1,77.23
SpokaneSwingBridge,88.2,77.05
RooseveltWay_NE80thSt,85.2,85.2
RooseveltWay_NE80thSt,85.3,85.3
RooseveltWay_NE80thSt,85.3,85.3
RooseveltWay_NE80thSt,85.3,85.3
RooseveltWay_NE80thSt,85.3,85.3
RooseveltWay_NE80thSt,85.3,85.3
RooseveltWay_NE80thSt,85.3,85.3
RooseveltWay_NE80thSt,85.3,85.3
RooseveltWay_NE80thSt,85.3,85.3
RooseveltWay_NE80thSt,85.3,85.3
RooseveltWay_NE80thSt,85.3,85.3
RooseveltWay_NE80thSt,85.3,85.3
RooseveltWay_NE80thSt,85.3,85.3
RooseveltWay_NE80thSt,85.3,85.3
RooseveltWay_NE80thSt,85.3,85.3
HarborAveUpperNorthBridge,86.6,76.39
HarborAveUpperNorthBridge,86.7,76.24
HarborAveUpperNorthBridge,86.8,76.19
HarborAveUpperNorthBridge,86.9,76.28
HarborAveUpperNorthBridge,87,76.33
HarborAveUpperNorthBridge,87.2,76.48
AlbroPlaceAirportWay,91.9,79.33
AlbroPlaceAirportWay,91.9,79.18
AlbroPlaceAirportWay,91.8,79.1
AlbroPlaceAirportWay,91.8,79.04
AlbroPlaceAirportWay,91.8,79.02
AlbroPlaceAirportWay,91.8,78.98
AlbroPlaceAirportWay,91.8,78.91
AlbroPlaceAirportWay,91.8,78.86
AlbroPlaceAirportWay,91.8,78.86
AlbroPlaceAirportWay,91.8,78.87
AlbroPlaceAirportWay,91.8,78.86
AlbroPlaceAirportWay,91.8,78.81
AlbroPlaceAirportWay,91.7,78.68
AlbroPlaceAirportWay,91.7,78.56
AlbroPlaceAirportWay,91.7,78.49
RooseveltWay_NE80thSt,82.3,82.3
RooseveltWay_NE80thSt,82.3,82.3
RooseveltWay_NE80thSt,82.3,82.3
RooseveltWay_NE80thSt,82.2,82.2
RooseveltWay_NE80thSt,82.2,82.2
RooseveltWay_NE80thSt,82.2,82.2
RooseveltWay_NE80thSt,82.2,82.2
RooseveltWay_NE80thSt,82.1,82.1
RooseveltWay_NE80thSt,82.1,82.1
RooseveltWay_NE80thSt,82.1,82.1
RooseveltWay_NE80thSt,82,82
RooseveltWay_NE80thSt,82,82
RooseveltWay_NE80thSt,82,82
RooseveltWay_NE80thSt,82,82
RooseveltWay_NE80thSt,81.9,81.9
SpokaneSwingBridge,88.6,77.73
SpokaneSwingBridge,88.6,77.68
SpokaneSwingBridge,88.5,77.64
SpokaneSwingBridge,88.5,77.61
SpokaneSwingBridge,88.4,77.55
SpokaneSwingBridge,88.4,77.42
SpokaneSwingBridge,88.3,77.38
SpokaneSwingBridge,88.3,77.33
SpokaneSwingBridge,88.3,77.3
SpokaneSwingBridge,88.2,77.26
SpokaneSwingBridge,88.2,77.2
SpokaneSwingBridge,88.1,77.12
SpokaneSwingBridge,88,77
SpokaneSwingBridge,88,76.88
SpokaneSwingBridge,87.9,76.81
MagnoliaBridge,85.1,76.71
MagnoliaBridge,85,76.53
MagnoliaBridge,85,76.09
MagnoliaBridge,84.9,75.64
MagnoliaBridge,84.9,75.24
MagnoliaBridge,84.8,74.92
MagnoliaBridge,84.7,74.73
MagnoliaBridge,84.7,74.61
MagnoliaBridge,84.7,74.55
MagnoliaBridge,84.6,74.58
MagnoliaBridge,84.5,74.6
MagnoliaBridge,84.5,74.6
MagnoliaBridge,84.4,74.42
MagnoliaBridge,84.4,74.36
MagnoliaBridge,84.3,74.09
HarborAveUpperNorthBridge,88.5,77.64
HarborAveUpperNorthBridge,88.5,77.61
HarborAveUpperNorthBridge,88.4,77.55
HarborAveUpperNorthBridge,88.4,77.42
HarborAveUpperNorthBridge,88.3,77.38
HarborAveUpperNorthBridge,88.3,77.33
HarborAveUpperNorthBridge,88.3,77.3
HarborAveUpperNorthBridge,88.2,77.26
HarborAveUpperNorthBridge,88.2,77.2
HarborAveUpperNorthBridge,88.1,77.12
HarborAveUpperNorthBridge,88,77
HarborAveUpperNorthBridge,88,76.88
HarborAveUpperNorthBridge,87.9,76.81
HarborAveUpperNorthBridge,87.9,76.7
HarborAveUpperNorthBridge,87.8,76.57
HarborAveUpperNorthBridge,75.99,70.57
MagnoliaBridge,84.8,67.19
SpokaneSwingBridge,87.6,76.09
SpokaneSwingBridge,87.6,76
SpokaneSwingBridge,87.5,75.92
SpokaneSwingBridge,87.5,75.83
SpokaneSwingBridge,87.4,75.74
SpokaneSwingBridge,87.4,75.62
SpokaneSwingBridge,87.3,75.51
SpokaneSwingBridge,87.3,75.43
SpokaneSwingBridge,87.2,75.35
SpokaneSwingBridge,87.1,75.23
SpokaneSwingBridge,87.1,75.13
SpokaneSwingBridge,87,75.06
SpokaneSwingBridge,87,75.04
SpokaneSwingBridge,86.9,74.97
SpokaneSwingBridge,86.9,74.95
RooseveltWay_NE80thSt,81.8,81.8
RooseveltWay_NE80thSt,81.7,81.7
RooseveltWay_NE80thSt,81.7,81.7
RooseveltWay_NE80thSt,81.7,81.7
RooseveltWay_NE80thSt,81.6,81.6
RooseveltWay_NE80thSt,81.6,81.6
RooseveltWay_NE80thSt,81.6,81.6
RooseveltWay_NE80thSt,81.6,81.6
RooseveltWay_NE80thSt,81.6,81.6
RooseveltWay_NE80thSt,81.5,81.5
RooseveltWay_NE80thSt,81.5,81.5
RooseveltWay_NE80thSt,81.5,81.5
RooseveltWay_NE80thSt,81.5,81.5
RooseveltWay_NE80thSt,81.4,81.4
RooseveltWay_NE80thSt,81.4,81.4
HarborAveUpperNorthBridge,87.6,76.09
HarborAveUpperNorthBridge,87.6,76
HarborAveUpperNorthBridge,87.5,75.92
HarborAveUpperNorthBridge,87.5,75.83
HarborAveUpperNorthBridge,87.4,75.74
HarborAveUpperNorthBridge,87.4,75.62
HarborAveUpperNorthBridge,87.3,75.51
HarborAveUpperNorthBridge,87.3,75.43
HarborAveUpperNorthBridge,87.2,75.35
HarborAveUpperNorthBridge,87.1,75.23
HarborAveUpperNorthBridge,87.1,75.13
HarborAveUpperNorthBridge,87,75.06
HarborAveUpperNorthBridge,87,75.04
HarborAveUpperNorthBridge,86.9,74.97
HarborAveUpperNorthBridge,86.9,74.95
MagnoliaBridge,83.9,71.48
MagnoliaBridge,83.9,71.45
MagnoliaBridge,83.8,71.48
MagnoliaBridge,83.8,71.5
MagnoliaBridge,83.7,71.55
MagnoliaBridge,83.7,71.61
MagnoliaBridge,83.6,71.61
MagnoliaBridge,83.6,71.66
MagnoliaBridge,83.5,71.76
MagnoliaBridge,83.5,71.87
MagnoliaBridge,83.4,72
MagnoliaBridge,83.4,72.04
MagnoliaBridge,83.3,72.13
MagnoliaBridge,83.3,72.21
MagnoliaBridge,83.2,72.32
RooseveltWay_NE80thSt,84.3,84.3
RooseveltWay_NE80thSt,84.3,84.3
RooseveltWay_NE80thSt,84.3,84.3
RooseveltWay_NE80thSt,84.2,84.2
RooseveltWay_NE80thSt,84.2,84.2
RooseveltWay_NE80thSt,84.2,84.2
RooseveltWay_NE80thSt,84.1,84.1
RooseveltWay_NE80thSt,84.1,84.1
RooseveltWay_NE80thSt,84,84
RooseveltWay_NE80thSt,84,84
RooseveltWay_NE80thSt,84,84
RooseveltWay_NE80thSt,83.9,83.9
RooseveltWay_NE80thSt,83.9,83.9
RooseveltWay_NE80thSt,83.9,83.9
RooseveltWay_NE80thSt,83.8,83.8
MagnoliaBridge,88.9,80.8
MagnoliaBridge,88.8,80.8
MagnoliaBridge,88.8,80.7
MagnoliaBridge,88.7,80.6
MagnoliaBridge,88.6,80.6
MagnoliaBridge,88.6,80.5
MagnoliaBridge,88.5,80.4
MagnoliaBridge,88.4,80.3
MagnoliaBridge,88.3,80.2
MagnoliaBridge,88.3,80.2
MagnoliaBridge,88.2,80.1
MagnoliaBridge,88.1,80.1
MagnoliaBridge,88,80
MagnoliaBridge,88,79.94
MagnoliaBridge,87.9,79.9
SpokaneSwingBridge,91.8,79.97
SpokaneSwingBridge,91.8,79.97
SpokaneSwingBridge,91.7,79.96
SpokaneSwingBridge,91.7,79.95
SpokaneSwingBridge,91.6,79.89
SpokaneSwingBridge,91.5,79.83
SpokaneSwingBridge,91.5,79.74
SpokaneSwingBridge,91.4,79.65
SpokaneSwingBridge,91.4,79.55
SpokaneSwingBridge,91.3,79.48
SpokaneSwingBridge,91.2,79.4
SpokaneSwingBridge,91.2,79.38
SpokaneSwingBridge,91.1,79.35
SpokaneSwingBridge,91.1,79.31
SpokaneSwingBridge,91,79.31
RooseveltWay_NE80thSt,77.83,77.83
RooseveltWay_NE80thSt,77.8,77.8
RooseveltWay_NE80thSt,77.78,77.78
RooseveltWay_NE80thSt,77.74,77.74
RooseveltWay_NE80thSt,77.73,77.73
RooseveltWay_NE80thSt,77.72,77.72
SpokaneSwingBridge,80.7,71.68
SpokaneSwingBridge,80.7,71.72
SpokaneSwingBridge,80.6,71.73
SpokaneSwingBridge,80.6,71.67
SpokaneSwingBridge,80.5,71.64
SpokaneSwingBridge,80.5,71.6
SpokaneSwingBridge,80.5,71.55
SpokaneSwingBridge,80.5,71.53
SpokaneSwingBridge,80.4,71.46
SpokaneSwingBridge,80.4,71.38
SpokaneSwingBridge,80.4,71.32
SpokaneSwingBridge,80.3,71.27
SpokaneSwingBridge,80.3,71.22
SpokaneSwingBridge,80.2,71.14
SpokaneSwingBridge,80.2,71.14
MagnoliaBridge,78.17,68.91
MagnoliaBridge,78.14,68.97
MagnoliaBridge,78.11,69.04
MagnoliaBridge,78.09,69.11
MagnoliaBridge,78.06,69.18
MagnoliaBridge,78.03,69.19
MagnoliaBridge,78,69.2
MagnoliaBridge,77.99,69.22
MagnoliaBridge,77.95,69.24
MagnoliaBridge,77.93,69.21
MagnoliaBridge,77.9,69.19
MagnoliaBridge,77.89,69.15
MagnoliaBridge,77.86,69.12
MagnoliaBridge,77.84,69.1
MagnoliaBridge,77.8,69.1
RooseveltWay_NE80thSt,94,94
RooseveltWay_NE80thSt,93.9,93.9
RooseveltWay_NE80thSt,93.8,93.8
RooseveltWay_NE80thSt,93.7,93.7
RooseveltWay_NE80thSt,93.7,93.7
RooseveltWay_NE80thSt,93.6,93.6
RooseveltWay_NE80thSt,93.5,93.5
RooseveltWay_NE80thSt,93.4,93.4
RooseveltWay_NE80thSt,93.4,93.4
RooseveltWay_NE80thSt,93.3,93.3
RooseveltWay_NE80thSt,93.2,93.2
RooseveltWay_NE80thSt,93.1,93.1
RooseveltWay_NE80thSt,93.1,93.1
RooseveltWay_NE80thSt,93,93
RooseveltWay_NE80thSt,92.9,92.9
HarborAveUpperNorthBridge,101.5,80.6
HarborAveUpperNorthBridge,101.6,80.9
HarborAveUpperNorthBridge,101.6,81.1
HarborAveUpperNorthBridge,101.6,81
HarborAveUpperNorthBridge,101.6,80.8
HarborAveUpperNorthBridge,101.7,80.8
HarborAveUpperNorthBridge,101.7,80.6
HarborAveUpperNorthBridge,101.7,80.5
HarborAveUpperNorthBridge,101.7,80.5
HarborAveUpperNorthBridge,101.7,80.8
HarborAveUpperNorthBridge,101.7,81
HarborAveUpperNorthBridge,101.8,81
HarborAveUpperNorthBridge,101.8,81.1
HarborAveUpperNorthBridge,101.8,81
HarborAveUpperNorthBridge,101.9,80.9
MagnoliaBridge,102.6,83.7
MagnoliaBridge,102.6,83.5
MagnoliaBridge,102.6,83.2
MagnoliaBridge,102.6,83.2
MagnoliaBridge,102.6,83.1
MagnoliaBridge,102.6,83.4
MagnoliaBridge,102.6,83.5
MagnoliaBridge,102.6,83.6
MagnoliaBridge,102.6,83.7
MagnoliaBridge,102.6,83.9
MagnoliaBridge,102.6,84.1
MagnoliaBridge,102.6,84.2
MagnoliaBridge,102.6,84.2
MagnoliaBridge,102.6,84.2
MagnoliaBridge,102.7,84.2
SpokaneSwingBridge,91.3,79.48
SpokaneSwingBridge,91.2,79.4
SpokaneSwingBridge,91.2,79.38
SpokaneSwingBridge,91.1,79.35
SpokaneSwingBridge,91.1,79.31
SpokaneSwingBridge,91,79.31
SpokaneSwingBridge,90.9,79.3
SpokaneSwingBridge,90.9,79.31
SpokaneSwingBridge,90.8,79.31
SpokaneSwingBridge,90.8,79.31
SpokaneSwingBridge,90.7,79.33
SpokaneSwingBridge,90.6,79.31
SpokaneSwingBridge,90.6,79.27
SpokaneSwingBridge,90.5,79.24
RooseveltWay_NE80thSt,84,84
RooseveltWay_NE80thSt,83.9,83.9
RooseveltWay_NE80thSt,83.9,83.9
RooseveltWay_NE80thSt,83.9,83.9
RooseveltWay_NE80thSt,83.8,83.8
RooseveltWay_NE80thSt,83.8,83.8
RooseveltWay_NE80thSt,83.8,83.8
RooseveltWay_NE80thSt,83.7,83.7
RooseveltWay_NE80thSt,83.7,83.7
RooseveltWay_NE80thSt,83.6,83.6
RooseveltWay_NE80thSt,83.6,83.6
RooseveltWay_NE80thSt,83.6,83.6
RooseveltWay_NE80thSt,83.5,83.5
RooseveltWay_NE80thSt,83.5,83.5
RooseveltWay_NE80thSt,83.4,83.4
HarborAveUpperNorthBridge,91.4,79.55
HarborAveUpperNorthBridge,91.3,79.48
HarborAveUpperNorthBridge,91.2,79.4
HarborAveUpperNorthBridge,91.2,79.38
HarborAveUpperNorthBridge,91.1,79.35
HarborAveUpperNorthBridge,91.1,79.31
HarborAveUpperNorthBridge,91,79.31
HarborAveUpperNorthBridge,90.9,79.3
HarborAveUpperNorthBridge,90.9,79.31
HarborAveUpperNorthBridge,90.8,79.31
HarborAveUpperNorthBridge,90.8,79.31
HarborAveUpperNorthBridge,90.7,79.33
HarborAveUpperNorthBridge,90.6,79.31
HarborAveUpperNorthBridge,90.6,79.27
HarborAveUpperNorthBridge,90.5,79.24
JoseRizalBridgeNorth,-179.3,84.7
MagnoliaBridge,88.2,80.1
MagnoliaBridge,88.1,80.1
MagnoliaBridge,88,80
MagnoliaBridge,88,79.94
MagnoliaBridge,87.9,79.9
MagnoliaBridge,87.8,79.85
MagnoliaBridge,87.8,79.78
MagnoliaBridge,87.7,79.74
MagnoliaBridge,87.6,79.68
MagnoliaBridge,102.5,83.8
MagnoliaBridge,102.5,83.5
MagnoliaBridge,102.6,83.5
MagnoliaBridge,102.6,83.4
MagnoliaBridge,102.5,83.3
MagnoliaBridge,102.5,83.4
MagnoliaBridge,102.5,83.3
MagnoliaBridge,102.5,83.5
MagnoliaBridge,102.5,83.7
MagnoliaBridge,102.6,83.9
MagnoliaBridge,102.6,83.7
MagnoliaBridge,102.6,83.5
MagnoliaBridge,102.6,83.2
MagnoliaBridge,102.6,83.2
MagnoliaBridge,102.6,83.1
AlbroPlaceAirportWay,86.4,82.3
AlbroPlaceAirportWay,86.4,82.2
AlbroPlaceAirportWay,86.4,82
AlbroPlaceAirportWay,86.5,81.9
AlbroPlaceAirportWay,86.5,81.8
AlbroPlaceAirportWay,86.5,81.7
AlbroPlaceAirportWay,86.6,81.5
AlbroPlaceAirportWay,86.6,81.6
AlbroPlaceAirportWay,86.6,81.7
AlbroPlaceAirportWay,86.6,81.6
AlbroPlaceAirportWay,86.7,81.8
AlbroPlaceAirportWay,86.7,81.9
AlbroPlaceAirportWay,86.7,81.9
AlbroPlaceAirportWay,86.8,81.8
AlbroPlaceAirportWay,86.8,82
RooseveltWay_NE80thSt,90.6,90.6
RooseveltWay_NE80thSt,90.6,90.6
RooseveltWay_NE80thSt,90.6,90.6
RooseveltWay_NE80thSt,90.5,90.5
RooseveltWay_NE80thSt,90.5,90.5
RooseveltWay_NE80thSt,90.4,90.4
RooseveltWay_NE80thSt,90.4,90.4
RooseveltWay_NE80thSt,90.4,90.4
RooseveltWay_NE80thSt,90.3,90.3
RooseveltWay_NE80thSt,90.3,90.3
RooseveltWay_NE80thSt,90.2,90.2
RooseveltWay_NE80thSt,90.2,90.2
RooseveltWay_NE80thSt,90.2,90.2
RooseveltWay_NE80thSt,90.2,90.2
RooseveltWay_NE80thSt,90.1,90.1
HarborAveUpperNorthBridge,102.7,82.2
HarborAveUpperNorthBridge,102.7,82.4
HarborAveUpperNorthBridge,102.7,82.7
HarborAveUpperNorthBridge,102.7,82.7
HarborAveUpperNorthBridge,102.7,82.7
HarborAveUpperNorthBridge,102.7,82.8
HarborAveUpperNorthBridge,102.7,82.8
HarborAveUpperNorthBridge,102.7,82.7
HarborAveUpperNorthBridge,102.7,82.5
HarborAveUpperNorthBridge,102.7,82.5
HarborAveUpperNorthBridge,102.7,82.4
HarborAveUpperNorthBridge,102.7,82.6
HarborAveUpperNorthBridge,102.7,82.7
HarborAveUpperNorthBridge,102.7,82.8
HarborAveUpperNorthBridge,102.7,82.8
MagnoliaBridge,102.4,84.7
MagnoliaBridge,102.4,84.8
MagnoliaBridge,102.4,84.8
MagnoliaBridge,102.4,85
MagnoliaBridge,102.4,85.2
MagnoliaBridge,102.3,85.2
MagnoliaBridge,102.3,85.2
MagnoliaBridge,102.3,85.2
MagnoliaBridge,102.3,85.3
MagnoliaBridge,102.2,85.5
MagnoliaBridge,102.2,85.6
MagnoliaBridge,102.2,85.7
MagnoliaBridge,102.2,85.7
MagnoliaBridge,102.1,85.9
MagnoliaBridge,102.1,85.9
AlbroPlaceAirportWay,86.7,81.8
AlbroPlaceAirportWay,86.7,81.9
AlbroPlaceAirportWay,86.7,81.9
AlbroPlaceAirportWay,86.8,81.8
AlbroPlaceAirportWay,86.8,82
AlbroPlaceAirportWay,86.8,81.9
AlbroPlaceAirportWay,86.8,81.5
AlbroPlaceAirportWay,86.9,81.3
AlbroPlaceAirportWay,86.9,80.9
AlbroPlaceAirportWay,86.9,81.1
AlbroPlaceAirportWay,87,81.2
AlbroPlaceAirportWay,87,81.6
AlbroPlaceAirportWay,87,81.9
AlbroPlaceAirportWay,87,82
AlbroPlaceAirportWay,87.1,82.1
RooseveltWay_NE80thSt,93.2,93.2
RooseveltWay_NE80thSt,93.1,93.1
RooseveltWay_NE80thSt,93.1,93.1
RooseveltWay_NE80thSt,93,93
RooseveltWay_NE80thSt,92.9,92.9
RooseveltWay_NE80thSt,92.8,92.8
RooseveltWay_NE80thSt,92.8,92.8
RooseveltWay_NE80thSt,92.7,92.7
RooseveltWay_NE80thSt,92.7,92.7
RooseveltWay_NE80thSt,92.6,92.6
RooseveltWay_NE80thSt,92.6,92.6
RooseveltWay_NE80thSt,92.5,92.5
RooseveltWay_NE80thSt,92.4,92.4
RooseveltWay_NE80thSt,92.4,92.4
RooseveltWay_NE80thSt,92.3,92.3
HarborAveUpperNorthBridge,101.7,81
HarborAveUpperNorthBridge,101.8,81
HarborAveUpperNorthBridge,101.8,81.1
HarborAveUpperNorthBridge,101.8,81
HarborAveUpperNorthBridge,101.9,80.9
HarborAveUpperNorthBridge,101.9,81.3
HarborAveUpperNorthBridge,101.9,81.4
HarborAveUpperNorthBridge,102,81.3
HarborAveUpperNorthBridge,102,81.5
HarborAveUpperNorthBridge,102,81.7
HarborAveUpperNorthBridge,102.1,81.8
HarborAveUpperNorthBridge,102.1,81.8
HarborAveUpperNorthBridge,102.1,81.9
HarborAveUpperNorthBridge,102.1,81.8
HarborAveUpperNorthBridge,102.1,81.6
MagnoliaBridge,102.6,84.1
MagnoliaBridge,102.6,84.2
MagnoliaBridge,102.6,84.2
MagnoliaBridge,102.6,84.2
MagnoliaBridge,102.7,84.2
MagnoliaBridge,102.7,84.2
MagnoliaBridge,102.7,84.4
MagnoliaBridge,102.7,84.2
MagnoliaBridge,102.7,84.2
MagnoliaBridge,102.7,84.4
MagnoliaBridge,102.7,84.6
MagnoliaBridge,102.7,84.7
MagnoliaBridge,102.7,84.8
MagnoliaBridge,102.7,84.7
MagnoliaBridge,102.8,84.7
SpokaneSwingBridge,102.5,82.1
SpokaneSwingBridge,102.5,82.3
SpokaneSwingBridge,102.6,82.6
SpokaneSwingBridge,102.6,82.7
SpokaneSwingBridge,102.6,82.7
SpokaneSwingBridge,102.6,82.8
SpokaneSwingBridge,102.6,82.7
SpokaneSwingBridge,102.7,82.7
SpokaneSwingBridge,102.7,82.8
SpokaneSwingBridge,102.7,82.8
SpokaneSwingBridge,102.7,82.7
SpokaneSwingBridge,102.7,82.6
SpokaneSwingBridge,102.7,82.5
SpokaneSwingBridge,102.7,82.4
SpokaneSwingBridge,102.7,82.2
AlbroPlaceAirportWay,87.2,81.8
AlbroPlaceAirportWay,87.3,81.9
AlbroPlaceAirportWay,87.3,81.8
AlbroPlaceAirportWay,87.3,81.9
AlbroPlaceAirportWay,87.3,82
AlbroPlaceAirportWay,87.4,82
AlbroPlaceAirportWay,87.4,81.9
AlbroPlaceAirportWay,87.4,81.9
AlbroPlaceAirportWay,87.5,81.6
AlbroPlaceAirportWay,87.5,81.8
AlbroPlaceAirportWay,87.5,81.7
AlbroPlaceAirportWay,87.5,81.7
AlbroPlaceAirportWay,87.6,81.9
AlbroPlaceAirportWay,87.6,82.2
AlbroPlaceAirportWay,87.6,82.9
SpokaneSwingBridge,94.9,81.4
SpokaneSwingBridge,94.8,81.4
SpokaneSwingBridge,94.8,81.4
SpokaneSwingBridge,94.7,81.4
SpokaneSwingBridge,94.7,81.3
SpokaneSwingBridge,94.6,81.3
SpokaneSwingBridge,94.6,81.2
SpokaneSwingBridge,94.5,81.2
SpokaneSwingBridge,94.5,81.1
SpokaneSwingBridge,94.4,81.1
SpokaneSwingBridge,94.4,81.1
SpokaneSwingBridge,94.3,81
SpokaneSwingBridge,94.2,81
SpokaneSwingBridge,94.2,81
SpokaneSwingBridge,94.1,81
HarborAveUpperNorthBridge,94.9,81.4
HarborAveUpperNorthBridge,94.8,81.4
HarborAveUpperNorthBridge,94.8,81.4
HarborAveUpperNorthBridge,94.7,81.4
HarborAveUpperNorthBridge,94.7,81.3
HarborAveUpperNorthBridge,94.6,81.3
HarborAveUpperNorthBridge,94.6,81.2
HarborAveUpperNorthBridge,94.5,81.2
HarborAveUpperNorthBridge,94.5,81.1
HarborAveUpperNorthBridge,94.4,81.1
HarborAveUpperNorthBridge,94.4,81.1
HarborAveUpperNorthBridge,94.3,81
HarborAveUpperNorthBridge,94.2,81
HarborAveUpperNorthBridge,94.2,81
HarborAveUpperNorthBridge,94.1,81
MagnoliaBridge,93,82.7
MagnoliaBridge,92.9,82.7
MagnoliaBridge,92.8,82.6
MagnoliaBridge,92.7,82.6
MagnoliaBridge,92.6,82.5
MagnoliaBridge,92.5,82.5
MagnoliaBridge,92.4,82.4
MagnoliaBridge,92.3,82.4
MagnoliaBridge,92.2,82.3
MagnoliaBridge,92.1,82.3
MagnoliaBridge,92.1,82.3
MagnoliaBridge,92,82.2
MagnoliaBridge,91.9,82.2
MagnoliaBridge,91.8,82.1
MagnoliaBridge,91.7,82.1
AlbroPlaceAirportWay,82.3,75.85
AlbroPlaceAirportWay,82.3,76.04
AlbroPlaceAirportWay,82.3,76.24
AlbroPlaceAirportWay,82.3,76.46
AlbroPlaceAirportWay,82.3,76.68
AlbroPlaceAirportWay,82.4,76.79
AlbroPlaceAirportWay,82.4,76.95
AlbroPlaceAirportWay,82.4,76.97
AlbroPlaceAirportWay,82.4,77.05
AlbroPlaceAirportWay,82.4,77.28
AlbroPlaceAirportWay,82.4,77.5
AlbroPlaceAirportWay,82.4,77.61
AlbroPlaceAirportWay,82.4,77.66
AlbroPlaceAirportWay,82.4,77.72
AlbroPlaceAirportWay,82.4,77.9
SpokaneSwingBridge,102.1,81.8
SpokaneSwingBridge,102.1,81.8
SpokaneSwingBridge,102.1,81.9
SpokaneSwingBridge,102.1,81.8
SpokaneSwingBridge,102.1,81.6
SpokaneSwingBridge,102.1,81.8
SpokaneSwingBridge,102.2,81.9
SpokaneSwingBridge,102.2,81.7
SpokaneSwingBridge,102.2,81.8
SpokaneSwingBridge,102.3,81.9
SpokaneSwingBridge,102.3,81.8
SpokaneSwingBridge,102.3,81.7
SpokaneSwingBridge,102.3,81.6
SpokaneSwingBridge,102.3,81.7
SpokaneSwingBridge,102.3,81.9
RooseveltWay_NE80thSt,92.6,92.6
RooseveltWay_NE80thSt,92.5,92.5
RooseveltWay_NE80thSt,92.4,92.4
RooseveltWay_NE80thSt,92.4,92.4
RooseveltWay_NE80thSt,92.3,92.3
RooseveltWay_NE80thSt,92.3,92.3
RooseveltWay_NE80thSt,92.3,92.3
RooseveltWay_NE80thSt,92.2,92.2
RooseveltWay_NE80thSt,92.2,92.2
RooseveltWay_NE80thSt,92.1,92.1
RooseveltWay_NE80thSt,92.1,92.1
RooseveltWay_NE80thSt,92,92
RooseveltWay_NE80thSt,91.9,91.9
RooseveltWay_NE80thSt,91.9,91.9
RooseveltWay_NE80thSt,91.8,91.8
MagnoliaBridge,102.7,84.6
MagnoliaBridge,102.7,84.7
MagnoliaBridge,102.7,84.8
MagnoliaBridge,102.7,84.7
MagnoliaBridge,102.8,84.7
MagnoliaBridge,102.8,84.8
MagnoliaBridge,102.8,85
MagnoliaBridge,102.8,85.1
MagnoliaBridge,102.8,85.4
MagnoliaBridge,102.8,85.6
MagnoliaBridge,102.8,85.7
MagnoliaBridge,102.8,85.8
MagnoliaBridge,102.8,85.5
MagnoliaBridge,102.8,85.2
MagnoliaBridge,102.8,84.9
AlbroPlaceAirportWay,87.5,81.7
AlbroPlaceAirportWay,87.5,81.7
AlbroPlaceAirportWay,87.6,81.9
AlbroPlaceAirportWay,87.6,82.2
AlbroPlaceAirportWay,87.6,82.9
AlbroPlaceAirportWay,87.7,83.5
AlbroPlaceAirportWay,87.7,83.7
AlbroPlaceAirportWay,87.7,83.6
AlbroPlaceAirportWay,87.7,83.6
AlbroPlaceAirportWay,87.8,83.2
AlbroPlaceAirportWay,87.8,82.7
AlbroPlaceAirportWay,87.8,82.5
AlbroPlaceAirportWay,87.8,82.7
AlbroPlaceAirportWay,87.9,82.8
AlbroPlaceAirportWay,87.9,83
AlbroPlaceAirportWay,87.8,82.7
AlbroPlaceAirportWay,87.8,82.5
AlbroPlaceAirportWay,87.8,82.7
AlbroPlaceAirportWay,87.9,82.8
AlbroPlaceAirportWay,87.9,83
AlbroPlaceAirportWay,87.9,83.2
AlbroPlaceAirportWay,88,83.2
AlbroPlaceAirportWay,88,83.1
AlbroPlaceAirportWay,88,83.1
AlbroPlaceAirportWay,88,83.3
AlbroPlaceAirportWay,88.1,83.4
AlbroPlaceAirportWay,88.1,83.7
AlbroPlaceAirportWay,88.1,84
AlbroPlaceAirportWay,88.2,84.1
AlbroPlaceAirportWay,88.2,84
SpokaneSwingBridge,102.7,82.7
SpokaneSwingBridge,102.7,82.6
SpokaneSwingBridge,102.7,82.5
SpokaneSwingBridge,102.7,82.4
SpokaneSwingBridge,102.7,82.2
SpokaneSwingBridge,102.7,82.1
SpokaneSwingBridge,102.7,81.8
SpokaneSwingBridge,102.7,81.8
SpokaneSwingBridge,102.7,81.8
SpokaneSwingBridge,102.7,81.9
SpokaneSwingBridge,102.7,82.2
SpokaneSwingBridge,102.7,82.4
SpokaneSwingBridge,102.7,82.7
SpokaneSwingBridge,102.7,82.7
SpokaneSwingBridge,102.7,82.7
RooseveltWay_NE80thSt,91.1,91.1
RooseveltWay_NE80thSt,91,91
RooseveltWay_NE80thSt,91,91
RooseveltWay_NE80thSt,90.9,90.9
RooseveltWay_NE80thSt,90.9,90.9
RooseveltWay_NE80thSt,90.8,90.8
RooseveltWay_NE80thSt,90.8,90.8
RooseveltWay_NE80thSt,90.8,90.8
RooseveltWay_NE80thSt,90.7,90.7
RooseveltWay_NE80thSt,90.7,90.7
RooseveltWay_NE80thSt,90.6,90.6
RooseveltWay_NE80thSt,89.3,89.3
RooseveltWay_NE80thSt,89.3,89.3
RooseveltWay_NE80thSt,89.2,89.2
RooseveltWay_NE80thSt,89.2,89.2
RooseveltWay_NE80thSt,89.2,89.2
RooseveltWay_NE80thSt,89.2,89.2
RooseveltWay_NE80thSt,89.1,89.1
RooseveltWay_NE80thSt,89.1,89.1
RooseveltWay_NE80thSt,89.1,89.1
RooseveltWay_NE80thSt,89,89
RooseveltWay_NE80thSt,89,89
RooseveltWay_NE80thSt,88.9,88.9
RooseveltWay_NE80thSt,88.9,88.9
RooseveltWay_NE80thSt,88.9,88.9
RooseveltWay_NE80thSt,88.8,88.8
HarborAveUpperNorthBridge,102.3,82.8
HarborAveUpperNorthBridge,102.3,82.7
HarborAveUpperNorthBridge,102.2,82.8
HarborAveUpperNorthBridge,102.2,82.8
HarborAveUpperNorthBridge,102.2,82.7
HarborAveUpperNorthBridge,102.1,82.7
HarborAveUpperNorthBridge,102.1,82.7
HarborAveUpperNorthBridge,102.1,82.6
HarborAveUpperNorthBridge,102.1,82.6
HarborAveUpperNorthBridge,102,82.7
HarborAveUpperNorthBridge,102,82.6
HarborAveUpperNorthBridge,101.9,82.6
HarborAveUpperNorthBridge,101.9,82.6
HarborAveUpperNorthBridge,101.8,82.7
HarborAveUpperNorthBridge,101.8,82.8
MagnoliaBridge,101.1,84.7
MagnoliaBridge,101,84.8
MagnoliaBridge,101,84.7
MagnoliaBridge,100.9,84.8
MagnoliaBridge,100.9,84.7
MagnoliaBridge,100.9,84.7
MagnoliaBridge,100.8,84.8
MagnoliaBridge,100.8,85.1
MagnoliaBridge,100.7,85.1
MagnoliaBridge,100.7,84.9
MagnoliaBridge,100.6,84.8
MagnoliaBridge,100.6,84.7
MagnoliaBridge,100.5,84.7
MagnoliaBridge,100.5,84.7
MagnoliaBridge,100.4,84.8
MagnoliaBridge,92.1,82.3
MagnoliaBridge,92,82.2
MagnoliaBridge,91.9,82.2
MagnoliaBridge,91.8,82.1
MagnoliaBridge,91.7,82.1
MagnoliaBridge,91.6,82.1
MagnoliaBridge,91.6,82
MagnoliaBridge,91.5,82
MagnoliaBridge,91.4,81.9
MagnoliaBridge,91.3,81.9
MagnoliaBridge,91.2,81.8
MagnoliaBridge,91.2,81.8
MagnoliaBridge,91.1,81.7
MagnoliaBridge,91,81.7
MagnoliaBridge,90.9,81.7
MagnoliaBridge,70.27,61.03
MagnoliaBridge,70.27,61.03
MagnoliaBridge,70.27,61.02
MagnoliaBridge,70.26,61.01
MagnoliaBridge,70.23,61.11
MagnoliaBridge,70.22,61.14
MagnoliaBridge,70.22,61.25
MagnoliaBridge,70.22,61.39
MagnoliaBridge,70.22,61.42
MagnoliaBridge,70.22,61.47
MagnoliaBridge,70.22,61.52
AlbroPlaceAirportWay,82.4,66.96
AlbroPlaceAirportWay,82.3,67.01
AlbroPlaceAirportWay,82.3,67.1
AlbroPlaceAirportWay,82.3,67.13
AlbroPlaceAirportWay,82.3,67.12
AlbroPlaceAirportWay,82.3,67.03
AlbroPlaceAirportWay,82.2,66.98
AlbroPlaceAirportWay,82.2,66.96
AlbroPlaceAirportWay,82.2,67.07
AlbroPlaceAirportWay,82.2,67
AlbroPlaceAirportWay,82.2,66.99
AlbroPlaceAirportWay,82.2,66.98
AlbroPlaceAirportWay,82.2,67
AlbroPlaceAirportWay,82.2,66.96
AlbroPlaceAirportWay,82.2,66.93
SpokaneSwingBridge,70.48,64.04
SpokaneSwingBridge,70.48,64.04
SpokaneSwingBridge,70.48,64.1
SpokaneSwingBridge,70.48,64.12
SpokaneSwingBridge,70.48,64.12
SpokaneSwingBridge,70.49,64.12
SpokaneSwingBridge,70.5,64.15
SpokaneSwingBridge,70.51,64.21
SpokaneSwingBridge,70.52,64.23
SpokaneSwingBridge,70.53,64.27
SpokaneSwingBridge,70.53,64.29
SpokaneSwingBridge,70.53,64.31
SpokaneSwingBridge,70.54,64.36
SpokaneSwingBridge,70.56,64.39
SpokaneSwingBridge,70.57,64.38
RooseveltWay_NE80thSt,72.01,72.01
AlbroPlaceAirportWay,86.1,82.4
AlbroPlaceAirportWay,86.1,82.2
AlbroPlaceAirportWay,86.2,82.3
AlbroPlaceAirportWay,86.2,82
AlbroPlaceAirportWay,86.2,81.9
AlbroPlaceAirportWay,86.3,81.8
AlbroPlaceAirportWay,86.3,81.7
AlbroPlaceAirportWay,86.3,81.9
AlbroPlaceAirportWay,86.3,81.9
AlbroPlaceAirportWay,86.4,81.9
AlbroPlaceAirportWay,86.4,82.3
AlbroPlaceAirportWay,86.4,82.2
AlbroPlaceAirportWay,86.4,82
AlbroPlaceAirportWay,86.5,81.9
AlbroPlaceAirportWay,86.5,81.8
SpokaneSwingBridge,101.3,79.5
SpokaneSwingBridge,101.3,79.52
SpokaneSwingBridge,101.3,79.56
SpokaneSwingBridge,101.4,79.82
SpokaneSwingBridge,101.4,80
SpokaneSwingBridge,101.4,80.2
SpokaneSwingBridge,101.4,80.2
SpokaneSwingBridge,101.5,80.3
SpokaneSwingBridge,101.5,80.5
SpokaneSwingBridge,101.5,80.5
SpokaneSwingBridge,101.5,80.6
SpokaneSwingBridge,101.6,80.9
SpokaneSwingBridge,101.6,81.1
SpokaneSwingBridge,101.6,81
SpokaneSwingBridge,101.6,80.8
RooseveltWay_NE80thSt,94.8,94.8
RooseveltWay_NE80thSt,94.7,94.7
RooseveltWay_NE80thSt,94.6,94.6
RooseveltWay_NE80thSt,94.5,94.5
RooseveltWay_NE80thSt,94.4,94.4
RooseveltWay_NE80thSt,94.4,94.4
RooseveltWay_NE80thSt,94.3,94.3
RooseveltWay_NE80thSt,94.2,94.2
RooseveltWay_NE80thSt,94.1,94.1
RooseveltWay_NE80thSt,94.1,94.1
RooseveltWay_NE80thSt,94,94
RooseveltWay_NE80thSt,93.9,93.9
RooseveltWay_NE80thSt,93.8,93.8
RooseveltWay_NE80thSt,93.7,93.7
RooseveltWay_NE80thSt,93.7,93.7
HarborAveUpperNorthBridge,101.3,79.5
HarborAveUpperNorthBridge,101.3,79.52
HarborAveUpperNorthBridge,101.3,79.56
HarborAveUpperNorthBridge,101.4,79.82
HarborAveUpperNorthBridge,101.4,80
HarborAveUpperNorthBridge,101.4,80.2
HarborAveUpperNorthBridge,101.4,80.2
HarborAveUpperNorthBridge,101.5,80.3
HarborAveUpperNorthBridge,101.5,80.5
HarborAveUpperNorthBridge,101.5,80.5
HarborAveUpperNorthBridge,101.5,80.6
HarborAveUpperNorthBridge,101.6,80.9
HarborAveUpperNorthBridge,101.6,81.1
HarborAveUpperNorthBridge,101.6,81
HarborAveUpperNorthBridge,101.6,80.8
MagnoliaBridge,84.7,67.22
MagnoliaBridge,84.7,67.25
MagnoliaBridge,84.6,67.26
MagnoliaBridge,84.5,67.35
MagnoliaBridge,84.4,67.36
HarborAveUpperNorthBridge,87.3,76.62
HarborAveUpperNorthBridge,87.5,76.76
AlbroPlaceAirportWay,91.8,85
AlbroPlaceAirportWay,91.8,84.9
AlbroPlaceAirportWay,91.9,84.9
AlbroPlaceAirportWay,91.9,84.8
AlbroPlaceAirportWay,91.9,84.8
AlbroPlaceAirportWay,91.9,84.7
AlbroPlaceAirportWay,91.9,84.6
AlbroPlaceAirportWay,91.9,84.5
AlbroPlaceAirportWay,91.9,84.5
AlbroPlaceAirportWay,91.9,84.4
AlbroPlaceAirportWay,91.9,84.3
AlbroPlaceAirportWay,91.9,84.3
AlbroPlaceAirportWay,91.9,84.3
AlbroPlaceAirportWay,91.9,84.3
AlbroPlaceAirportWay,91.9,84.1
AlbroPlaceAirportWay,92,82
AlbroPlaceAirportWay,92,82
AlbroPlaceAirportWay,92,81.9
AlbroPlaceAirportWay,92,81.9
AlbroPlaceAirportWay,92,81.8
AlbroPlaceAirportWay,92,81.6
AlbroPlaceAirportWay,92,81.5
AlbroPlaceAirportWay,92,81.4
AlbroPlaceAirportWay,92,81.3
AlbroPlaceAirportWay,92,81.1
AlbroPlaceAirportWay,92,81.1
AlbroPlaceAirportWay,92,81
AlbroPlaceAirportWay,91.9,80.9
AlbroPlaceAirportWay,91.9,80.8
AlbroPlaceAirportWay,91.9,80.8
AlbroPlaceAirportWay,90.8,73.61
AlbroPlaceAirportWay,90.8,73.59
AlbroPlaceAirportWay,90.8,73.55
AlbroPlaceAirportWay,90.8,73.52
AlbroPlaceAirportWay,90.7,73.49
AlbroPlaceAirportWay,90.7,73.44
AlbroPlaceAirportWay,90.7,73.39
AlbroPlaceAirportWay,90.7,73.34
AlbroPlaceAirportWay,90.7,73.28
AlbroPlaceAirportWay,90.7,73.29
AlbroPlaceAirportWay,90.7,73.29
AlbroPlaceAirportWay,90.7,73.31
AlbroPlaceAirportWay,90.7,73.35
AlbroPlaceAirportWay,90.6,73.35
AlbroPlaceAirportWay,90.6,73.33
MagnoliaBridge,80.6,71.24
MagnoliaBridge,80.6,71.24
MagnoliaBridge,80.5,71.24
MagnoliaBridge,80.5,71.24
MagnoliaBridge,80.5,71.24
MagnoliaBridge,80.4,71.24
MagnoliaBridge,80.4,71.24
MagnoliaBridge,80.4,71.27
MagnoliaBridge,80.4,71.33
MagnoliaBridge,80.3,71.35
MagnoliaBridge,80.3,71.39
MagnoliaBridge,80.3,71.44
MagnoliaBridge,80.2,71.43
MagnoliaBridge,80.2,71.39
MagnoliaBridge,80.2,71.37
MagnoliaBridge,73.76,64.92
MagnoliaBridge,73.76,64.9
MagnoliaBridge,73.76,64.83
MagnoliaBridge,73.74,64.82
MagnoliaBridge,73.72,64.83
HarborAveUpperNorthBridge,74.83,65.28
HarborAveUpperNorthBridge,74.79,65.28
HarborAveUpperNorthBridge,74.79,65.25
HarborAveUpperNorthBridge,74.75,65.29
HarborAveUpperNorthBridge,74.74,65.32
HarborAveUpperNorthBridge,74.7,65.37
HarborAveUpperNorthBridge,74.69,65.38
HarborAveUpperNorthBridge,74.65,65.44
HarborAveUpperNorthBridge,74.64,65.46
HarborAveUpperNorthBridge,74.62,65.49
HarborAveUpperNorthBridge,74.59,65.54
HarborAveUpperNorthBridge,74.58,65.55
HarborAveUpperNorthBridge,74.55,65.54
HarborAveUpperNorthBridge,74.53,65.52
HarborAveUpperNorthBridge,74.51,65.52
HarborAveUpperNorthBridge,76.1,70.6
HarborAveUpperNorthBridge,76.23,70.52
HarborAveUpperNorthBridge,76.35,70.47
HarborAveUpperNorthBridge,76.44,70.52
HarborAveUpperNorthBridge,76.5,70.56
MagnoliaBridge,75.55,63.22
MagnoliaBridge,75.68,63.3
MagnoliaBridge,75.81,63.35
MagnoliaBridge,75.92,63.3
MagnoliaBridge,76.01,63.36
MagnoliaBridge,76.08,63.4
MagnoliaBridge,76.14,63.5
MagnoliaBridge,76.21,63.53
MagnoliaBridge,76.28,63.54
MagnoliaBridge,76.31,63.53
MagnoliaBridge,76.36,63.52
MagnoliaBridge,76.4,63.51
MagnoliaBridge,76.42,63.46
MagnoliaBridge,76.46,63.3
MagnoliaBridge,76.46,63.17
MagnoliaBridge,83.6,68.06
RooseveltWay_NE80thSt,91.5,91.5
RooseveltWay_NE80thSt,91.5,91.5
RooseveltWay_NE80thSt,91.5,91.5
RooseveltWay_NE80thSt,91.4,91.4
RooseveltWay_NE80thSt,91.4,91.4
RooseveltWay_NE80thSt,91.3,91.3
RooseveltWay_NE80thSt,91.3,91.3
RooseveltWay_NE80thSt,91.2,91.2
RooseveltWay_NE80thSt,91.2,91.2
RooseveltWay_NE80thSt,91.1,91.1
RooseveltWay_NE80thSt,91.1,91.1
RooseveltWay_NE80thSt,91,91
RooseveltWay_NE80thSt,91,91
RooseveltWay_NE80thSt,90.9,90.9
RooseveltWay_NE80thSt,90.9,90.9
MagnoliaBridge,102.8,85
MagnoliaBridge,102.8,84.8
MagnoliaBridge,102.7,84.6
MagnoliaBridge,102.7,84.5
MagnoliaBridge,102.7,84.6
MagnoliaBridge,102.7,84.8
MagnoliaBridge,102.7,85
MagnoliaBridge,102.7,85.1
MagnoliaBridge,102.7,85
MagnoliaBridge,102.7,85
MagnoliaBridge,102.7,85.1
MagnoliaBridge,102.7,85
MagnoliaBridge,102.7,85.2
MagnoliaBridge,102.6,85.1
MagnoliaBridge,102.6,84.8
HarborAveUpperNorthBridge,102.6,82.6
HarborAveUpperNorthBridge,102.6,82.7
HarborAveUpperNorthBridge,102.6,82.7
HarborAveUpperNorthBridge,102.6,82.8
HarborAveUpperNorthBridge,102.6,82.7
HarborAveUpperNorthBridge,102.7,82.7
HarborAveUpperNorthBridge,102.7,82.8
HarborAveUpperNorthBridge,102.7,82.8
HarborAveUpperNorthBridge,102.7,82.7
HarborAveUpperNorthBridge,102.7,82.6
HarborAveUpperNorthBridge,102.7,82.5
HarborAveUpperNorthBridge,102.7,82.4
HarborAveUpperNorthBridge,102.7,82.2
HarborAveUpperNorthBridge,102.7,82.1
HarborAveUpperNorthBridge,102.7,81.8
SpokaneSwingBridge,101.6,83.1
SpokaneSwingBridge,101.6,83
SpokaneSwingBridge,101.6,83
SpokaneSwingBridge,101.5,83
SpokaneSwingBridge,101.5,82.9
SpokaneSwingBridge,101.5,82.6
SpokaneSwingBridge,101.4,82.6
SpokaneSwingBridge,101.4,82.7
SpokaneSwingBridge,101.4,82.6
SpokaneSwingBridge,101.4,82.5
SpokaneSwingBridge,101.3,82.5
SpokaneSwingBridge,101.3,82.6
SpokaneSwingBridge,101.3,82.5
SpokaneSwingBridge,101.2,82.4
SpokaneSwingBridge,101.2,82.3
RooseveltWay_NE80thSt,88.7,88.7
RooseveltWay_NE80thSt,88.7,88.7
RooseveltWay_NE80thSt,88.6,88.6
RooseveltWay_NE80thSt,88.6,88.6
RooseveltWay_NE80thSt,88.6,88.6
RooseveltWay_NE80thSt,88.5,88.5
RooseveltWay_NE80thSt,88.5,88.5
RooseveltWay_NE80thSt,88.5,88.5
RooseveltWay_NE80thSt,88.5,88.5
RooseveltWay_NE80thSt,88.4,88.4
RooseveltWay_NE80thSt,88.4,88.4
RooseveltWay_NE80thSt,88.4,88.4
RooseveltWay_NE80thSt,88.3,88.3
RooseveltWay_NE80thSt,88.3,88.3
RooseveltWay_NE80thSt,88.3,88.3
HarborAveUpperNorthBridge,101.6,83.1
HarborAveUpperNorthBridge,101.6,83
HarborAveUpperNorthBridge,101.6,83
HarborAveUpperNorthBridge,101.5,83
HarborAveUpperNorthBridge,101.5,82.9
HarborAveUpperNorthBridge,101.5,82.6
HarborAveUpperNorthBridge,101.4,82.6
HarborAveUpperNorthBridge,101.4,82.7
HarborAveUpperNorthBridge,101.4,82.6
HarborAveUpperNorthBridge,101.4,82.5
HarborAveUpperNorthBridge,101.3,82.5
HarborAveUpperNorthBridge,101.3,82.6
HarborAveUpperNorthBridge,101.3,82.5
HarborAveUpperNorthBridge,101.2,82.4
HarborAveUpperNorthBridge,101.2,82.3
MagnoliaBridge,100.1,84.9
MagnoliaBridge,100.1,84.8
MagnoliaBridge,100,84.7
MagnoliaBridge,100,84.5
MagnoliaBridge,99.9,84.4
MagnoliaBridge,99.9,84.4
MagnoliaBridge,99.8,84.6
MagnoliaBridge,99.8,84.6
MagnoliaBridge,99.7,84.7
AlbroPlaceAirportWay,88.6,84.5
AlbroPlaceAirportWay,88.6,84.6
AlbroPlaceAirportWay,88.7,84.9
AlbroPlaceAirportWay,88.7,84.8
AlbroPlaceAirportWay,88.7,84.4
AlbroPlaceAirportWay,88.7,84.4
AlbroPlaceAirportWay,88.8,84.6
AlbroPlaceAirportWay,88.8,84.8
AlbroPlaceAirportWay,88.8,84.7
AlbroPlaceAirportWay,88.8,84.2
AlbroPlaceAirportWay,88.9,84.7
AlbroPlaceAirportWay,88.9,85
AlbroPlaceAirportWay,88.9,85.1
AlbroPlaceAirportWay,88.9,85.2
AlbroPlaceAirportWay,89,85.2
SpokaneSwingBridge,102.8,83.1
SpokaneSwingBridge,102.8,83.3
SpokaneSwingBridge,102.8,83.3
SpokaneSwingBridge,102.8,83.1
SpokaneSwingBridge,102.8,83.1
SpokaneSwingBridge,102.7,83.1
SpokaneSwingBridge,102.7,83
SpokaneSwingBridge,102.7,83
SpokaneSwingBridge,102.6,82.9
SpokaneSwingBridge,102.6,82.6
SpokaneSwingBridge,102.6,82.7
SpokaneSwingBridge,102.5,82.8
SpokaneSwingBridge,102.5,82.9
SpokaneSwingBridge,102.5,83
SpokaneSwingBridge,102.5,83
RooseveltWay_NE80thSt,90,90
RooseveltWay_NE80thSt,89.9,89.9
RooseveltWay_NE80thSt,89.9,89.9
RooseveltWay_NE80thSt,89.9,89.9
RooseveltWay_NE80thSt,89.8,89.8
RooseveltWay_NE80thSt,89.8,89.8
RooseveltWay_NE80thSt,89.8,89.8
RooseveltWay_NE80thSt,89.8,89.8
RooseveltWay_NE80thSt,89.7,89.7
RooseveltWay_NE80thSt,89.7,89.7
RooseveltWay_NE80thSt,89.7,89.7
RooseveltWay_NE80thSt,89.6,89.6
RooseveltWay_NE80thSt,89.6,89.6
RooseveltWay_NE80thSt,89.6,89.6
RooseveltWay_NE80thSt,89.5,89.5
HarborAveUpperNorthBridge,102.8,83.1
HarborAveUpperNorthBridge,102.8,83.3
HarborAveUpperNorthBridge,102.8,83.3
HarborAveUpperNorthBridge,102.8,83.1
HarborAveUpperNorthBridge,102.8,83.1
HarborAveUpperNorthBridge,102.7,83.1
HarborAveUpperNorthBridge,102.7,83
HarborAveUpperNorthBridge,102.7,83
HarborAveUpperNorthBridge,102.6,82.9
HarborAveUpperNorthBridge,102.6,82.6
HarborAveUpperNorthBridge,102.6,82.7
HarborAveUpperNorthBridge,102.5,82.8
HarborAveUpperNorthBridge,102.5,82.9
HarborAveUpperNorthBridge,102.5,83
HarborAveUpperNorthBridge,102.5,83
MagnoliaBridge,101.8,84.9
MagnoliaBridge,101.8,84.8
MagnoliaBridge,101.8,84.7
MagnoliaBridge,101.7,84.7
MagnoliaBridge,101.7,84.6
MagnoliaBridge,101.6,84.7
MagnoliaBridge,101.6,84.7
MagnoliaBridge,101.5,85
MagnoliaBridge,101.5,85.2
MagnoliaBridge,101.5,85.4
MagnoliaBridge,101.5,85.4
MagnoliaBridge,101.5,85
MagnoliaBridge,101.4,84.8
MagnoliaBridge,101.4,84.6
MagnoliaBridge,101.3,84.4
MagnoliaBridge,87.6,79.63
RooseveltWay_NE80thSt,72.98,72.98
RooseveltWay_NE80thSt,73.04,73.04
RooseveltWay_NE80thSt,73.11,73.11
RooseveltWay_NE80thSt,73.15,73.15
RooseveltWay_NE80thSt,73.21,73.21
RooseveltWay_NE80thSt,73.27,73.27
RooseveltWay_NE80thSt,73.33,73.33
RooseveltWay_NE80thSt,73.37,73.37
RooseveltWay_NE80thSt,73.43,73.43
RooseveltWay_NE80thSt,73.48,73.48
RooseveltWay_NE80thSt,73.55,73.55
RooseveltWay_NE80thSt,73.6,73.6
RooseveltWay_NE80thSt,73.66,73.66
RooseveltWay_NE80thSt,73.73,73.73
RooseveltWay_NE80thSt,73.81,73.81
HarborAveUpperNorthBridge,71.2,67.33
HarborAveUpperNorthBridge,71.22,67.43
HarborAveUpperNorthBridge,71.26,67.47
HarborAveUpperNorthBridge,71.27,67.51
HarborAveUpperNorthBridge,71.28,67.6
HarborAveUpperNorthBridge,71.31,67.62
HarborAveUpperNorthBridge,71.32,67.6
HarborAveUpperNorthBridge,71.33,67.61
AlbroPlaceAirportWay,86.1,82.4
AlbroPlaceAirportWay,86.1,82.2
AlbroPlaceAirportWay,86.2,82.3
AlbroPlaceAirportWay,86.2,82
AlbroPlaceAirportWay,86.2,81.9
HarborAveUpperNorthBridge,100.9,79.85
HarborAveUpperNorthBridge,101,79.82
HarborAveUpperNorthBridge,101,79.88
HarborAveUpperNorthBridge,101,80.1
HarborAveUpperNorthBridge,101.1,80.1
HarborAveUpperNorthBridge,101.1,79.95
HarborAveUpperNorthBridge,101.2,79.91
HarborAveUpperNorthBridge,101.2,79.71
HarborAveUpperNorthBridge,101.2,79.75
HarborAveUpperNorthBridge,101.3,79.64
HarborAveUpperNorthBridge,101.3,79.5
HarborAveUpperNorthBridge,101.3,79.52
HarborAveUpperNorthBridge,101.3,79.56
HarborAveUpperNorthBridge,101.4,79.82
HarborAveUpperNorthBridge,101.4,80
MagnoliaBridge,102.3,84.6
MagnoliaBridge,102.3,84.7
MagnoliaBridge,102.4,84.8
MagnoliaBridge,102.4,84.8
MagnoliaBridge,102.4,84.4
MagnoliaBridge,102.5,84
MagnoliaBridge,102.5,83.6
MagnoliaBridge,102.5,83.7
MagnoliaBridge,102.5,83.8
MagnoliaBridge,102.5,83.8
MagnoliaBridge,102.5,83.8
MagnoliaBridge,102.5,83.5
MagnoliaBridge,102.6,83.5
MagnoliaBridge,102.6,83.4
MagnoliaBridge,102.5,83.3
AlbroPlaceAirportWay,87,81.2
AlbroPlaceAirportWay,87,81.6
AlbroPlaceAirportWay,87,81.9
AlbroPlaceAirportWay,87,82
AlbroPlaceAirportWay,87.1,82.1
AlbroPlaceAirportWay,87.1,82.3
AlbroPlaceAirportWay,87.1,82.5
AlbroPlaceAirportWay,87.2,82.7
AlbroPlaceAirportWay,87.2,82.5
AlbroPlaceAirportWay,87.2,81.9
AlbroPlaceAirportWay,87.2,81.8
AlbroPlaceAirportWay,87.3,81.9
AlbroPlaceAirportWay,87.3,81.8
AlbroPlaceAirportWay,87.3,81.9
AlbroPlaceAirportWay,87.3,82
AlbroPlaceAirportWay,89.1,85.8
AlbroPlaceAirportWay,89.1,85.9
AlbroPlaceAirportWay,89.2,85.9
AlbroPlaceAirportWay,89.2,85.9
AlbroPlaceAirportWay,89.2,85.9
AlbroPlaceAirportWay,89.2,86
AlbroPlaceAirportWay,89.3,85.9
AlbroPlaceAirportWay,89.3,85.8
AlbroPlaceAirportWay,89.3,85.8
AlbroPlaceAirportWay,89.3,85.7
AlbroPlaceAirportWay,89.4,85.5
AlbroPlaceAirportWay,89.4,85.3
AlbroPlaceAirportWay,89.4,85.2
AlbroPlaceAirportWay,89.5,85
AlbroPlaceAirportWay,89.5,85
SpokaneSwingBridge,102.3,82.8
SpokaneSwingBridge,102.3,82.7
SpokaneSwingBridge,102.2,82.8
SpokaneSwingBridge,102.2,82.8
SpokaneSwingBridge,102.2,82.7
SpokaneSwingBridge,102.1,82.7
SpokaneSwingBridge,102.1,82.7
SpokaneSwingBridge,102.1,82.6
SpokaneSwingBridge,102.1,82.6
SpokaneSwingBridge,102,82.7
SpokaneSwingBridge,102,82.6
SpokaneSwingBridge,101.9,82.6
SpokaneSwingBridge,101.9,82.6
SpokaneSwingBridge,101.8,82.7
SpokaneSwingBridge,101.8,82.8
AlbroPlaceAirportWay,88.6,71.66
AlbroPlaceAirportWay,88.6,71.6
AlbroPlaceAirportWay,88.6,71.56
AlbroPlaceAirportWay,88.6,71.53
SpokaneSwingBridge,74.43,65.54
RooseveltWay_NE80thSt,72.02,72.02
HarborAveUpperNorthBridge,77.82,70.18
SpokaneSwingBridge,102.7,82.2
SpokaneSwingBridge,102.7,82.4
SpokaneSwingBridge,102.7,82.7
SpokaneSwingBridge,102.7,82.7
SpokaneSwingBridge,102.7,82.7
SpokaneSwingBridge,102.7,82.8
SpokaneSwingBridge,102.7,82.8
SpokaneSwingBridge,102.7,82.7
SpokaneSwingBridge,102.7,82.5
SpokaneSwingBridge,102.7,82.5
SpokaneSwingBridge,102.7,82.4
SpokaneSwingBridge,102.7,82.6
SpokaneSwingBridge,102.7,82.7
SpokaneSwingBridge,102.7,82.8
SpokaneSwingBridge,102.7,82.8
AlbroPlaceAirportWay,88.1,83.4
AlbroPlaceAirportWay,88.1,83.7
AlbroPlaceAirportWay,88.1,84
AlbroPlaceAirportWay,88.2,84.1
AlbroPlaceAirportWay,88.2,84
AlbroPlaceAirportWay,88.2,84
AlbroPlaceAirportWay,88.2,84.2
AlbroPlaceAirportWay,88.3,83.8
AlbroPlaceAirportWay,88.3,83.6
AlbroPlaceAirportWay,88.3,83.6
AlbroPlaceAirportWay,88.3,83.8
AlbroPlaceAirportWay,88.4,83.9
AlbroPlaceAirportWay,88.4,84.2
AlbroPlaceAirportWay,88.4,84.4
AlbroPlaceAirportWay,88.4,84.1
MagnoliaBridge,87.5,79.63
MagnoliaBridge,87.4,79.59
MagnoliaBridge,87.4,79.54
MagnoliaBridge,87.3,79.47
MagnoliaBridge,87.2,79.42
AlbroPlaceAirportWay,91.6,77.32
AlbroPlaceAirportWay,91.6,77.29
AlbroPlaceAirportWay,91.6,77.23
AlbroPlaceAirportWay,91.6,77.2
AlbroPlaceAirportWay,91.6,77.18
AlbroPlaceAirportWay,91.5,77.13
AlbroPlaceAirportWay,91.5,77.09
AlbroPlaceAirportWay,91.5,77.05
AlbroPlaceAirportWay,91.5,77.03
AlbroPlaceAirportWay,91.5,76.98
AlbroPlaceAirportWay,91.5,76.93
AlbroPlaceAirportWay,91.5,76.88
AlbroPlaceAirportWay,91.5,76.82
AlbroPlaceAirportWay,91.5,76.76
AlbroPlaceAirportWay,91.5,76.69
RooseveltWay_NE80thSt,81.5,81.5
RooseveltWay_NE80thSt,81.5,81.5
RooseveltWay_NE80thSt,81.5,81.5
RooseveltWay_NE80thSt,81.4,81.4
RooseveltWay_NE80thSt,81.4,81.4
RooseveltWay_NE80thSt,81.4,81.4
RooseveltWay_NE80thSt,81.3,81.3
RooseveltWay_NE80thSt,81.3,81.3
RooseveltWay_NE80thSt,81.3,81.3
RooseveltWay_NE80thSt,81.3,81.3
RooseveltWay_NE80thSt,81.2,81.2
RooseveltWay_NE80thSt,81.2,81.2
RooseveltWay_NE80thSt,81.2,81.2
RooseveltWay_NE80thSt,81.2,81.2
RooseveltWay_NE80thSt,81.1,81.1
HarborAveUpperNorthBridge,87.1,75.13
HarborAveUpperNorthBridge,87,75.06
HarborAveUpperNorthBridge,87,75.04
HarborAveUpperNorthBridge,86.9,74.97
HarborAveUpperNorthBridge,86.9,74.95
HarborAveUpperNorthBridge,86.8,74.91
HarborAveUpperNorthBridge,86.8,74.87
HarborAveUpperNorthBridge,86.7,74.85
HarborAveUpperNorthBridge,86.6,74.82
HarborAveUpperNorthBridge,86.6,74.75
HarborAveUpperNorthBridge,86.5,74.72
HarborAveUpperNorthBridge,86.5,74.73
HarborAveUpperNorthBridge,86.4,74.81
HarborAveUpperNorthBridge,86.4,74.86
HarborAveUpperNorthBridge,86.3,74.88
MagnoliaBridge,83.4,72
MagnoliaBridge,83.4,72.04
MagnoliaBridge,83.3,72.13
MagnoliaBridge,83.3,72.21
MagnoliaBridge,83.2,72.32
MagnoliaBridge,83.2,72.35
MagnoliaBridge,83.1,72.38
MagnoliaBridge,83.1,72.44
MagnoliaBridge,83,72.54
MagnoliaBridge,83,72.68
MagnoliaBridge,82.9,72.81
MagnoliaBridge,82.9,72.96
MagnoliaBridge,82.8,73.12
MagnoliaBridge,82.8,73.27
MagnoliaBridge,82.8,73.35
HarborAveUpperNorthBridge,79.28,70.23
SpokaneSwingBridge,101.3,82.5
SpokaneSwingBridge,101.3,82.6
SpokaneSwingBridge,101.3,82.5
SpokaneSwingBridge,101.2,82.4
SpokaneSwingBridge,101.2,82.3
SpokaneSwingBridge,101.1,82.2
SpokaneSwingBridge,101.1,82.3
SpokaneSwingBridge,101.1,82.4
SpokaneSwingBridge,101,82.4
SpokaneSwingBridge,101,82.4
SpokaneSwingBridge,100.9,82.3
SpokaneSwingBridge,100.9,82.3
SpokaneSwingBridge,100.9,82.3
SpokaneSwingBridge,100.9,82.4
SpokaneSwingBridge,100.8,82.3
HarborAveUpperNorthBridge,101.3,82.5
HarborAveUpperNorthBridge,101.3,82.6
HarborAveUpperNorthBridge,101.3,82.5
HarborAveUpperNorthBridge,101.2,82.4
HarborAveUpperNorthBridge,101.2,82.3
HarborAveUpperNorthBridge,101.1,82.2
HarborAveUpperNorthBridge,101.1,82.3
HarborAveUpperNorthBridge,101.1,82.4
HarborAveUpperNorthBridge,101,82.4
HarborAveUpperNorthBridge,101,82.4
HarborAveUpperNorthBridge,100.9,82.3
HarborAveUpperNorthBridge,100.9,82.3
HarborAveUpperNorthBridge,100.9,82.3
HarborAveUpperNorthBridge,100.9,82.4
HarborAveUpperNorthBridge,100.8,82.3
MagnoliaBridge,99.6,85
MagnoliaBridge,99.6,84.9
MagnoliaBridge,99.5,85
MagnoliaBridge,99.5,84.8
MagnoliaBridge,99.4,84.5
MagnoliaBridge,99.3,84.4
MagnoliaBridge,99.3,84.3
MagnoliaBridge,99.2,84.1
MagnoliaBridge,99.1,84.2
MagnoliaBridge,99.1,84.2
MagnoliaBridge,99,84.1
MagnoliaBridge,98.9,84.1
MagnoliaBridge,98.9,84.1
MagnoliaBridge,98.8,84.1
MagnoliaBridge,98.8,84.1
AlbroPlaceAirportWay,92,82.2
AlbroPlaceAirportWay,92,82.3
AlbroPlaceAirportWay,92,82.2
AlbroPlaceAirportWay,92,82.2
AlbroPlaceAirportWay,92,82.1
AlbroPlaceAirportWay,92,82.1
AlbroPlaceAirportWay,92,82.1
AlbroPlaceAirportWay,92,82
AlbroPlaceAirportWay,92,82
AlbroPlaceAirportWay,92,82
AlbroPlaceAirportWay,92,82
AlbroPlaceAirportWay,92,82
AlbroPlaceAirportWay,92,81.9
AlbroPlaceAirportWay,92,81.9
AlbroPlaceAirportWay,92,81.8
AlbroPlaceAirportWay,88.6,71.55
SpokaneSwingBridge,74.39,65.6
SpokaneSwingBridge,74.38,65.63
SpokaneSwingBridge,74.36,65.65
SpokaneSwingBridge,74.33,65.71
SpokaneSwingBridge,74.33,65.72
SpokaneSwingBridge,74.3,65.73
RooseveltWay_NE80thSt,72.03,72.03
RooseveltWay_NE80thSt,72.05,72.05
RooseveltWay_NE80thSt,72.06,72.06
RooseveltWay_NE80thSt,72.06,72.06
RooseveltWay_NE80thSt,72.07,72.07
RooseveltWay_NE80thSt,72.11,72.11
RooseveltWay_NE80thSt,72.11,72.11
RooseveltWay_NE80thSt,72.12,72.12
RooseveltWay_NE80thSt,72.13,72.13
RooseveltWay_NE80thSt,72.16,72.16
RooseveltWay_NE80thSt,72.17,72.17
RooseveltWay_NE80thSt,72.18,72.18
RooseveltWay_NE80thSt,72.21,72.21
MagnoliaBridge,70.23,61.83
MagnoliaBridge,70.23,61.89
MagnoliaBridge,70.23,61.94
MagnoliaBridge,70.24,61.99
MagnoliaBridge,70.26,62.02
MagnoliaBridge,70.26,62
MagnoliaBridge,70.27,62.06
MagnoliaBridge,70.27,62.1
MagnoliaBridge,70.27,62.21
MagnoliaBridge,70.29,62.43
MagnoliaBridge,70.32,62.59
MagnoliaBridge,70.33,62.72
MagnoliaBridge,70.33,62.79
MagnoliaBridge,70.36,62.7
MagnoliaBridge,70.38,62.62
HarborAveUpperNorthBridge,70.48,64.04
HarborAveUpperNorthBridge,70.48,64.04
HarborAveUpperNorthBridge,70.48,64.1
HarborAveUpperNorthBridge,70.48,64.12
HarborAveUpperNorthBridge,70.48,64.12
HarborAveUpperNorthBridge,70.49,64.12
SpokaneSwingBridge,102.3,81.8
SpokaneSwingBridge,102.3,81.7
SpokaneSwingBridge,102.3,81.6
SpokaneSwingBridge,102.3,81.7
SpokaneSwingBridge,102.3,81.9
SpokaneSwingBridge,102.4,81.9
SpokaneSwingBridge,102.4,81.7
SpokaneSwingBridge,102.4,81.6
SpokaneSwingBridge,102.4,81.8
SpokaneSwingBridge,102.5,82
SpokaneSwingBridge,102.5,82.1
SpokaneSwingBridge,102.5,82.3
SpokaneSwingBridge,102.6,82.6
SpokaneSwingBridge,102.6,82.7
SpokaneSwingBridge,102.6,82.7
RooseveltWay_NE80thSt,92.1,92.1
RooseveltWay_NE80thSt,92,92
RooseveltWay_NE80thSt,91.9,91.9
RooseveltWay_NE80thSt,91.9,91.9
RooseveltWay_NE80thSt,91.8,91.8
RooseveltWay_NE80thSt,91.8,91.8
RooseveltWay_NE80thSt,91.7,91.7
RooseveltWay_NE80thSt,91.7,91.7
RooseveltWay_NE80thSt,91.6,91.6
RooseveltWay_NE80thSt,91.6,91.6
RooseveltWay_NE80thSt,91.5,91.5
RooseveltWay_NE80thSt,91.5,91.5
RooseveltWay_NE80thSt,91.5,91.5
RooseveltWay_NE80thSt,91.4,91.4
RooseveltWay_NE80thSt,91.4,91.4
HarborAveUpperNorthBridge,102.3,81.8
HarborAveUpperNorthBridge,102.3,81.7
HarborAveUpperNorthBridge,102.3,81.6
HarborAveUpperNorthBridge,102.3,81.7
HarborAveUpperNorthBridge,102.3,81.9
HarborAveUpperNorthBridge,102.4,81.9
HarborAveUpperNorthBridge,102.4,81.7
HarborAveUpperNorthBridge,102.4,81.6
HarborAveUpperNorthBridge,102.4,81.8
HarborAveUpperNorthBridge,102.5,82
HarborAveUpperNorthBridge,102.5,82.1
HarborAveUpperNorthBridge,102.5,82.3
HarborAveUpperNorthBridge,102.6,82.6
HarborAveUpperNorthBridge,102.6,82.7
HarborAveUpperNorthBridge,102.6,82.7
HarborAveUpperNorthBridge,99.6,82
HarborAveUpperNorthBridge,99.6,82
HarborAveUpperNorthBridge,93.8,80.9
HarborAveUpperNorthBridge,93.7,80.8
HarborAveUpperNorthBridge,93.7,80.8
HarborAveUpperNorthBridge,93.6,80.8
HarborAveUpperNorthBridge,93.6,80.7
HarborAveUpperNorthBridge,93.5,80.7
HarborAveUpperNorthBridge,93.4,80.7
HarborAveUpperNorthBridge,93.4,80.6
HarborAveUpperNorthBridge,93.3,80.6
HarborAveUpperNorthBridge,93.3,80.5
HarborAveUpperNorthBridge,93.2,80.5
HarborAveUpperNorthBridge,93.1,80.4
HarborAveUpperNorthBridge,93.1,80.5
HarborAveUpperNorthBridge,93,80.5
HarborAveUpperNorthBridge,93,80.5
AlbroPlaceAirportWay,91.9,84.3
AlbroPlaceAirportWay,91.9,84.3
AlbroPlaceAirportWay,91.9,84.3
AlbroPlaceAirportWay,91.9,84.3
AlbroPlaceAirportWay,91.9,84.1
AlbroPlaceAirportWay,91.9,84
AlbroPlaceAirportWay,91.9,84.1
AlbroPlaceAirportWay,91.9,84.1
AlbroPlaceAirportWay,91.9,84
AlbroPlaceAirportWay,92,83.9
AlbroPlaceAirportWay,92,83.8
AlbroPlaceAirportWay,92,83.7
AlbroPlaceAirportWay,92,83.6
AlbroPlaceAirportWay,92,83.5
AlbroPlaceAirportWay,92,83.6
RooseveltWay_NE80thSt,85.3,85.3
RooseveltWay_NE80thSt,85.2,85.2
RooseveltWay_NE80thSt,85.2,85.2
RooseveltWay_NE80thSt,85.2,85.2
RooseveltWay_NE80thSt,85.1,85.1
RooseveltWay_NE80thSt,85.1,85.1
RooseveltWay_NE80thSt,85.1,85.1
RooseveltWay_NE80thSt,85.1,85.1
RooseveltWay_NE80thSt,85,85
RooseveltWay_NE80thSt,85,85
RooseveltWay_NE80thSt,85,85
RooseveltWay_NE80thSt,84.9,84.9
RooseveltWay_NE80thSt,84.9,84.9
RooseveltWay_NE80thSt,84.9,84.9
RooseveltWay_NE80thSt,84.9,84.9
SpokaneSwingBridge,93.8,80.9
SpokaneSwingBridge,93.7,80.8
SpokaneSwingBridge,93.7,80.8
SpokaneSwingBridge,93.6,80.8
SpokaneSwingBridge,93.6,80.7
SpokaneSwingBridge,90.8,79.31
SpokaneSwingBridge,90.7,79.33
SpokaneSwingBridge,90.6,79.31
SpokaneSwingBridge,90.6,79.27
SpokaneSwingBridge,90.5,79.24
SpokaneSwingBridge,90.5,79.21
SpokaneSwingBridge,90.4,79.2
SpokaneSwingBridge,90.4,79.19
SpokaneSwingBridge,90.3,79.15
SpokaneSwingBridge,90.3,79.11
SpokaneSwingBridge,90.2,79.08
SpokaneSwingBridge,90.1,79.05
SpokaneSwingBridge,90.1,79
SpokaneSwingBridge,90,78.87
SpokaneSwingBridge,90,78.83
RooseveltWay_NE80thSt,83.6,83.6
RooseveltWay_NE80thSt,83.6,83.6
RooseveltWay_NE80thSt,83.5,83.5
RooseveltWay_NE80thSt,83.5,83.5
RooseveltWay_NE80thSt,83.4,83.4
RooseveltWay_NE80thSt,83.4,83.4
RooseveltWay_NE80thSt,83.4,83.4
RooseveltWay_NE80thSt,83.3,83.3
RooseveltWay_NE80thSt,83.3,83.3
RooseveltWay_NE80thSt,83.3,83.3
RooseveltWay_NE80thSt,83.2,83.2
RooseveltWay_NE80thSt,83.2,83.2
RooseveltWay_NE80thSt,83.2,83.2
RooseveltWay_NE80thSt,83.1,83.1
RooseveltWay_NE80thSt,83.1,83.1
HarborAveUpperNorthBridge,90.8,79.31
HarborAveUpperNorthBridge,90.7,79.33
HarborAveUpperNorthBridge,90.6,79.31
HarborAveUpperNorthBridge,90.6,79.27
HarborAveUpperNorthBridge,90.5,79.24
HarborAveUpperNorthBridge,90.5,79.21
HarborAveUpperNorthBridge,90.4,79.2
HarborAveUpperNorthBridge,90.4,79.19
HarborAveUpperNorthBridge,90.3,79.15
HarborAveUpperNorthBridge,90.3,79.11
HarborAveUpperNorthBridge,90.2,79.08
HarborAveUpperNorthBridge,90.1,79.05
HarborAveUpperNorthBridge,90.1,79
HarborAveUpperNorthBridge,90,78.87
HarborAveUpperNorthBridge,90,78.83
MagnoliaBridge,87.5,79.63
MagnoliaBridge,87.4,79.59
MagnoliaBridge,87.4,79.54
MagnoliaBridge,87.3,79.47
MagnoliaBridge,87.2,79.42
MagnoliaBridge,87.2,79.39
MagnoliaBridge,87.1,79.33
MagnoliaBridge,87,79.25
MagnoliaBridge,87,79.19
MagnoliaBridge,86.9,79.12
MagnoliaBridge,86.8,79.08
MagnoliaBridge,86.8,78.98
MagnoliaBridge,86.7,78.88
MagnoliaBridge,86.7,78.68
MagnoliaBridge,86.6,78.49
AlbroPlaceAirportWay,92,81.1
AlbroPlaceAirportWay,92,81
AlbroPlaceAirportWay,91.9,80.9
AlbroPlaceAirportWay,91.9,80.8
AlbroPlaceAirportWay,91.9,80.8
AlbroPlaceAirportWay,91.9,80.7
AlbroPlaceAirportWay,91.9,80.6
AlbroPlaceAirportWay,91.9,80.6
AlbroPlaceAirportWay,91.9,80.5
AlbroPlaceAirportWay,91.9,80.5
AlbroPlaceAirportWay,91.9,80.4
AlbroPlaceAirportWay,91.9,80.4
AlbroPlaceAirportWay,91.9,80.3
AlbroPlaceAirportWay,91.9,80.2
AlbroPlaceAirportWay,91.9,80.1
SpokaneSwingBridge,89.7,78.59
SpokaneSwingBridge,89.6,78.56
SpokaneSwingBridge,89.5,78.52
SpokaneSwingBridge,89.5,78.47
SpokaneSwingBridge,89.4,78.46
SpokaneSwingBridge,89.4,78.41
SpokaneSwingBridge,89.3,78.37
SpokaneSwingBridge,89.3,78.32
SpokaneSwingBridge,89.2,78.24
SpokaneSwingBridge,89.2,78.18
SpokaneSwingBridge,89.1,78.12
SpokaneSwingBridge,89.1,78.08
SpokaneSwingBridge,89,78.01
SpokaneSwingBridge,89,77.96
SpokaneSwingBridge,88.9,77.91
RooseveltWay_NE80thSt,82.9,82.9
RooseveltWay_NE80thSt,82.9,82.9
RooseveltWay_NE80thSt,82.9,82.9
RooseveltWay_NE80thSt,82.8,82.8
RooseveltWay_NE80thSt,82.8,82.8
RooseveltWay_NE80thSt,82.8,82.8
RooseveltWay_NE80thSt,82.7,82.7
RooseveltWay_NE80thSt,82.7,82.7
RooseveltWay_NE80thSt,82.7,82.7
RooseveltWay_NE80thSt,82.7,82.7
SpokaneSwingBridge,101.5,80.6
SpokaneSwingBridge,101.6,80.9
SpokaneSwingBridge,101.6,81.1
SpokaneSwingBridge,101.6,81
SpokaneSwingBridge,101.6,80.8
SpokaneSwingBridge,101.7,80.8
SpokaneSwingBridge,101.7,80.6
SpokaneSwingBridge,101.7,80.5
SpokaneSwingBridge,101.7,80.5
SpokaneSwingBridge,101.7,80.8
SpokaneSwingBridge,101.7,81
SpokaneSwingBridge,101.8,81
SpokaneSwingBridge,101.8,81.1
SpokaneSwingBridge,101.8,81
SpokaneSwingBridge,101.9,80.9
AlbroPlaceAirportWay,88.3,83.8
AlbroPlaceAirportWay,88.4,83.9
AlbroPlaceAirportWay,88.4,84.2
AlbroPlaceAirportWay,88.4,84.4
AlbroPlaceAirportWay,88.4,84.1
AlbroPlaceAirportWay,88.5,84
AlbroPlaceAirportWay,88.5,84.6
AlbroPlaceAirportWay,88.5,84.6
AlbroPlaceAirportWay,88.6,84.7
AlbroPlaceAirportWay,88.6,84.8
AlbroPlaceAirportWay,88.6,84.5
AlbroPlaceAirportWay,88.6,84.6
AlbroPlaceAirportWay,88.7,84.9
AlbroPlaceAirportWay,88.7,84.8
AlbroPlaceAirportWay,88.7,84.4
SpokaneSwingBridge,102.7,82.4
SpokaneSwingBridge,102.7,82.6
SpokaneSwingBridge,102.7,82.7
SpokaneSwingBridge,102.7,82.8
SpokaneSwingBridge,102.7,82.8
SpokaneSwingBridge,102.8,82.9
SpokaneSwingBridge,102.8,82.9
SpokaneSwingBridge,102.8,82.7
SpokaneSwingBridge,102.8,82.8
SpokaneSwingBridge,102.8,83
SpokaneSwingBridge,102.8,83.1
SpokaneSwingBridge,102.8,83.3
SpokaneSwingBridge,102.8,83.3
SpokaneSwingBridge,102.8,83.1
SpokaneSwingBridge,102.8,83.1
RooseveltWay_NE80thSt,90.2,90.2
RooseveltWay_NE80thSt,90.2,90.2
RooseveltWay_NE80thSt,90.2,90.2
RooseveltWay_NE80thSt,90.2,90.2
RooseveltWay_NE80thSt,90.1,90.1
RooseveltWay_NE80thSt,90.1,90.1
RooseveltWay_NE80thSt,90.1,90.1
RooseveltWay_NE80thSt,90,90
RooseveltWay_NE80thSt,90,90
RooseveltWay_NE80thSt,90,90
RooseveltWay_NE80thSt,90,90
RooseveltWay_NE80thSt,89.9,89.9
RooseveltWay_NE80thSt,89.9,89.9
RooseveltWay_NE80thSt,89.9,89.9
RooseveltWay_NE80thSt,89.8,89.8
MagnoliaBridge,102.2,85.6
MagnoliaBridge,102.2,85.7
MagnoliaBridge,102.2,85.7
MagnoliaBridge,102.1,85.9
MagnoliaBridge,102.1,85.9
MagnoliaBridge,102.1,85.8
MagnoliaBridge,102,85.5
MagnoliaBridge,102,85.1
MagnoliaBridge,101.9,85
MagnoliaBridge,101.9,85.1
MagnoliaBridge,101.8,84.9
MagnoliaBridge,101.8,84.8
MagnoliaBridge,101.8,84.7
MagnoliaBridge,101.7,84.7
MagnoliaBridge,101.7,84.6
HarborAveUpperNorthBridge,102.7,82.4
HarborAveUpperNorthBridge,102.7,82.6
HarborAveUpperNorthBridge,102.7,82.7
HarborAveUpperNorthBridge,102.7,82.8
HarborAveUpperNorthBridge,102.7,82.8
HarborAveUpperNorthBridge,102.8,82.9
HarborAveUpperNorthBridge,102.8,82.9
HarborAveUpperNorthBridge,102.8,82.7
HarborAveUpperNorthBridge,102.8,82.8
HarborAveUpperNorthBridge,102.8,83
HarborAveUpperNorthBridge,102.8,83.1
HarborAveUpperNorthBridge,102.8,83.3
HarborAveUpperNorthBridge,102.8,83.3
HarborAveUpperNorthBridge,102.8,83.1
HarborAveUpperNorthBridge,102.8,83.1
RooseveltWay_NE80thSt,82.6,82.6
AlbroPlaceAirportWay,85.1,65.52
HarborAveUpperNorthBridge,70.5,64.15
RooseveltWay_NE80thSt,85.1,85.1
RooseveltWay_NE80thSt,85.3,85.3
RooseveltWay_NE80thSt,85.6,85.6
RooseveltWay_NE80thSt,85.8,85.8
RooseveltWay_NE80thSt,86,86
RooseveltWay_NE80thSt,86.2,86.2
RooseveltWay_NE80thSt,86.4,86.4
RooseveltWay_NE80thSt,86.6,86.6
RooseveltWay_NE80thSt,86.8,86.8
RooseveltWay_NE80thSt,86.9,86.9
RooseveltWay_NE80thSt,87,87
RooseveltWay_NE80thSt,87.1,87.1
RooseveltWay_NE80thSt,87.1,87.1
RooseveltWay_NE80thSt,87.2,87.2
RooseveltWay_NE80thSt,87.3,87.3
HarborAveUpperNorthBridge,81.3,72.73
HarborAveUpperNorthBridge,81.3,72.7
HarborAveUpperNorthBridge,81.4,72.78
HarborAveUpperNorthBridge,81.5,72.67
HarborAveUpperNorthBridge,81.6,72.81
HarborAveUpperNorthBridge,81.7,73.07
HarborAveUpperNorthBridge,81.8,73.22
HarborAveUpperNorthBridge,81.9,73.29
HarborAveUpperNorthBridge,82,73.13
HarborAveUpperNorthBridge,82.1,72.95
HarborAveUpperNorthBridge,82.2,72.95
HarborAveUpperNorthBridge,82.3,73.06
HarborAveUpperNorthBridge,82.3,73.04
HarborAveUpperNorthBridge,82.4,73.02
HarborAveUpperNorthBridge,82.4,72.91
MagnoliaBridge,85,74.64
MagnoliaBridge,85.2,74.61
MagnoliaBridge,85.3,74.74
MagnoliaBridge,85.4,74.74
MagnoliaBridge,85.5,74.87
MagnoliaBridge,85.7,75
MagnoliaBridge,85.8,75.17
MagnoliaBridge,86,75.29
MagnoliaBridge,86.2,75.52
MagnoliaBridge,86.3,75.36
MagnoliaBridge,86.4,75.21
MagnoliaBridge,86.5,75.01
MagnoliaBridge,86.7,75.15
MagnoliaBridge,86.8,75.05
MagnoliaBridge,86.9,74.97
RooseveltWay_NE80thSt,93.8,93.8
RooseveltWay_NE80thSt,93.9,93.9
RooseveltWay_NE80thSt,94,94
RooseveltWay_NE80thSt,94.2,94.2
RooseveltWay_NE80thSt,94.3,94.3
RooseveltWay_NE80thSt,94.4,94.4
RooseveltWay_NE80thSt,94.5,94.5
RooseveltWay_NE80thSt,94.6,94.6
RooseveltWay_NE80thSt,94.7,94.7
RooseveltWay_NE80thSt,94.8,94.8
RooseveltWay_NE80thSt,95,95
RooseveltWay_NE80thSt,95.1,95.1
RooseveltWay_NE80thSt,95.2,95.2
RooseveltWay_NE80thSt,95.4,95.4
RooseveltWay_NE80thSt,95.5,95.5
MagnoliaBridge,91.3,76.37
MagnoliaBridge,91.4,76.48
MagnoliaBridge,91.5,76.57
MagnoliaBridge,91.6,76.76
MagnoliaBridge,91.7,76.83
MagnoliaBridge,91.8,76.93
MagnoliaBridge,91.9,77.05
MagnoliaBridge,92,76.98
MagnoliaBridge,92.1,76.91
MagnoliaBridge,92.2,77.06
MagnoliaBridge,92.2,77.02
MagnoliaBridge,92.2,77.08
MagnoliaBridge,92.2,76.96
MagnoliaBridge,92.2,76.9
MagnoliaBridge,92.3,76.9
HarborAveUpperNorthBridge,87,74.5
HarborAveUpperNorthBridge,87.1,74.45
HarborAveUpperNorthBridge,87.2,74.51
HarborAveUpperNorthBridge,87.3,74.68
HarborAveUpperNorthBridge,87.4,74.75
HarborAveUpperNorthBridge,87.5,74.6
HarborAveUpperNorthBridge,87.6,74.91
HarborAveUpperNorthBridge,87.7,75.21
HarborAveUpperNorthBridge,87.8,75.12
HarborAveUpperNorthBridge,87.9,75.2
HarborAveUpperNorthBridge,87.9,75.38
HarborAveUpperNorthBridge,88,75.37
HarborAveUpperNorthBridge,88.1,75.33
HarborAveUpperNorthBridge,88.2,75.16
HarborAveUpperNorthBridge,88.3,75.06
RooseveltWay_NE80thSt,90.6,90.6
SpokaneSwingBridge,91.7,75.87
SpokaneSwingBridge,91.8,75.88
SpokaneSwingBridge,91.9,75.86
SpokaneSwingBridge,92,75.99
SpokaneSwingBridge,92.1,76.21
SpokaneSwingBridge,92.2,76.16
SpokaneSwingBridge,92.2,76.29
SpokaneSwingBridge,92.3,76.3
SpokaneSwingBridge,92.4,76.29
SpokaneSwingBridge,92.5,76.2
SpokaneSwingBridge,92.6,76.14
SpokaneSwingBridge,92.7,76.34
SpokaneSwingBridge,92.7,76.3
SpokaneSwingBridge,92.8,76.37
SpokaneSwingBridge,92.9,76.65
AlbroPlaceAirportWay,82.2,76.43
AlbroPlaceAirportWay,82.2,76.6
AlbroPlaceAirportWay,82.2,76.84
AlbroPlaceAirportWay,82.2,76.81
AlbroPlaceAirportWay,82.2,76.42
AlbroPlaceAirportWay,82.3,76.11
AlbroPlaceAirportWay,82.3,75.97
AlbroPlaceAirportWay,82.3,76.08
AlbroPlaceAirportWay,82.3,75.9
AlbroPlaceAirportWay,82.3,75.74
AlbroPlaceAirportWay,82.4,75.75
AlbroPlaceAirportWay,82.4,75.93
AlbroPlaceAirportWay,82.4,76.41
AlbroPlaceAirportWay,82.4,76.73
AlbroPlaceAirportWay,82.4,76.91
RooseveltWay_NE80thSt,100.1,100.1
RooseveltWay_NE80thSt,100.2,100.2
RooseveltWay_NE80thSt,100.3,100.3
RooseveltWay_NE80thSt,100.4,100.4
RooseveltWay_NE80thSt,100.5,100.5
RooseveltWay_NE80thSt,100.7,100.7
RooseveltWay_NE80thSt,100.8,100.8
RooseveltWay_NE80thSt,100.9,100.9
RooseveltWay_NE80thSt,101,101
RooseveltWay_NE80thSt,101.1,101.1
RooseveltWay_NE80thSt,101.2,101.2
RooseveltWay_NE80thSt,101.3,101.3
RooseveltWay_NE80thSt,101.4,101.4
RooseveltWay_NE80thSt,101.5,101.5
RooseveltWay_NE80thSt,101.5,101.5
HarborAveUpperNorthBridge,91.7,75.87
HarborAveUpperNorthBridge,91.8,75.88
HarborAveUpperNorthBridge,91.9,75.86
HarborAveUpperNorthBridge,92,75.99
HarborAveUpperNorthBridge,92.1,76.21
HarborAveUpperNorthBridge,92.2,76.16
HarborAveUpperNorthBridge,92.2,76.29
HarborAveUpperNorthBridge,92.3,76.3
HarborAveUpperNorthBridge,92.4,76.29
HarborAveUpperNorthBridge,92.5,76.2
HarborAveUpperNorthBridge,92.6,76.14
HarborAveUpperNorthBridge,92.7,76.34
HarborAveUpperNorthBridge,92.7,76.3
HarborAveUpperNorthBridge,92.8,76.37
HarborAveUpperNorthBridge,92.9,76.65
MagnoliaBridge,94.1,77.9
MagnoliaBridge,94.1,77.89
MagnoliaBridge,94.2,77.81
MagnoliaBridge,94.3,77.89
MagnoliaBridge,94.4,77.86
MagnoliaBridge,94.5,77.92
MagnoliaBridge,94.6,77.98
MagnoliaBridge,94.6,77.91
MagnoliaBridge,94.7,77.9
MagnoliaBridge,94.8,77.94
MagnoliaBridge,94.9,77.89
MagnoliaBridge,95,77.82
MagnoliaBridge,95.1,78.02
MagnoliaBridge,95.2,78.26
MagnoliaBridge,95.3,78.46
MagnoliaBridge,77.18,68.06
HarborAveUpperNorthBridge,79.24,70.19
MagnoliaBridge,77.13,68.09
HarborAveUpperNorthBridge,79.22,70.2
MagnoliaBridge,77.13,68.14
HarborAveUpperNorthBridge,79.18,70.24
MagnoliaBridge,77.13,68.18
HarborAveUpperNorthBridge,79.16,70.24
MagnoliaBridge,77.1,68.22
HarborAveUpperNorthBridge,79.13,70.24
MagnoliaBridge,77.08,68.22
HarborAveUpperNorthBridge,79.11,70.24
MagnoliaBridge,77.07,68.26
HarborAveUpperNorthBridge,79.08,70.24
MagnoliaBridge,77.05,68.3
MagnoliaBridge,77.02,68.32
HarborAveUpperNorthBridge,79.05,70.23
MagnoliaBridge,77.02,68.36
HarborAveUpperNorthBridge,79.04,70.25
HarborAveUpperNorthBridge,79,70.24
SpokaneSwingBridge,81.3,72.73
SpokaneSwingBridge,81.3,72.7
SpokaneSwingBridge,81.4,72.78
SpokaneSwingBridge,81.5,72.67
SpokaneSwingBridge,81.6,72.81
SpokaneSwingBridge,81.7,73.07
SpokaneSwingBridge,81.8,73.22
SpokaneSwingBridge,81.9,73.29
SpokaneSwingBridge,82,73.13
SpokaneSwingBridge,82.1,72.95
SpokaneSwingBridge,82.2,72.95
SpokaneSwingBridge,82.3,73.06
SpokaneSwingBridge,82.3,73.04
SpokaneSwingBridge,82.4,73.02
SpokaneSwingBridge,82.4,72.91
AlbroPlaceAirportWay,81.1,72.4
AlbroPlaceAirportWay,81.1,72.66
AlbroPlaceAirportWay,81.1,72.87
AlbroPlaceAirportWay,81.1,72.9
AlbroPlaceAirportWay,81.1,72.79
AlbroPlaceAirportWay,81.1,72.6
AlbroPlaceAirportWay,81.1,72.82
AlbroPlaceAirportWay,81.1,73.05
AlbroPlaceAirportWay,81.1,73.29
AlbroPlaceAirportWay,81.1,73.39
AlbroPlaceAirportWay,81.1,73.54
AlbroPlaceAirportWay,81.1,73.6
AlbroPlaceAirportWay,81.1,73.54
AlbroPlaceAirportWay,81.1,73.54
AlbroPlaceAirportWay,81.1,73.5
AlbroPlaceAirportWay,81.5,74.67
AlbroPlaceAirportWay,81.5,74.56
AlbroPlaceAirportWay,81.5,74.38
AlbroPlaceAirportWay,81.5,74.23
AlbroPlaceAirportWay,81.5,74.06
AlbroPlaceAirportWay,81.5,74
AlbroPlaceAirportWay,81.5,74.2
AlbroPlaceAirportWay,81.5,74.52
AlbroPlaceAirportWay,81.5,74.65
AlbroPlaceAirportWay,81.6,74.51
AlbroPlaceAirportWay,81.6,74.63
AlbroPlaceAirportWay,81.6,74.84
AlbroPlaceAirportWay,81.6,74.89
AlbroPlaceAirportWay,81.6,74.92
AlbroPlaceAirportWay,81.6,75.27
SpokaneSwingBridge,87,74.5
SpokaneSwingBridge,87.1,74.45
SpokaneSwingBridge,87.2,74.51
SpokaneSwingBridge,87.3,74.68
SpokaneSwingBridge,87.4,74.75
SpokaneSwingBridge,87.5,74.6
SpokaneSwingBridge,87.6,74.91
SpokaneSwingBridge,87.7,75.21
SpokaneSwingBridge,87.8,75.12
SpokaneSwingBridge,87.9,75.2
SpokaneSwingBridge,87.9,75.38
SpokaneSwingBridge,88,75.37
SpokaneSwingBridge,88.1,75.33
SpokaneSwingBridge,88.2,75.16
SpokaneSwingBridge,88.3,75.06
AlbroPlaceAirportWay,85.1,65.53
AlbroPlaceAirportWay,85.1,65.58
AlbroPlaceAirportWay,85.1,65.61
AlbroPlaceAirportWay,85.1,65.58
SpokaneSwingBridge,73.99,65.38
SpokaneSwingBridge,73.96,65.36
SpokaneSwingBridge,73.96,65.34
SpokaneSwingBridge,73.93,65.38
SpokaneSwingBridge,73.91,65.3
SpokaneSwingBridge,73.89,65.29
SpokaneSwingBridge,73.87,65.4
SpokaneSwingBridge,73.86,65.56
SpokaneSwingBridge,73.82,65.7
SpokaneSwingBridge,73.81,65.83
SpokaneSwingBridge,73.77,65.92
SpokaneSwingBridge,73.76,65.98
SpokaneSwingBridge,73.74,66.01
SpokaneSwingBridge,73.7,65.97
SpokaneSwingBridge,73.7,65.89
HarborAveUpperNorthBridge,73.96,65.34
HarborAveUpperNorthBridge,73.93,65.38
HarborAveUpperNorthBridge,73.91,65.3
HarborAveUpperNorthBridge,73.89,65.29
HarborAveUpperNorthBridge,73.87,65.4
HarborAveUpperNorthBridge,73.86,65.56
HarborAveUpperNorthBridge,73.82,65.7
HarborAveUpperNorthBridge,73.81,65.83
HarborAveUpperNorthBridge,73.77,65.92
HarborAveUpperNorthBridge,73.76,65.98
HarborAveUpperNorthBridge,73.74,66.01
HarborAveUpperNorthBridge,73.7,65.97
HarborAveUpperNorthBridge,73.7,65.89
HarborAveUpperNorthBridge,73.66,65.72
HarborAveUpperNorthBridge,73.65,65.65
HarborAveUpperNorthBridge,96.6,77.9
HarborAveUpperNorthBridge,96.6,77.79
AlbroPlaceAirportWay,83.7,78.89
AlbroPlaceAirportWay,83.7,78.5
AlbroPlaceAirportWay,83.7,78.37
AlbroPlaceAirportWay,83.7,78.8
AlbroPlaceAirportWay,83.8,78.97
AlbroPlaceAirportWay,83.8,78.72
AlbroPlaceAirportWay,83.8,78.75
AlbroPlaceAirportWay,83.8,79.14
AlbroPlaceAirportWay,83.9,79.51
AlbroPlaceAirportWay,83.9,79.75
AlbroPlaceAirportWay,83.9,80
AlbroPlaceAirportWay,83.9,79.8
AlbroPlaceAirportWay,84,79.68
AlbroPlaceAirportWay,84,79.74
AlbroPlaceAirportWay,84,79.77
SpokaneSwingBridge,97.1,77.68
SpokaneSwingBridge,97.1,77.8
SpokaneSwingBridge,97.2,77.88
SpokaneSwingBridge,97.2,77.85
SpokaneSwingBridge,97.3,77.89
SpokaneSwingBridge,97.4,77.77
SpokaneSwingBridge,97.4,77.97
SpokaneSwingBridge,97.5,78.17
SpokaneSwingBridge,97.6,78.37
SpokaneSwingBridge,97.7,78.44
SpokaneSwingBridge,97.8,78.28
SpokaneSwingBridge,97.8,78.16
SpokaneSwingBridge,97.9,78.08
SpokaneSwingBridge,97.9,78.11
SpokaneSwingBridge,98,78.07
RooseveltWay_NE80thSt,105.8,105.8
RooseveltWay_NE80thSt,105.9,105.9
RooseveltWay_NE80thSt,106,106
RooseveltWay_NE80thSt,106.1,106.1
RooseveltWay_NE80thSt,106.3,106.3
RooseveltWay_NE80thSt,106.4,106.4
RooseveltWay_NE80thSt,106.5,106.5
RooseveltWay_NE80thSt,106.6,106.6
RooseveltWay_NE80thSt,106.7,106.7
RooseveltWay_NE80thSt,106.9,106.9
RooseveltWay_NE80thSt,107,107
RooseveltWay_NE80thSt,107.1,107.1
RooseveltWay_NE80thSt,107.1,107.1
RooseveltWay_NE80thSt,107.2,107.2
RooseveltWay_NE80thSt,107.3,107.3
HarborAveUpperNorthBridge,97.1,77.68
HarborAveUpperNorthBridge,97.1,77.8
HarborAveUpperNorthBridge,97.2,77.88
HarborAveUpperNorthBridge,97.2,77.85
HarborAveUpperNorthBridge,97.3,77.89
HarborAveUpperNorthBridge,97.4,77.77
HarborAveUpperNorthBridge,97.4,77.97
HarborAveUpperNorthBridge,97.5,78.17
HarborAveUpperNorthBridge,97.6,78.37
HarborAveUpperNorthBridge,97.7,78.44
HarborAveUpperNorthBridge,97.8,78.28
HarborAveUpperNorthBridge,97.8,78.16
HarborAveUpperNorthBridge,97.9,78.08
HarborAveUpperNorthBridge,97.9,78.11
HarborAveUpperNorthBridge,98,78.07
MagnoliaBridge,99.8,80.6
MagnoliaBridge,99.9,80.8
MagnoliaBridge,100,80.9
MagnoliaBridge,100,80.9
MagnoliaBridge,100,80.7
MagnoliaBridge,100.1,80.4
MagnoliaBridge,100.1,80.4
MagnoliaBridge,100.2,80.4
MagnoliaBridge,100.2,80.3
MagnoliaBridge,100.3,80.4
MagnoliaBridge,100.3,80.5
MagnoliaBridge,100.4,80.6
MagnoliaBridge,100.5,80.6
MagnoliaBridge,100.5,80.8
MagnoliaBridge,100.6,80.9
AlbroPlaceAirportWay,88.3,71.63
AlbroPlaceAirportWay,88.3,71.63
AlbroPlaceAirportWay,88.3,71.68
AlbroPlaceAirportWay,88.3,71.74
AlbroPlaceAirportWay,88.3,71.79
AlbroPlaceAirportWay,88.2,71.8
AlbroPlaceAirportWay,88.2,71.78
AlbroPlaceAirportWay,88.2,71.77
AlbroPlaceAirportWay,88.2,71.73
AlbroPlaceAirportWay,88.2,71.68
AlbroPlaceAirportWay,88.2,71.68
AlbroPlaceAirportWay,88.2,71.68
AlbroPlaceAirportWay,88.2,71.57
AlbroPlaceAirportWay,88.1,71.4
AlbroPlaceAirportWay,88.1,71.35
SpokaneSwingBridge,78.84,70.19
SpokaneSwingBridge,78.82,70.19
SpokaneSwingBridge,78.79,70.17
SpokaneSwingBridge,78.77,70.12
SpokaneSwingBridge,78.74,70.08
SpokaneSwingBridge,78.71,70.05
SpokaneSwingBridge,78.7,70.01
SpokaneSwingBridge,78.66,69.98
MagnoliaBridge,87.3,75.08
MagnoliaBridge,87.4,75.2
MagnoliaBridge,87.6,75.18
MagnoliaBridge,87.7,75.08
MagnoliaBridge,87.8,75.13
MagnoliaBridge,87.9,75.18
MagnoliaBridge,88,75.22
MagnoliaBridge,88.2,75.4
MagnoliaBridge,88.3,75.37
MagnoliaBridge,88.4,75.39
MagnoliaBridge,88.5,75.46
MagnoliaBridge,88.7,75.6
MagnoliaBridge,88.8,75.6
MagnoliaBridge,88.9,75.42
MagnoliaBridge,89,75.39
AlbroPlaceAirportWay,81.3,74.22
AlbroPlaceAirportWay,81.3,74.37
AlbroPlaceAirportWay,81.3,74.43
AlbroPlaceAirportWay,81.3,74.49
AlbroPlaceAirportWay,81.3,74.52
AlbroPlaceAirportWay,81.3,74.6
AlbroPlaceAirportWay,81.3,74.57
AlbroPlaceAirportWay,81.3,74.58
AlbroPlaceAirportWay,81.4,74.74
AlbroPlaceAirportWay,81.4,74.65
AlbroPlaceAirportWay,81.4,74.62
AlbroPlaceAirportWay,81.4,74.79
AlbroPlaceAirportWay,81.4,74.72
AlbroPlaceAirportWay,81.4,74.23
AlbroPlaceAirportWay,81.4,73.9
SpokaneSwingBridge,85,74
SpokaneSwingBridge,85.1,73.97
SpokaneSwingBridge,85.2,74.04
SpokaneSwingBridge,85.3,74.27
SpokaneSwingBridge,85.4,74.13
SpokaneSwingBridge,85.5,74.19
SpokaneSwingBridge,85.6,74.18
SpokaneSwingBridge,85.7,74.08
SpokaneSwingBridge,85.8,74.2
SpokaneSwingBridge,85.9,74.26
SpokaneSwingBridge,86,74.47
SpokaneSwingBridge,86.1,74.44
SpokaneSwingBridge,86.2,74.01
SpokaneSwingBridge,86.3,73.7
SpokaneSwingBridge,86.4,73.57
RooseveltWay_NE80thSt,91.3,91.3
RooseveltWay_NE80thSt,91.4,91.4
RooseveltWay_NE80thSt,91.5,91.5
RooseveltWay_NE80thSt,91.6,91.6
RooseveltWay_NE80thSt,91.8,91.8
RooseveltWay_NE80thSt,91.9,91.9
RooseveltWay_NE80thSt,92,92
RooseveltWay_NE80thSt,92.1,92.1
RooseveltWay_NE80thSt,92.2,92.2
RooseveltWay_NE80thSt,92.4,92.4
RooseveltWay_NE80thSt,92.5,92.5
RooseveltWay_NE80thSt,92.6,92.6
RooseveltWay_NE80thSt,92.8,92.8
RooseveltWay_NE80thSt,92.9,92.9
RooseveltWay_NE80thSt,93.1,93.1
MagnoliaBridge,89.6,75.29
MagnoliaBridge,89.7,75.29
MagnoliaBridge,89.8,75.46
MagnoliaBridge,89.9,75.53
MagnoliaBridge,90,75.72
MagnoliaBridge,90.1,75.86
MagnoliaBridge,90.2,75.87
MagnoliaBridge,90.3,75.78
MagnoliaBridge,90.4,75.9
MagnoliaBridge,90.4,75.94
MagnoliaBridge,90.5,75.79
MagnoliaBridge,90.6,75.54
MagnoliaBridge,90.6,75.59
MagnoliaBridge,90.7,75.74
MagnoliaBridge,90.8,75.95
RooseveltWay_NE80thSt,82.6,82.6
RooseveltWay_NE80thSt,82.6,82.6
RooseveltWay_NE80thSt,82.5,82.5
RooseveltWay_NE80thSt,82.5,82.5
HarborAveUpperNorthBridge,89.7,78.59
HarborAveUpperNorthBridge,89.6,78.56
HarborAveUpperNorthBridge,89.5,78.52
HarborAveUpperNorthBridge,89.5,78.47
HarborAveUpperNorthBridge,89.4,78.46
HarborAveUpperNorthBridge,89.4,78.41
HarborAveUpperNorthBridge,89.3,78.37
HarborAveUpperNorthBridge,89.3,78.32
HarborAveUpperNorthBridge,89.2,78.24
HarborAveUpperNorthBridge,89.2,78.18
HarborAveUpperNorthBridge,89.1,78.12
HarborAveUpperNorthBridge,89.1,78.08
HarborAveUpperNorthBridge,89,78.01
HarborAveUpperNorthBridge,89,77.96
HarborAveUpperNorthBridge,88.9,77.91
MagnoliaBridge,86.2,78.15
MagnoliaBridge,86.2,78.05
MagnoliaBridge,86.1,77.96
MagnoliaBridge,86.1,77.93
MagnoliaBridge,86,77.88
MagnoliaBridge,85.9,77.81
MagnoliaBridge,85.9,77.74
AlbroPlaceAirportWay,81.4,74.62
AlbroPlaceAirportWay,81.4,74.79
AlbroPlaceAirportWay,81.4,74.72
AlbroPlaceAirportWay,81.4,74.23
AlbroPlaceAirportWay,81.4,73.9
AlbroPlaceAirportWay,81.4,73.97
AlbroPlaceAirportWay,81.4,74.29
AlbroPlaceAirportWay,81.4,74.52
AlbroPlaceAirportWay,81.5,74.54
AlbroPlaceAirportWay,81.5,74.49
AlbroPlaceAirportWay,81.5,74.67
AlbroPlaceAirportWay,81.5,74.56
AlbroPlaceAirportWay,81.5,74.38
AlbroPlaceAirportWay,81.5,74.23
AlbroPlaceAirportWay,81.5,74.06
SpokaneSwingBridge,86,74.47
SpokaneSwingBridge,86.1,74.44
SpokaneSwingBridge,86.2,74.01
SpokaneSwingBridge,86.3,73.7
SpokaneSwingBridge,86.4,73.57
SpokaneSwingBridge,86.5,73.72
SpokaneSwingBridge,86.6,74.03
SpokaneSwingBridge,86.7,74.3
SpokaneSwingBridge,86.8,74.49
SpokaneSwingBridge,86.9,74.5
SpokaneSwingBridge,87,74.5
SpokaneSwingBridge,87.1,74.45
SpokaneSwingBridge,87.2,74.51
SpokaneSwingBridge,87.3,74.68
SpokaneSwingBridge,87.4,74.75
HarborAveUpperNorthBridge,86,74.47
HarborAveUpperNorthBridge,86.1,74.44
HarborAveUpperNorthBridge,86.2,74.01
HarborAveUpperNorthBridge,86.3,73.7
HarborAveUpperNorthBridge,86.4,73.57
HarborAveUpperNorthBridge,86.5,73.72
HarborAveUpperNorthBridge,86.6,74.03
HarborAveUpperNorthBridge,86.7,74.3
HarborAveUpperNorthBridge,86.8,74.49
HarborAveUpperNorthBridge,86.9,74.5
HarborAveUpperNorthBridge,87,74.5
HarborAveUpperNorthBridge,87.1,74.45
HarborAveUpperNorthBridge,87.2,74.51
HarborAveUpperNorthBridge,87.3,74.68
HarborAveUpperNorthBridge,87.4,74.75
AlbroPlaceAirportWay,82,75.49
AlbroPlaceAirportWay,82,75.16
AlbroPlaceAirportWay,82,75.19
AlbroPlaceAirportWay,82,75.23
AlbroPlaceAirportWay,82.1,75.36
AlbroPlaceAirportWay,82.1,75.4
AlbroPlaceAirportWay,82.1,75.28
AlbroPlaceAirportWay,82.1,75.27
AlbroPlaceAirportWay,82.2,75.56
AlbroPlaceAirportWay,82.2,76.13
AlbroPlaceAirportWay,82.2,76.43
AlbroPlaceAirportWay,82.2,76.6
AlbroPlaceAirportWay,82.2,76.84
AlbroPlaceAirportWay,82.2,76.81
AlbroPlaceAirportWay,82.2,76.42
SpokaneSwingBridge,90.8,75.28
SpokaneSwingBridge,90.8,75.33
SpokaneSwingBridge,91,75.4
SpokaneSwingBridge,91.1,75.5
SpokaneSwingBridge,91.2,75.27
SpokaneSwingBridge,91.2,75.29
SpokaneSwingBridge,91.3,75.49
SpokaneSwingBridge,91.4,75.81
SpokaneSwingBridge,91.5,75.93
SpokaneSwingBridge,91.6,75.87
SpokaneSwingBridge,91.7,75.87
SpokaneSwingBridge,91.8,75.88
SpokaneSwingBridge,91.9,75.86
SpokaneSwingBridge,92,75.99
SpokaneSwingBridge,92.1,76.21
RooseveltWay_NE80thSt,98.8,98.8
RooseveltWay_NE80thSt,98.9,98.9
RooseveltWay_NE80thSt,99.1,99.1
RooseveltWay_NE80thSt,99.2,99.2
RooseveltWay_NE80thSt,99.4,99.4
RooseveltWay_NE80thSt,99.5,99.5
RooseveltWay_NE80thSt,99.7,99.7
RooseveltWay_NE80thSt,99.8,99.8
RooseveltWay_NE80thSt,99.9,99.9
RooseveltWay_NE80thSt,100,100
RooseveltWay_NE80thSt,100.1,100.1
RooseveltWay_NE80thSt,100.2,100.2
RooseveltWay_NE80thSt,100.3,100.3
RooseveltWay_NE80thSt,100.4,100.4
RooseveltWay_NE80thSt,100.5,100.5
HarborAveUpperNorthBridge,90.8,75.28
HarborAveUpperNorthBridge,90.8,75.33
HarborAveUpperNorthBridge,91,75.4
HarborAveUpperNorthBridge,91.1,75.5
HarborAveUpperNorthBridge,91.2,75.27
HarborAveUpperNorthBridge,91.2,75.29
HarborAveUpperNorthBridge,91.3,75.49
HarborAveUpperNorthBridge,91.4,75.81
RooseveltWay_NE80thSt,96.4,96.4
RooseveltWay_NE80thSt,96.4,96.4
RooseveltWay_NE80thSt,96.5,96.5
RooseveltWay_NE80thSt,96.6,96.6
RooseveltWay_NE80thSt,96.7,96.7
RooseveltWay_NE80thSt,96.8,96.8
RooseveltWay_NE80thSt,96.9,96.9
RooseveltWay_NE80thSt,96.9,96.9
RooseveltWay_NE80thSt,97,97
RooseveltWay_NE80thSt,97.1,97.1
RooseveltWay_NE80thSt,97.2,97.2
RooseveltWay_NE80thSt,97.3,97.3
RooseveltWay_NE80thSt,97.5,97.5
RooseveltWay_NE80thSt,97.6,97.6
RooseveltWay_NE80thSt,97.8,97.8
HarborAveUpperNorthBridge,89,75.2
HarborAveUpperNorthBridge,89.1,75.37
HarborAveUpperNorthBridge,89.2,75.38
HarborAveUpperNorthBridge,89.2,75.42
HarborAveUpperNorthBridge,89.3,75.51
HarborAveUpperNorthBridge,89.4,75.68
HarborAveUpperNorthBridge,89.5,75.83
HarborAveUpperNorthBridge,89.6,75.92
HarborAveUpperNorthBridge,89.7,75.91
HarborAveUpperNorthBridge,89.8,75.74
HarborAveUpperNorthBridge,89.9,75.69
HarborAveUpperNorthBridge,90,75.67
HarborAveUpperNorthBridge,90.1,75.71
HarborAveUpperNorthBridge,90.2,75.92
HarborAveUpperNorthBridge,90.3,75.98
MagnoliaBridge,92,76.62
MagnoliaBridge,92,76.54
MagnoliaBridge,92,76.62
MagnoliaBridge,92,76.67
MagnoliaBridge,92,76.72
MagnoliaBridge,92,76.8
MagnoliaBridge,92,76.68
MagnoliaBridge,91.9,76.41
MagnoliaBridge,91.9,76.24
MagnoliaBridge,91.8,76.14
MagnoliaBridge,91.8,76.11
MagnoliaBridge,91.8,76.27
MagnoliaBridge,91.9,76.36
MagnoliaBridge,92,76.36
MagnoliaBridge,92.1,76.42
AlbroPlaceAirportWay,83.4,79.42
AlbroPlaceAirportWay,83.5,79.32
AlbroPlaceAirportWay,83.5,78.98
AlbroPlaceAirportWay,83.5,78.65
AlbroPlaceAirportWay,83.5,78.13
AlbroPlaceAirportWay,83.6,77.97
AlbroPlaceAirportWay,83.6,78.26
AlbroPlaceAirportWay,83.6,78.48
AlbroPlaceAirportWay,83.6,78.63
AlbroPlaceAirportWay,83.6,78.83
AlbroPlaceAirportWay,83.7,78.89
AlbroPlaceAirportWay,83.7,78.5
AlbroPlaceAirportWay,83.7,78.37
AlbroPlaceAirportWay,83.7,78.8
AlbroPlaceAirportWay,83.8,78.97
RooseveltWay_NE80thSt,107,107
RooseveltWay_NE80thSt,107.1,107.1
RooseveltWay_NE80thSt,107.1,107.1
RooseveltWay_NE80thSt,107.2,107.2
RooseveltWay_NE80thSt,107.3,107.3
RooseveltWay_NE80thSt,107.4,107.4
RooseveltWay_NE80thSt,107.5,107.5
RooseveltWay_NE80thSt,107.5,107.5
RooseveltWay_NE80thSt,107.6,107.6
RooseveltWay_NE80thSt,107.7,107.7
RooseveltWay_NE80thSt,107.8,107.8
RooseveltWay_NE80thSt,107.9,107.9
RooseveltWay_NE80thSt,108,108
RooseveltWay_NE80thSt,107.9,107.9
RooseveltWay_NE80thSt,107.8,107.8
MagnoliaBridge,100.2,80.3
MagnoliaBridge,100.3,80.4
MagnoliaBridge,100.3,80.5
MagnoliaBridge,100.4,80.6
MagnoliaBridge,100.5,80.6
MagnoliaBridge,100.5,80.8
MagnoliaBridge,100.6,80.9
MagnoliaBridge,100.6,80.9
MagnoliaBridge,100.5,80.9
MagnoliaBridge,100.3,80.7
MagnoliaBridge,100,80.5
MagnoliaBridge,99.8,80.4
MagnoliaBridge,99.8,80.2
MagnoliaBridge,99.9,80.2
MagnoliaBridge,99.9,80.5
HarborAveUpperNorthBridge,97.8,78.28
HarborAveUpperNorthBridge,97.8,78.16
HarborAveUpperNorthBridge,97.9,78.08
HarborAveUpperNorthBridge,97.9,78.11
HarborAveUpperNorthBridge,98,78.07
HarborAveUpperNorthBridge,98.1,78.07
HarborAveUpperNorthBridge,98.1,78.18
HarborAveUpperNorthBridge,98.2,78.33
HarborAveUpperNorthBridge,98.3,78.37
HarborAveUpperNorthBridge,98.3,78.4
RooseveltWay_NE80thSt,87,87
RooseveltWay_NE80thSt,87.1,87.1
RooseveltWay_NE80thSt,87.1,87.1
RooseveltWay_NE80thSt,87.2,87.2
RooseveltWay_NE80thSt,87.3,87.3
RooseveltWay_NE80thSt,87.5,87.5
RooseveltWay_NE80thSt,87.6,87.6
RooseveltWay_NE80thSt,87.7,87.7
RooseveltWay_NE80thSt,87.9,87.9
RooseveltWay_NE80thSt,88,88
RooseveltWay_NE80thSt,88.1,88.1
RooseveltWay_NE80thSt,88.3,88.3
RooseveltWay_NE80thSt,88.4,88.4
RooseveltWay_NE80thSt,88.5,88.5
RooseveltWay_NE80thSt,88.6,88.6
SpokaneSwingBridge,82.2,72.95
SpokaneSwingBridge,82.3,73.06
SpokaneSwingBridge,82.3,73.04
SpokaneSwingBridge,82.4,73.02
SpokaneSwingBridge,82.4,72.91
SpokaneSwingBridge,82.5,72.96
SpokaneSwingBridge,82.6,73.18
SpokaneSwingBridge,82.6,73.38
SpokaneSwingBridge,82.7,73.31
SpokaneSwingBridge,82.8,73.41
SpokaneSwingBridge,82.9,73.58
SpokaneSwingBridge,83,73.6
SpokaneSwingBridge,83.1,73.55
SpokaneSwingBridge,83.2,73.51
SpokaneSwingBridge,83.4,73.35
AlbroPlaceAirportWay,81.1,73.54
AlbroPlaceAirportWay,81.1,73.6
AlbroPlaceAirportWay,81.1,73.54
AlbroPlaceAirportWay,81.1,73.54
AlbroPlaceAirportWay,81.1,73.5
AlbroPlaceAirportWay,81.1,73.56
AlbroPlaceAirportWay,81.1,73.6
AlbroPlaceAirportWay,81.1,73.63
AlbroPlaceAirportWay,81.1,73.52
AlbroPlaceAirportWay,81.1,73.52
AlbroPlaceAirportWay,81.1,73.59
AlbroPlaceAirportWay,81.1,73.6
AlbroPlaceAirportWay,81.1,73.66
AlbroPlaceAirportWay,81.1,73.71
AlbroPlaceAirportWay,81.2,73.48
MagnoliaBridge,86.4,75.21
MagnoliaBridge,86.5,75.01
MagnoliaBridge,86.7,75.15
MagnoliaBridge,86.8,75.05
MagnoliaBridge,86.9,74.97
MagnoliaBridge,86.9,74.83
MagnoliaBridge,87,74.65
MagnoliaBridge,87,74.69
MagnoliaBridge,87.1,74.71
MagnoliaBridge,87.2,74.83
MagnoliaBridge,87.3,75.08
MagnoliaBridge,87.4,75.2
MagnoliaBridge,87.6,75.18
MagnoliaBridge,87.7,75.08
MagnoliaBridge,87.8,75.13
HarborAveUpperNorthBridge,82.2,72.95
HarborAveUpperNorthBridge,82.3,73.06
HarborAveUpperNorthBridge,82.3,73.04
HarborAveUpperNorthBridge,82.4,73.02
HarborAveUpperNorthBridge,82.4,72.91
HarborAveUpperNorthBridge,82.5,72.96
HarborAveUpperNorthBridge,82.6,73.18
HarborAveUpperNorthBridge,82.6,73.38
HarborAveUpperNorthBridge,82.7,73.31
HarborAveUpperNorthBridge,82.8,73.41
HarborAveUpperNorthBridge,82.9,73.58
HarborAveUpperNorthBridge,83,73.6
HarborAveUpperNorthBridge,83.1,73.55
HarborAveUpperNorthBridge,83.2,73.51
HarborAveUpperNorthBridge,83.4,73.35
HarborAveUpperNorthBridge,70.51,64.21
HarborAveUpperNorthBridge,70.52,64.23
HarborAveUpperNorthBridge,70.53,64.27
HarborAveUpperNorthBridge,70.53,64.29
HarborAveUpperNorthBridge,70.53,64.31
HarborAveUpperNorthBridge,70.54,64.36
HarborAveUpperNorthBridge,70.56,64.39
HarborAveUpperNorthBridge,70.57,64.38
AlbroPlaceAirportWay,85.3,80.1
AlbroPlaceAirportWay,85.3,80.8
AlbroPlaceAirportWay,85.3,81
AlbroPlaceAirportWay,85.3,81.2
AlbroPlaceAirportWay,85.4,81.3
AlbroPlaceAirportWay,85.4,81.4
AlbroPlaceAirportWay,85.4,81.6
AlbroPlaceAirportWay,85.5,81.9
AlbroPlaceAirportWay,85.5,82
AlbroPlaceAirportWay,85.5,81.8
AlbroPlaceAirportWay,85.5,81.7
AlbroPlaceAirportWay,85.6,81.7
AlbroPlaceAirportWay,85.6,81.8
AlbroPlaceAirportWay,85.6,81.7
AlbroPlaceAirportWay,85.7,81.4
HarborAveUpperNorthBridge,100.2,78.81
HarborAveUpperNorthBridge,100.2,79.17
HarborAveUpperNorthBridge,100.3,79.22
HarborAveUpperNorthBridge,100.3,79.24
HarborAveUpperNorthBridge,100.3,79.37
HarborAveUpperNorthBridge,100.4,79.27
HarborAveUpperNorthBridge,100.4,79.11
HarborAveUpperNorthBridge,100.5,78.93
HarborAveUpperNorthBridge,100.5,79.08
HarborAveUpperNorthBridge,100.5,79.27
HarborAveUpperNorthBridge,100.6,79.43
HarborAveUpperNorthBridge,100.6,79.6
HarborAveUpperNorthBridge,100.6,79.49
HarborAveUpperNorthBridge,100.7,79.37
HarborAveUpperNorthBridge,100.7,79.41
RooseveltWay_NE80thSt,98.3,98.3
RooseveltWay_NE80thSt,98.2,98.2
RooseveltWay_NE80thSt,98,98
RooseveltWay_NE80thSt,97.9,97.9
RooseveltWay_NE80thSt,97.7,97.7
RooseveltWay_NE80thSt,97.6,97.6
RooseveltWay_NE80thSt,97.4,97.4
RooseveltWay_NE80thSt,97.3,97.3
RooseveltWay_NE80thSt,97.1,97.1
RooseveltWay_NE80thSt,97,97
RooseveltWay_NE80thSt,96.9,96.9
RooseveltWay_NE80thSt,96.8,96.8
RooseveltWay_NE80thSt,96.6,96.6
RooseveltWay_NE80thSt,96.5,96.5
RooseveltWay_NE80thSt,96.4,96.4
SpokaneSwingBridge,100.2,78.81
SpokaneSwingBridge,100.2,79.17
SpokaneSwingBridge,100.3,79.22
SpokaneSwingBridge,100.3,79.24
SpokaneSwingBridge,100.3,79.37
SpokaneSwingBridge,100.4,79.27
SpokaneSwingBridge,100.4,79.11
SpokaneSwingBridge,100.5,78.93
SpokaneSwingBridge,100.5,79.08
SpokaneSwingBridge,100.5,79.27
SpokaneSwingBridge,100.6,79.43
SpokaneSwingBridge,100.6,79.6
SpokaneSwingBridge,100.6,79.49
SpokaneSwingBridge,100.7,79.37
SpokaneSwingBridge,100.7,79.41
MagnoliaBridge,101.5,82.4
MagnoliaBridge,101.5,82.5
MagnoliaBridge,101.5,82.5
MagnoliaBridge,101.6,82.6
MagnoliaBridge,101.6,82.9
MagnoliaBridge,101.7,83.3
MagnoliaBridge,101.7,83.4
MagnoliaBridge,101.8,83.4
MagnoliaBridge,101.8,83.4
MagnoliaBridge,101.9,83.4
MagnoliaBridge,101.9,83.7
MagnoliaBridge,102,83.7
MagnoliaBridge,102.1,83.7
MagnoliaBridge,102.1,84
MagnoliaBridge,102.1,84
AlbroPlaceAirportWay,88.6,71.53
AlbroPlaceAirportWay,88.5,71.54
AlbroPlaceAirportWay,88.5,71.6
AlbroPlaceAirportWay,88.5,71.66
AlbroPlaceAirportWay,88.5,71.7
AlbroPlaceAirportWay,88.5,71.74
AlbroPlaceAirportWay,88.5,71.78
AlbroPlaceAirportWay,88.5,71.78
AlbroPlaceAirportWay,88.4,71.78
AlbroPlaceAirportWay,88.4,71.78
AlbroPlaceAirportWay,84.6,66.33
SpokaneSwingBridge,70.59,64.64
SpokaneSwingBridge,80.3,72.72
SpokaneSwingBridge,80.4,72.77
SpokaneSwingBridge,80.5,72.45
SpokaneSwingBridge,80.6,72.33
SpokaneSwingBridge,80.7,72.38
SpokaneSwingBridge,80.8,72.35
SpokaneSwingBridge,80.9,72.46
SpokaneSwingBridge,81,72.54
SpokaneSwingBridge,81.1,72.8
SpokaneSwingBridge,81.2,72.88
SpokaneSwingBridge,81.3,72.73
SpokaneSwingBridge,81.3,72.7
SpokaneSwingBridge,81.4,72.78
SpokaneSwingBridge,81.5,72.67
SpokaneSwingBridge,81.6,72.81
RooseveltWay_NE80thSt,82.5,82.5
RooseveltWay_NE80thSt,82.8,82.8
RooseveltWay_NE80thSt,83.1,83.1
RooseveltWay_NE80thSt,83.4,83.4
RooseveltWay_NE80thSt,83.7,83.7
RooseveltWay_NE80thSt,83.9,83.9
RooseveltWay_NE80thSt,84.2,84.2
RooseveltWay_NE80thSt,84.4,84.4
RooseveltWay_NE80thSt,84.6,84.6
RooseveltWay_NE80thSt,84.8,84.8
RooseveltWay_NE80thSt,85.1,85.1
RooseveltWay_NE80thSt,85.3,85.3
RooseveltWay_NE80thSt,85.6,85.6
RooseveltWay_NE80thSt,85.8,85.8
RooseveltWay_NE80thSt,86,86
RooseveltWay_NE80thSt,89.5,89.5
RooseveltWay_NE80thSt,89.6,89.6
RooseveltWay_NE80thSt,89.8,89.8
RooseveltWay_NE80thSt,90,90
RooseveltWay_NE80thSt,90.2,90.2
RooseveltWay_NE80thSt,90.4,90.4
RooseveltWay_NE80thSt,90.6,90.6
RooseveltWay_NE80thSt,90.8,90.8
RooseveltWay_NE80thSt,90.9,90.9
RooseveltWay_NE80thSt,91.1,91.1
RooseveltWay_NE80thSt,91.3,91.3
RooseveltWay_NE80thSt,91.4,91.4
RooseveltWay_NE80thSt,91.5,91.5
RooseveltWay_NE80thSt,91.6,91.6
RooseveltWay_NE80thSt,91.8,91.8
HarborAveUpperNorthBridge,84,73.43
HarborAveUpperNorthBridge,84.1,73.44
HarborAveUpperNorthBridge,84.2,73.61
HarborAveUpperNorthBridge,84.3,73.59
HarborAveUpperNorthBridge,84.4,73.58
HarborAveUpperNorthBridge,84.5,73.71
HarborAveUpperNorthBridge,84.6,73.89
HarborAveUpperNorthBridge,84.7,73.87
HarborAveUpperNorthBridge,84.8,73.78
HarborAveUpperNorthBridge,84.9,73.85
HarborAveUpperNorthBridge,85,74
HarborAveUpperNorthBridge,85.1,73.97
HarborAveUpperNorthBridge,85.2,74.04
HarborAveUpperNorthBridge,85.3,74.27
HarborAveUpperNorthBridge,85.4,74.13
RooseveltWay_NE80thSt,90.6,90.6
RooseveltWay_NE80thSt,90.5,90.5
RooseveltWay_NE80thSt,90.5,90.5
HarborAveUpperNorthBridge,102.7,82.7
HarborAveUpperNorthBridge,102.7,82.6
HarborAveUpperNorthBridge,102.7,82.5
HarborAveUpperNorthBridge,102.7,82.4
HarborAveUpperNorthBridge,102.7,82.2
HarborAveUpperNorthBridge,102.7,82.1
HarborAveUpperNorthBridge,102.7,81.8
HarborAveUpperNorthBridge,102.7,81.8
HarborAveUpperNorthBridge,102.7,81.8
HarborAveUpperNorthBridge,102.7,81.9
HarborAveUpperNorthBridge,102.7,82.2
HarborAveUpperNorthBridge,102.7,82.4
HarborAveUpperNorthBridge,102.7,82.7
HarborAveUpperNorthBridge,102.7,82.7
HarborAveUpperNorthBridge,102.7,82.7
MagnoliaBridge,102.7,85.1
MagnoliaBridge,102.7,85
MagnoliaBridge,102.7,85.2
MagnoliaBridge,102.6,85.1
MagnoliaBridge,102.6,84.8
MagnoliaBridge,102.6,84.6
MagnoliaBridge,102.5,84.6
MagnoliaBridge,102.5,84.6
MagnoliaBridge,102.5,84.6
MagnoliaBridge,102.4,84.6
MagnoliaBridge,102.4,84.7
MagnoliaBridge,102.4,84.8
MagnoliaBridge,102.4,84.8
MagnoliaBridge,102.4,85
MagnoliaBridge,102.4,85.2
AlbroPlaceAirportWay,88.9,84.7
AlbroPlaceAirportWay,88.9,85
AlbroPlaceAirportWay,88.9,85.1
AlbroPlaceAirportWay,88.9,85.2
AlbroPlaceAirportWay,89,85.2
AlbroPlaceAirportWay,81.1,72.06
AlbroPlaceAirportWay,81.1,72.13
AlbroPlaceAirportWay,81.1,71.99
AlbroPlaceAirportWay,81.1,71.62
AlbroPlaceAirportWay,81.1,71.41
AlbroPlaceAirportWay,81.1,71.73
AlbroPlaceAirportWay,81.1,71.97
AlbroPlaceAirportWay,81.1,72.02
AlbroPlaceAirportWay,81.1,72.1
AlbroPlaceAirportWay,81.1,72.23
AlbroPlaceAirportWay,81.1,72.4
AlbroPlaceAirportWay,81.1,72.66
AlbroPlaceAirportWay,81.1,72.87
AlbroPlaceAirportWay,81.1,72.9
AlbroPlaceAirportWay,81.1,72.79
MagnoliaBridge,83.5,74.42
MagnoliaBridge,83.6,74.75
MagnoliaBridge,83.8,75.01
MagnoliaBridge,84,75.09
MagnoliaBridge,84.2,75.22
MagnoliaBridge,84.3,75.43
MagnoliaBridge,84.4,75.12
MagnoliaBridge,84.6,74.76
MagnoliaBridge,84.7,74.82
MagnoliaBridge,84.9,74.91
MagnoliaBridge,85,74.64
MagnoliaBridge,85.2,74.61
MagnoliaBridge,85.3,74.74
MagnoliaBridge,85.4,74.74
MagnoliaBridge,85.5,74.87
HarborAveUpperNorthBridge,80.3,72.72
HarborAveUpperNorthBridge,80.4,72.77
HarborAveUpperNorthBridge,80.5,72.45
HarborAveUpperNorthBridge,80.6,72.33
HarborAveUpperNorthBridge,80.7,72.38
HarborAveUpperNorthBridge,80.8,72.35
HarborAveUpperNorthBridge,80.9,72.46
HarborAveUpperNorthBridge,81,72.54
HarborAveUpperNorthBridge,81.1,72.8
HarborAveUpperNorthBridge,81.2,72.88
HarborAveUpperNorthBridge,81.3,72.73
HarborAveUpperNorthBridge,81.3,72.7
HarborAveUpperNorthBridge,81.4,72.78
HarborAveUpperNorthBridge,81.5,72.67
HarborAveUpperNorthBridge,81.6,72.81
AlbroPlaceAirportWay,81.6,74.63
AlbroPlaceAirportWay,81.6,74.84
AlbroPlaceAirportWay,81.6,74.89
AlbroPlaceAirportWay,81.6,74.92
AlbroPlaceAirportWay,81.6,75.27
AlbroPlaceAirportWay,81.6,75.62
AlbroPlaceAirportWay,81.6,75.69
AlbroPlaceAirportWay,81.7,75.79
AlbroPlaceAirportWay,81.7,75.74
AlbroPlaceAirportWay,81.7,75.87
AlbroPlaceAirportWay,81.7,75.93
AlbroPlaceAirportWay,81.7,75.94
AlbroPlaceAirportWay,81.7,75.82
AlbroPlaceAirportWay,81.7,75.59
AlbroPlaceAirportWay,81.8,75.57
SpokaneSwingBridge,87.9,75.38
SpokaneSwingBridge,88,75.37
SpokaneSwingBridge,88.1,75.33
SpokaneSwingBridge,88.2,75.16
SpokaneSwingBridge,88.3,75.06
SpokaneSwingBridge,88.4,75.24
SpokaneSwingBridge,88.5,75.38
SpokaneSwingBridge,88.7,75.3
SpokaneSwingBridge,88.8,75.27
SpokaneSwingBridge,88.9,75.19
SpokaneSwingBridge,89,75.2
SpokaneSwingBridge,89.1,75.37
SpokaneSwingBridge,89.2,75.38
SpokaneSwingBridge,89.2,75.42
SpokaneSwingBridge,89.3,75.51
RooseveltWay_NE80thSt,95,95
RooseveltWay_NE80thSt,95.1,95.1
RooseveltWay_NE80thSt,95.2,95.2
RooseveltWay_NE80thSt,95.4,95.4
RooseveltWay_NE80thSt,95.5,95.5
RooseveltWay_NE80thSt,95.7,95.7
RooseveltWay_NE80thSt,95.9,95.9
RooseveltWay_NE80thSt,96,96
RooseveltWay_NE80thSt,96.1,96.1
RooseveltWay_NE80thSt,96.2,96.2
RooseveltWay_NE80thSt,96.4,96.4
RooseveltWay_NE80thSt,96.4,96.4
RooseveltWay_NE80thSt,96.5,96.5
RooseveltWay_NE80thSt,96.6,96.6
RooseveltWay_NE80thSt,96.7,96.7
HarborAveUpperNorthBridge,87.9,75.38
HarborAveUpperNorthBridge,88,75.37
HarborAveUpperNorthBridge,88.1,75.33
HarborAveUpperNorthBridge,88.2,75.16
HarborAveUpperNorthBridge,88.3,75.06
HarborAveUpperNorthBridge,88.4,75.24
HarborAveUpperNorthBridge,88.5,75.38
HarborAveUpperNorthBridge,88.7,75.3
HarborAveUpperNorthBridge,88.8,75.27
AlbroPlaceAirportWay,90.3,85.3
AlbroPlaceAirportWay,90.3,85.2
AlbroPlaceAirportWay,90.3,85.2
AlbroPlaceAirportWay,90.4,85
AlbroPlaceAirportWay,90.4,84.8
AlbroPlaceAirportWay,90.4,84.7
AlbroPlaceAirportWay,90.4,84.9
AlbroPlaceAirportWay,90.5,84.9
AlbroPlaceAirportWay,90.5,84.9
AlbroPlaceAirportWay,90.5,84.9
AlbroPlaceAirportWay,90.5,84.9
AlbroPlaceAirportWay,90.5,85
AlbroPlaceAirportWay,90.6,85
AlbroPlaceAirportWay,90.6,85.1
AlbroPlaceAirportWay,90.6,85.1
HarborAveUpperNorthBridge,100.6,82
HarborAveUpperNorthBridge,100.6,82.1
HarborAveUpperNorthBridge,100.5,82.2
HarborAveUpperNorthBridge,100.5,82.2
HarborAveUpperNorthBridge,100.4,82.1
HarborAveUpperNorthBridge,100.4,82
HarborAveUpperNorthBridge,100.3,82
HarborAveUpperNorthBridge,100.3,81.9
HarborAveUpperNorthBridge,100.2,81.9
HarborAveUpperNorthBridge,100.2,82
HarborAveUpperNorthBridge,100.1,82.1
HarborAveUpperNorthBridge,100.1,82.1
HarborAveUpperNorthBridge,100,82
HarborAveUpperNorthBridge,100,82
HarborAveUpperNorthBridge,99.9,82
AlbroPlaceAirportWay,91.1,85
AlbroPlaceAirportWay,91.1,85.1
AlbroPlaceAirportWay,91.1,85
AlbroPlaceAirportWay,91.1,85
AlbroPlaceAirportWay,91.1,84.8
AlbroPlaceAirportWay,91.2,84.7
AlbroPlaceAirportWay,91.2,84.7
AlbroPlaceAirportWay,91.2,84.8
AlbroPlaceAirportWay,91.2,84.9
AlbroPlaceAirportWay,91.2,84.9
AlbroPlaceAirportWay,91.3,84.8
AlbroPlaceAirportWay,91.3,84.8
AlbroPlaceAirportWay,91.3,84.6
AlbroPlaceAirportWay,91.3,84.5
AlbroPlaceAirportWay,91.3,84.5
SpokaneSwingBridge,98.1,82.2
SpokaneSwingBridge,98,82.2
SpokaneSwingBridge,97.9,82.2
SpokaneSwingBridge,97.8,82.1
SpokaneSwingBridge,97.7,82.1
SpokaneSwingBridge,97.6,82.1
SpokaneSwingBridge,97.5,82.1
SpokaneSwingBridge,97.5,82
SpokaneSwingBridge,97.4,82
SpokaneSwingBridge,97.3,81.9
SpokaneSwingBridge,97.3,81.9
SpokaneSwingBridge,97.2,81.9
SpokaneSwingBridge,97.2,81.9
SpokaneSwingBridge,97.1,81.9
SpokaneSwingBridge,97.1,81.9
RooseveltWay_NE80thSt,86.8,86.8
RooseveltWay_NE80thSt,86.8,86.8
RooseveltWay_NE80thSt,86.8,86.8
RooseveltWay_NE80thSt,86.8,86.8
RooseveltWay_NE80thSt,86.7,86.7
RooseveltWay_NE80thSt,86.7,86.7
RooseveltWay_NE80thSt,86.7,86.7
RooseveltWay_NE80thSt,86.7,86.7
RooseveltWay_NE80thSt,86.7,86.7
RooseveltWay_NE80thSt,86.7,86.7
RooseveltWay_NE80thSt,86.7,86.7
RooseveltWay_NE80thSt,86.7,86.7
RooseveltWay_NE80thSt,86.6,86.6
RooseveltWay_NE80thSt,86.6,86.6
RooseveltWay_NE80thSt,86.6,86.6
HarborAveUpperNorthBridge,98.1,82.2
HarborAveUpperNorthBridge,98,82.2
HarborAveUpperNorthBridge,97.9,82.2
HarborAveUpperNorthBridge,97.8,82.1
HarborAveUpperNorthBridge,97.7,82.1
HarborAveUpperNorthBridge,97.6,82.1
HarborAveUpperNorthBridge,97.5,82.1
HarborAveUpperNorthBridge,97.5,82
HarborAveUpperNorthBridge,97.4,82
HarborAveUpperNorthBridge,97.3,81.9
HarborAveUpperNorthBridge,97.3,81.9
HarborAveUpperNorthBridge,97.2,81.9
HarborAveUpperNorthBridge,97.2,81.9
HarborAveUpperNorthBridge,97.1,81.9
HarborAveUpperNorthBridge,97.1,81.9
MagnoliaBridge,96.4,86.3
MagnoliaBridge,96.3,86.1
MagnoliaBridge,96.3,85.8
MagnoliaBridge,96.2,85.6
MagnoliaBridge,96.1,85.5
MagnoliaBridge,96,85.4
MagnoliaBridge,96,85.4
MagnoliaBridge,95.9,85.3
HarborAveUpperNorthBridge,85,74
HarborAveUpperNorthBridge,85.1,73.97
HarborAveUpperNorthBridge,85.2,74.04
HarborAveUpperNorthBridge,85.3,74.27
HarborAveUpperNorthBridge,85.4,74.13
HarborAveUpperNorthBridge,85.5,74.19
HarborAveUpperNorthBridge,85.6,74.18
HarborAveUpperNorthBridge,85.7,74.08
HarborAveUpperNorthBridge,85.8,74.2
HarborAveUpperNorthBridge,85.9,74.26
HarborAveUpperNorthBridge,86,74.47
HarborAveUpperNorthBridge,86.1,74.44
HarborAveUpperNorthBridge,86.2,74.01
HarborAveUpperNorthBridge,86.3,73.7
HarborAveUpperNorthBridge,86.4,73.57
AlbroPlaceAirportWay,82.8,76.9
AlbroPlaceAirportWay,82.8,76.76
AlbroPlaceAirportWay,82.8,76.71
AlbroPlaceAirportWay,82.8,76.85
AlbroPlaceAirportWay,82.9,77.06
AlbroPlaceAirportWay,82.9,77.24
AlbroPlaceAirportWay,82.9,77.55
AlbroPlaceAirportWay,82.9,77.93
AlbroPlaceAirportWay,82.9,78.01
AlbroPlaceAirportWay,83,77.73
AlbroPlaceAirportWay,83,77.79
AlbroPlaceAirportWay,83,77.89
AlbroPlaceAirportWay,83,77.86
AlbroPlaceAirportWay,83,77.74
AlbroPlaceAirportWay,83.1,77.74
SpokaneSwingBridge,94.2,76.65
SpokaneSwingBridge,94.2,76.76
SpokaneSwingBridge,94.3,76.88
SpokaneSwingBridge,94.4,76.88
SpokaneSwingBridge,94.5,76.86
SpokaneSwingBridge,94.6,76.66
SpokaneSwingBridge,94.7,76.6
SpokaneSwingBridge,94.7,76.6
SpokaneSwingBridge,94.8,76.3
SpokaneSwingBridge,94.9,76.3
SpokaneSwingBridge,95,76.43
SpokaneSwingBridge,95,76.55
SpokaneSwingBridge,95.1,76.44
SpokaneSwingBridge,95.2,76.73
SpokaneSwingBridge,95.2,76.83
RooseveltWay_NE80thSt,102.5,102.5
RooseveltWay_NE80thSt,102.5,102.5
RooseveltWay_NE80thSt,102.6,102.6
RooseveltWay_NE80thSt,102.7,102.7
RooseveltWay_NE80thSt,102.8,102.8
RooseveltWay_NE80thSt,102.9,102.9
RooseveltWay_NE80thSt,103,103
RooseveltWay_NE80thSt,103.1,103.1
RooseveltWay_NE80thSt,103.2,103.2
RooseveltWay_NE80thSt,103.3,103.3
RooseveltWay_NE80thSt,103.4,103.4
RooseveltWay_NE80thSt,103.5,103.5
RooseveltWay_NE80thSt,103.7,103.7
RooseveltWay_NE80thSt,103.8,103.8
RooseveltWay_NE80thSt,103.9,103.9
HarborAveUpperNorthBridge,94.2,76.65
HarborAveUpperNorthBridge,94.2,76.76
HarborAveUpperNorthBridge,94.3,76.88
HarborAveUpperNorthBridge,94.4,76.88
HarborAveUpperNorthBridge,94.5,76.86
HarborAveUpperNorthBridge,94.6,76.66
HarborAveUpperNorthBridge,94.7,76.6
HarborAveUpperNorthBridge,94.7,76.6
HarborAveUpperNorthBridge,94.8,76.3
HarborAveUpperNorthBridge,94.9,76.3
HarborAveUpperNorthBridge,95,76.43
HarborAveUpperNorthBridge,95,76.55
HarborAveUpperNorthBridge,95.1,76.44
HarborAveUpperNorthBridge,95.2,76.73
HarborAveUpperNorthBridge,95.2,76.83
MagnoliaBridge,96.9,79.65
MagnoliaBridge,97,79.73
MagnoliaBridge,97,79.69
MagnoliaBridge,97.1,79.7
MagnoliaBridge,97.2,79.91
MagnoliaBridge,97.3,80.1
MagnoliaBridge,97.4,80.2
MagnoliaBridge,97.4,80.3
MagnoliaBridge,97.5,80.2
MagnoliaBridge,97.6,80.3
MagnoliaBridge,97.7,80.3
MagnoliaBridge,97.8,80.1
MagnoliaBridge,97.9,80.2
MagnoliaBridge,98,80.3
MagnoliaBridge,98,80.5
AlbroPlaceAirportWay,89,85.2
MagnoliaBridge,85.8,77.68
SpokaneSwingBridge,78.65,69.99
AlbroPlaceAirportWay,81.1,73.59
AlbroPlaceAirportWay,81.1,73.6
AlbroPlaceAirportWay,81.1,73.66
AlbroPlaceAirportWay,81.1,73.71
AlbroPlaceAirportWay,81.2,73.48
AlbroPlaceAirportWay,81.2,73.45
AlbroPlaceAirportWay,81.2,73.4
AlbroPlaceAirportWay,81.2,73.47
AlbroPlaceAirportWay,81.2,73.48
AlbroPlaceAirportWay,81.2,73.51
AlbroPlaceAirportWay,81.2,73.56
AlbroPlaceAirportWay,81.2,73.51
AlbroPlaceAirportWay,81.2,73.26
AlbroPlaceAirportWay,81.2,73.24
AlbroPlaceAirportWay,81.2,73.17
SpokaneSwingBridge,82.9,73.58
SpokaneSwingBridge,83,73.6
SpokaneSwingBridge,83.1,73.55
SpokaneSwingBridge,83.2,73.51
SpokaneSwingBridge,83.4,73.35
SpokaneSwingBridge,83.5,73.22
SpokaneSwingBridge,83.6,73.22
SpokaneSwingBridge,83.7,73.15
SpokaneSwingBridge,83.8,73.3
SpokaneSwingBridge,83.9,73.47
SpokaneSwingBridge,84,73.43
SpokaneSwingBridge,84.1,73.44
SpokaneSwingBridge,84.2,73.61
SpokaneSwingBridge,84.3,73.59
SpokaneSwingBridge,84.4,73.58
RooseveltWay_NE80thSt,88.1,88.1
RooseveltWay_NE80thSt,88.3,88.3
RooseveltWay_NE80thSt,88.4,88.4
RooseveltWay_NE80thSt,88.5,88.5
RooseveltWay_NE80thSt,88.6,88.6
RooseveltWay_NE80thSt,88.7,88.7
RooseveltWay_NE80thSt,88.8,88.8
RooseveltWay_NE80thSt,89,89
RooseveltWay_NE80thSt,89.1,89.1
RooseveltWay_NE80thSt,89.3,89.3
RooseveltWay_NE80thSt,89.5,89.5
RooseveltWay_NE80thSt,89.6,89.6
RooseveltWay_NE80thSt,89.8,89.8
RooseveltWay_NE80thSt,90,90
RooseveltWay_NE80thSt,90.2,90.2
HarborAveUpperNorthBridge,82.9,73.58
HarborAveUpperNorthBridge,83,73.6
HarborAveUpperNorthBridge,83.1,73.55
HarborAveUpperNorthBridge,83.2,73.51
HarborAveUpperNorthBridge,83.4,73.35
HarborAveUpperNorthBridge,83.5,73.22
HarborAveUpperNorthBridge,83.6,73.22
HarborAveUpperNorthBridge,83.7,73.15
HarborAveUpperNorthBridge,83.8,73.3
HarborAveUpperNorthBridge,83.9,73.47
HarborAveUpperNorthBridge,84,73.43
HarborAveUpperNorthBridge,84.1,73.44
HarborAveUpperNorthBridge,84.2,73.61
HarborAveUpperNorthBridge,84.3,73.59
HarborAveUpperNorthBridge,84.4,73.58
AlbroPlaceAirportWay,84.6,66.56
AlbroPlaceAirportWay,84.6,66.55
AlbroPlaceAirportWay,84.6,66.66
AlbroPlaceAirportWay,84.6,66.69
AlbroPlaceAirportWay,84.6,66.6
SpokaneSwingBridge,73.35,65.19
SpokaneSwingBridge,73.35,65.17
SpokaneSwingBridge,73.33,65.14
SpokaneSwingBridge,73.3,65.07
SpokaneSwingBridge,73.3,65.06
SpokaneSwingBridge,73.27,65.01
SpokaneSwingBridge,73.25,64.98
SpokaneSwingBridge,73.24,64.91
SpokaneSwingBridge,73.2,64.83
SpokaneSwingBridge,73.19,64.8
SpokaneSwingBridge,73.16,64.73
SpokaneSwingBridge,73.14,64.66
SpokaneSwingBridge,73.13,64.64
SpokaneSwingBridge,73.1,64.64
SpokaneSwingBridge,73.09,64.64
RooseveltWay_NE80thSt,73.9,73.9
RooseveltWay_NE80thSt,73.88,73.88
RooseveltWay_NE80thSt,73.86,73.86
RooseveltWay_NE80thSt,73.86,73.86
RooseveltWay_NE80thSt,73.84,73.84
RooseveltWay_NE80thSt,73.82,73.82
RooseveltWay_NE80thSt,73.81,73.81
RooseveltWay_NE80thSt,73.81,73.81
RooseveltWay_NE80thSt,73.79,73.79
RooseveltWay_NE80thSt,73.77,73.77
RooseveltWay_NE80thSt,73.76,73.76
RooseveltWay_NE80thSt,73.76,73.76
RooseveltWay_NE80thSt,73.76,73.76
RooseveltWay_NE80thSt,73.74,73.74
RooseveltWay_NE80thSt,73.71,73.71
MagnoliaBridge,72.85,64.03
MagnoliaBridge,72.85,63.88
MagnoliaBridge,72.85,63.83
MagnoliaBridge,72.85,63.68
AlbroPlaceAirportWay,81.2,73.56
AlbroPlaceAirportWay,81.2,73.51
AlbroPlaceAirportWay,81.2,73.26
AlbroPlaceAirportWay,81.2,73.24
AlbroPlaceAirportWay,81.2,73.17
AlbroPlaceAirportWay,81.3,73.29
AlbroPlaceAirportWay,81.3,73.45
AlbroPlaceAirportWay,81.3,73.75
AlbroPlaceAirportWay,81.3,73.97
AlbroPlaceAirportWay,81.3,74.12
AlbroPlaceAirportWay,81.3,74.22
AlbroPlaceAirportWay,81.3,74.37
AlbroPlaceAirportWay,81.3,74.43
AlbroPlaceAirportWay,81.3,74.49
AlbroPlaceAirportWay,81.3,74.52
SpokaneSwingBridge,84,73.43
SpokaneSwingBridge,84.1,73.44
SpokaneSwingBridge,84.2,73.61
SpokaneSwingBridge,84.3,73.59
SpokaneSwingBridge,84.4,73.58
SpokaneSwingBridge,84.5,73.71
SpokaneSwingBridge,84.6,73.89
SpokaneSwingBridge,84.7,73.87
SpokaneSwingBridge,84.8,73.78
SpokaneSwingBridge,84.9,73.85
SpokaneSwingBridge,85,74
SpokaneSwingBridge,85.1,73.97
SpokaneSwingBridge,85.2,74.04
SpokaneSwingBridge,85.3,74.27
SpokaneSwingBridge,85.4,74.13
MagnoliaBridge,88.5,75.46
MagnoliaBridge,88.7,75.6
MagnoliaBridge,88.8,75.6
MagnoliaBridge,88.9,75.42
MagnoliaBridge,89,75.39
MagnoliaBridge,89.1,75.31
MagnoliaBridge,89.2,75.23
MagnoliaBridge,89.3,75.11
MagnoliaBridge,89.4,75.32
MagnoliaBridge,89.5,75.36
MagnoliaBridge,89.6,75.29
MagnoliaBridge,89.7,75.29
MagnoliaBridge,89.8,75.46
MagnoliaBridge,89.9,75.53
MagnoliaBridge,90,75.72
AlbroPlaceAirportWay,82.4,75.75
AlbroPlaceAirportWay,82.4,75.93
AlbroPlaceAirportWay,82.4,76.41
AlbroPlaceAirportWay,82.4,76.73
AlbroPlaceAirportWay,82.4,76.91
AlbroPlaceAirportWay,82.5,76.69
AlbroPlaceAirportWay,82.5,76.5
AlbroPlaceAirportWay,82.5,76.64
AlbroPlaceAirportWay,82.5,76.7
AlbroPlaceAirportWay,82.5,76.49
AlbroPlaceAirportWay,82.6,76.55
AlbroPlaceAirportWay,82.6,76.35
AlbroPlaceAirportWay,82.6,76.14
AlbroPlaceAirportWay,82.6,76.1
AlbroPlaceAirportWay,82.6,76.03
RooseveltWay_NE80thSt,101.2,101.2
RooseveltWay_NE80thSt,101.3,101.3
RooseveltWay_NE80thSt,101.4,101.4
RooseveltWay_NE80thSt,101.5,101.5
RooseveltWay_NE80thSt,101.5,101.5
RooseveltWay_NE80thSt,101.6,101.6
RooseveltWay_NE80thSt,101.7,101.7
RooseveltWay_NE80thSt,101.8,101.8
RooseveltWay_NE80thSt,101.8,101.8
RooseveltWay_NE80thSt,101.9,101.9
RooseveltWay_NE80thSt,102,102
RooseveltWay_NE80thSt,102.1,102.1
RooseveltWay_NE80thSt,102.1,102.1
RooseveltWay_NE80thSt,102.2,102.2
RooseveltWay_NE80thSt,102.2,102.2
MagnoliaBridge,94.9,77.89
MagnoliaBridge,95,77.82
MagnoliaBridge,95.1,78.02
MagnoliaBridge,95.2,78.26
MagnoliaBridge,95.3,78.46
MagnoliaBridge,95.4,78.43
MagnoliaBridge,95.5,78.41
MagnoliaBridge,95.6,78.59
MagnoliaBridge,95.7,78.54
MagnoliaBridge,95.8,78.61
MagnoliaBridge,95.9,78.47
MagnoliaBridge,96,78.53
MagnoliaBridge,96,78.64
MagnoliaBridge,96.1,78.69
MagnoliaBridge,96.2,78.84
HarborAveUpperNorthBridge,92.6,76.14
HarborAveUpperNorthBridge,92.7,76.34
HarborAveUpperNorthBridge,92.7,76.3
HarborAveUpperNorthBridge,92.8,76.37
HarborAveUpperNorthBridge,92.9,76.65
HarborAveUpperNorthBridge,93,76.55
HarborAveUpperNorthBridge,93,76.61
HarborAveUpperNorthBridge,93.1,76.58
HarborAveUpperNorthBridge,93.2,76.58
HarborAveUpperNorthBridge,93.3,76.49
HarborAveUpperNorthBridge,93.4,76.29
HarborAveUpperNorthBridge,78.66,71.72
HarborAveUpperNorthBridge,78.78,71.74
HarborAveUpperNorthBridge,78.89,71.83
HarborAveUpperNorthBridge,79.01,71.83
HarborAveUpperNorthBridge,79.12,72.03
HarborAveUpperNorthBridge,79.23,72.09
HarborAveUpperNorthBridge,79.35,72.07
HarborAveUpperNorthBridge,79.46,72.06
HarborAveUpperNorthBridge,79.56,72
HarborAveUpperNorthBridge,79.67,71.98
MagnoliaBridge,80.4,70.21
MagnoliaBridge,80.4,70.04
MagnoliaBridge,80.5,70.12
MagnoliaBridge,80.5,70.44
MagnoliaBridge,80.6,70.69
MagnoliaBridge,80.8,71.27
MagnoliaBridge,81,72.01
MagnoliaBridge,81.1,72.81
MagnoliaBridge,81.3,73.56
MagnoliaBridge,81.5,74.22
MagnoliaBridge,81.7,74.76
MagnoliaBridge,81.9,74.92
MagnoliaBridge,82.1,74.6
MagnoliaBridge,82.3,74.34
MagnoliaBridge,82.5,74.36
AlbroPlaceAirportWay,81.1,72.76
AlbroPlaceAirportWay,81.1,72.56
AlbroPlaceAirportWay,81.1,72.6
AlbroPlaceAirportWay,81.1,72.79
AlbroPlaceAirportWay,81,72.86
AlbroPlaceAirportWay,81.1,72.98
AlbroPlaceAirportWay,81,72.73
AlbroPlaceAirportWay,81.1,72.4
AlbroPlaceAirportWay,81.1,72.26
AlbroPlaceAirportWay,81.1,72.14
AlbroPlaceAirportWay,81.1,72.06
AlbroPlaceAirportWay,81.1,72.13
AlbroPlaceAirportWay,81.1,71.99
AlbroPlaceAirportWay,81.1,71.62
AlbroPlaceAirportWay,81.1,71.41
SpokaneSwingBridge,79.23,72.09
SpokaneSwingBridge,79.35,72.07
SpokaneSwingBridge,79.46,72.06
SpokaneSwingBridge,79.56,72
SpokaneSwingBridge,79.67,71.98
SpokaneSwingBridge,79.77,71.92
SpokaneSwingBridge,79.88,71.93
SpokaneSwingBridge,79.98,72.14
SpokaneSwingBridge,80.1,72.32
SpokaneSwingBridge,80.2,72.44
SpokaneSwingBridge,80.3,72.72
SpokaneSwingBridge,80.4,72.77
SpokaneSwingBridge,80.5,72.45
SpokaneSwingBridge,80.6,72.33
SpokaneSwingBridge,80.7,72.38
RooseveltWay_NE80thSt,81.3,81.3
RooseveltWay_NE80thSt,81.3,81.3
RooseveltWay_NE80thSt,81.4,81.4
RooseveltWay_NE80thSt,81.4,81.4
RooseveltWay_NE80thSt,81.5,81.5
RooseveltWay_NE80thSt,81.6,81.6
RooseveltWay_NE80thSt,81.7,81.7
RooseveltWay_NE80thSt,81.9,81.9
RooseveltWay_NE80thSt,82.1,82.1
RooseveltWay_NE80thSt,82.3,82.3
RooseveltWay_NE80thSt,82.5,82.5
RooseveltWay_NE80thSt,82.8,82.8
RooseveltWay_NE80thSt,83.1,83.1
RooseveltWay_NE80thSt,83.4,83.4
RooseveltWay_NE80thSt,83.7,83.7
HarborAveUpperNorthBridge,79.23,72.09
HarborAveUpperNorthBridge,79.35,72.07
HarborAveUpperNorthBridge,79.46,72.06
HarborAveUpperNorthBridge,79.56,72
HarborAveUpperNorthBridge,79.67,71.98
HarborAveUpperNorthBridge,79.77,71.92
HarborAveUpperNorthBridge,79.88,71.93
HarborAveUpperNorthBridge,79.98,72.14
HarborAveUpperNorthBridge,80.1,72.32
HarborAveUpperNorthBridge,80.2,72.44
HarborAveUpperNorthBridge,80.3,72.72
HarborAveUpperNorthBridge,80.4,72.77
HarborAveUpperNorthBridge,80.5,72.45
HarborAveUpperNorthBridge,80.6,72.33
HarborAveUpperNorthBridge,80.7,72.38
MagnoliaBridge,81.7,74.76
MagnoliaBridge,81.9,74.92
MagnoliaBridge,82.1,74.6
MagnoliaBridge,82.3,74.34
MagnoliaBridge,82.5,74.36
MagnoliaBridge,82.6,74.32
MagnoliaBridge,82.8,74.28
MagnoliaBridge,83,74.31
MagnoliaBridge,83.1,74.25
MagnoliaBridge,83.3,74.26
MagnoliaBridge,83.5,74.42
MagnoliaBridge,83.6,74.75
MagnoliaBridge,83.8,75.01
MagnoliaBridge,84,75.09
MagnoliaBridge,84.2,75.22
AlbroPlaceAirportWay,81.9,66.83
AlbroPlaceAirportWay,81.9,67.04
AlbroPlaceAirportWay,81.9,67.15
AlbroPlaceAirportWay,81.9,67.15
AlbroPlaceAirportWay,81.9,67.08
AlbroPlaceAirportWay,81.9,67.01
AlbroPlaceAirportWay,81.9,67.09
AlbroPlaceAirportWay,81.9,67.15
AlbroPlaceAirportWay,81.9,67.21
AlbroPlaceAirportWay,81.8,67.27
AlbroPlaceAirportWay,81.8,67.3
AlbroPlaceAirportWay,81.8,67.34
AlbroPlaceAirportWay,81.8,67.29
AlbroPlaceAirportWay,81.8,67.33
AlbroPlaceAirportWay,81.8,67.43
HarborAveUpperNorthBridge,71.8,66.52
HarborAveUpperNorthBridge,71.86,66.49
HarborAveUpperNorthBridge,71.92,66.61
HarborAveUpperNorthBridge,71.98,66.76
HarborAveUpperNorthBridge,72.04,66.7
HarborAveUpperNorthBridge,72.1,66.68
HarborAveUpperNorthBridge,72.17,66.76
HarborAveUpperNorthBridge,72.23,66.91
HarborAveUpperNorthBridge,72.29,66.95
HarborAveUpperNorthBridge,72.36,67.01
HarborAveUpperNorthBridge,72.43,67.11
HarborAveUpperNorthBridge,72.49,67.07
HarborAveUpperNorthBridge,72.56,67
HarborAveUpperNorthBridge,72.62,67.1
HarborAveUpperNorthBridge,72.69,67.2
RooseveltWay_NE80thSt,73.99,73.99
RooseveltWay_NE80thSt,74.05,74.05
RooseveltWay_NE80thSt,74.1,74.1
RooseveltWay_NE80thSt,74.16,74.16
RooseveltWay_NE80thSt,74.21,74.21
RooseveltWay_NE80thSt,74.28,74.28
RooseveltWay_NE80thSt,74.36,74.36
RooseveltWay_NE80thSt,74.41,74.41
RooseveltWay_NE80thSt,74.47,74.47
RooseveltWay_NE80thSt,74.5,74.5
RooseveltWay_NE80thSt,74.54,74.54
RooseveltWay_NE80thSt,74.57,74.57
RooseveltWay_NE80thSt,74.59,74.59
RooseveltWay_NE80thSt,74.62,74.62
RooseveltWay_NE80thSt,74.65,74.65
MagnoliaBridge,73.11,66.38
MagnoliaBridge,73.22,66.36
MagnoliaBridge,73.31,66.32
MagnoliaBridge,73.4,66.42
MagnoliaBridge,73.5,66.38
MagnoliaBridge,73.6,66.35
MagnoliaBridge,73.69,66.34
MagnoliaBridge,73.76,66.48
MagnoliaBridge,73.81,66.65
MagnoliaBridge,73.89,66.77
MagnoliaBridge,73.97,66.89
MagnoliaBridge,74.06,67.03
MagnoliaBridge,74.14,67.05
MagnoliaBridge,74.23,67.1
MagnoliaBridge,74.31,67.22
HarborAveUpperNorthBridge,88.9,75.19
AlbroPlaceAirportWay,91.8,78.86
AlbroPlaceAirportWay,91.8,78.81
AlbroPlaceAirportWay,91.7,78.68
AlbroPlaceAirportWay,91.7,78.56
AlbroPlaceAirportWay,91.7,78.49
AlbroPlaceAirportWay,91.7,78.36
AlbroPlaceAirportWay,91.7,78.23
AlbroPlaceAirportWay,91.7,78.1
AlbroPlaceAirportWay,91.7,77.98
AlbroPlaceAirportWay,91.7,77.88
AlbroPlaceAirportWay,91.7,77.85
AlbroPlaceAirportWay,91.7,77.81
AlbroPlaceAirportWay,91.7,77.79
AlbroPlaceAirportWay,91.7,77.75
AlbroPlaceAirportWay,91.7,77.7
HarborAveUpperNorthBridge,88.2,77.2
HarborAveUpperNorthBridge,88.1,77.12
HarborAveUpperNorthBridge,88,77
HarborAveUpperNorthBridge,88,76.88
HarborAveUpperNorthBridge,87.9,76.81
HarborAveUpperNorthBridge,87.9,76.7
HarborAveUpperNorthBridge,87.8,76.57
HarborAveUpperNorthBridge,87.8,76.42
HarborAveUpperNorthBridge,87.7,76.31
HarborAveUpperNorthBridge,87.7,76.2
HarborAveUpperNorthBridge,87.6,76.09
HarborAveUpperNorthBridge,87.6,76
HarborAveUpperNorthBridge,87.5,75.92
HarborAveUpperNorthBridge,87.5,75.83
HarborAveUpperNorthBridge,87.4,75.74
AlbroPlaceAirportWay,83.2,65.19
AlbroPlaceAirportWay,83.2,65.12
AlbroPlaceAirportWay,83.2,65.14
AlbroPlaceAirportWay,83.1,65.15
AlbroPlaceAirportWay,83.1,65.12
AlbroPlaceAirportWay,83.1,65.19
AlbroPlaceAirportWay,83.1,65.23
AlbroPlaceAirportWay,83.1,65.26
AlbroPlaceAirportWay,83,65.19
AlbroPlaceAirportWay,83,65.21
AlbroPlaceAirportWay,83,65.21
AlbroPlaceAirportWay,83,65.38
AlbroPlaceAirportWay,83,65.45
AlbroPlaceAirportWay,83,65.38
AlbroPlaceAirportWay,83,65.39
RooseveltWay_NE80thSt,72.28,72.28
RooseveltWay_NE80thSt,72.28,72.28
RooseveltWay_NE80thSt,72.3,72.3
RooseveltWay_NE80thSt,72.31,72.31
RooseveltWay_NE80thSt,72.31,72.31
RooseveltWay_NE80thSt,72.32,72.32
RooseveltWay_NE80thSt,72.32,72.32
RooseveltWay_NE80thSt,72.32,72.32
RooseveltWay_NE80thSt,72.32,72.32
RooseveltWay_NE80thSt,72.32,72.32
RooseveltWay_NE80thSt,72.32,72.32
RooseveltWay_NE80thSt,72.32,72.32
RooseveltWay_NE80thSt,72.32,72.32
RooseveltWay_NE80thSt,72.32,72.32
RooseveltWay_NE80thSt,72.32,72.32
MagnoliaBridge,71.32,62.89
MagnoliaBridge,71.3,62.8
MagnoliaBridge,71.27,62.71
MagnoliaBridge,71.27,62.67
MagnoliaBridge,71.27,62.69
MagnoliaBridge,71.25,62.68
MagnoliaBridge,71.24,62.68
MagnoliaBridge,71.23,62.71
MagnoliaBridge,71.22,62.73
MagnoliaBridge,71.22,62.71
MagnoliaBridge,71.22,62.71
MagnoliaBridge,71.22,62.7
MagnoliaBridge,71.22,62.65
MagnoliaBridge,71.22,62.62
MagnoliaBridge,71.22,62.54
HarborAveUpperNorthBridge,70.82,64.92
HarborAveUpperNorthBridge,70.81,64.92
HarborAveUpperNorthBridge,70.8,64.92
HarborAveUpperNorthBridge,70.79,64.92
HarborAveUpperNorthBridge,70.79,64.88
HarborAveUpperNorthBridge,70.78,64.9
HarborAveUpperNorthBridge,70.78,64.96
HarborAveUpperNorthBridge,70.78,65.03
HarborAveUpperNorthBridge,70.78,65.11
HarborAveUpperNorthBridge,70.78,65.23
HarborAveUpperNorthBridge,70.79,65.41
HarborAveUpperNorthBridge,70.8,65.55
HarborAveUpperNorthBridge,70.82,65.69
HarborAveUpperNorthBridge,70.82,65.78
HarborAveUpperNorthBridge,70.82,65.82
SpokaneSwingBridge,78.62,69.99
SpokaneSwingBridge,78.6,69.99
SpokaneSwingBridge,78.58,69.99
SpokaneSwingBridge,78.55,69.99
SpokaneSwingBridge,78.51,69.99
SpokaneSwingBridge,78.49,69.99
RooseveltWay_NE80thSt,76.8,76.8
RooseveltWay_NE80thSt,76.79,76.79
RooseveltWay_NE80thSt,76.76,76.76
RooseveltWay_NE80thSt,76.76,76.76
RooseveltWay_NE80thSt,76.76,76.76
RooseveltWay_NE80thSt,76.75,76.75
RooseveltWay_NE80thSt,76.74,76.74
RooseveltWay_NE80thSt,76.71,76.71
RooseveltWay_NE80thSt,76.7,76.7
RooseveltWay_NE80thSt,76.7,76.7
RooseveltWay_NE80thSt,76.7,76.7
RooseveltWay_NE80thSt,76.68,76.68
RooseveltWay_NE80thSt,76.66,76.66
RooseveltWay_NE80thSt,76.65,76.65
RooseveltWay_NE80thSt,76.65,76.65
MagnoliaBridge,76.91,68.44
MagnoliaBridge,76.91,68.46
MagnoliaBridge,76.91,68.46
MagnoliaBridge,76.91,68.42
MagnoliaBridge,76.88,68.39
MagnoliaBridge,76.86,68.32
MagnoliaBridge,76.84,68.24
MagnoliaBridge,76.81,68.16
MagnoliaBridge,76.8,68.09
MagnoliaBridge,76.78,68.02
MagnoliaBridge,76.75,67.96
MagnoliaBridge,76.75,67.92
MagnoliaBridge,76.71,67.88
MagnoliaBridge,76.7,67.77
MagnoliaBridge,76.7,67.7
HarborAveUpperNorthBridge,78.79,70.17
HarborAveUpperNorthBridge,78.77,70.12
HarborAveUpperNorthBridge,78.74,70.08
HarborAveUpperNorthBridge,78.71,70.05
AlbroPlaceAirportWay,84.2,65.21
AlbroPlaceAirportWay,84.2,65.21
AlbroPlaceAirportWay,84.1,65.2
AlbroPlaceAirportWay,84.1,65.19
AlbroPlaceAirportWay,84.1,65.2
AlbroPlaceAirportWay,84.1,65.16
AlbroPlaceAirportWay,84.1,65.2
AlbroPlaceAirportWay,84.1,65.26
AlbroPlaceAirportWay,84,65.28
AlbroPlaceAirportWay,84,65.26
AlbroPlaceAirportWay,84,65.22
AlbroPlaceAirportWay,84,65.22
AlbroPlaceAirportWay,84,65.17
AlbroPlaceAirportWay,83.9,65.16
AlbroPlaceAirportWay,83.9,65.16
RooseveltWay_NE80thSt,72.86,72.86
RooseveltWay_NE80thSt,72.84,72.84
RooseveltWay_NE80thSt,72.83,72.83
RooseveltWay_NE80thSt,72.8,72.8
RooseveltWay_NE80thSt,72.78,72.78
RooseveltWay_NE80thSt,72.77,72.77
RooseveltWay_NE80thSt,72.74,72.74
RooseveltWay_NE80thSt,72.73,72.73
RooseveltWay_NE80thSt,72.73,72.73
RooseveltWay_NE80thSt,72.71,72.71
RooseveltWay_NE80thSt,72.68,72.68
RooseveltWay_NE80thSt,72.68,72.68
RooseveltWay_NE80thSt,72.66,72.66
RooseveltWay_NE80thSt,72.64,72.64
RooseveltWay_NE80thSt,72.63,72.63
MagnoliaBridge,72.13,63.19
MagnoliaBridge,72.11,63.23
MagnoliaBridge,72.09,63.29
MagnoliaBridge,72.08,63.35
MagnoliaBridge,72.06,63.35
MagnoliaBridge,72.03,63.39
MagnoliaBridge,72.03,63.44
MagnoliaBridge,72.03,63.44
MagnoliaBridge,71.99,63.45
MagnoliaBridge,71.97,63.49
MagnoliaBridge,71.93,63.47
MagnoliaBridge,71.93,63.47
MagnoliaBridge,71.91,63.44
MagnoliaBridge,71.88,63.44
MagnoliaBridge,71.87,63.44
SpokaneSwingBridge,71.65,64.71
SpokaneSwingBridge,71.63,64.76
SpokaneSwingBridge,71.6,64.78
SpokaneSwingBridge,71.59,64.73
SpokaneSwingBridge,71.56,64.65
SpokaneSwingBridge,71.55,64.6
SpokaneSwingBridge,71.52,64.59
SpokaneSwingBridge,71.49,64.57
SpokaneSwingBridge,71.49,64.58
SpokaneSwingBridge,71.46,64.54
SpokaneSwingBridge,71.44,64.52
SpokaneSwingBridge,71.43,64.54
SpokaneSwingBridge,71.4,64.58
SpokaneSwingBridge,71.39,64.63
SpokaneSwingBridge,71.37,64.65
HarborAveUpperNorthBridge,71.65,64.71
HarborAveUpperNorthBridge,71.63,64.76
HarborAveUpperNorthBridge,71.6,64.78
HarborAveUpperNorthBridge,71.59,64.73
HarborAveUpperNorthBridge,71.56,64.65
HarborAveUpperNorthBridge,71.55,64.6
HarborAveUpperNorthBridge,71.52,64.59
HarborAveUpperNorthBridge,71.49,64.57
HarborAveUpperNorthBridge,71.49,64.58
HarborAveUpperNorthBridge,71.46,64.54
HarborAveUpperNorthBridge,71.44,64.52
HarborAveUpperNorthBridge,71.43,64.54
HarborAveUpperNorthBridge,71.4,64.58
HarborAveUpperNorthBridge,71.39,64.63
HarborAveUpperNorthBridge,71.37,64.65
MagnoliaBridge,85.7,77.61
MagnoliaBridge,85.7,77.55
MagnoliaBridge,85.6,77.51
MagnoliaBridge,85.6,77.46
MagnoliaBridge,85.5,77.39
MagnoliaBridge,85.5,77.35
MagnoliaBridge,85.4,77.27
RooseveltWay_NE80thSt,82,82
RooseveltWay_NE80thSt,82,82
RooseveltWay_NE80thSt,82,82
RooseveltWay_NE80thSt,82,82
RooseveltWay_NE80thSt,81.9,81.9
RooseveltWay_NE80thSt,81.9,81.9
RooseveltWay_NE80thSt,81.9,81.9
RooseveltWay_NE80thSt,81.8,81.8
RooseveltWay_NE80thSt,81.8,81.8
RooseveltWay_NE80thSt,81.8,81.8
RooseveltWay_NE80thSt,81.8,81.8
RooseveltWay_NE80thSt,81.7,81.7
RooseveltWay_NE80thSt,81.7,81.7
RooseveltWay_NE80thSt,81.7,81.7
RooseveltWay_NE80thSt,81.6,81.6
MagnoliaBridge,84.5,74.6
MagnoliaBridge,84.5,74.6
MagnoliaBridge,84.4,74.42
AlbroPlaceAirportWay,82.6,76.55
AlbroPlaceAirportWay,82.6,76.35
AlbroPlaceAirportWay,82.6,76.14
AlbroPlaceAirportWay,82.6,76.1
AlbroPlaceAirportWay,82.6,76.03
AlbroPlaceAirportWay,82.6,76.16
AlbroPlaceAirportWay,82.7,76.26
AlbroPlaceAirportWay,82.7,76.26
AlbroPlaceAirportWay,82.7,76.46
AlbroPlaceAirportWay,82.8,76.55
AlbroPlaceAirportWay,82.8,76.9
AlbroPlaceAirportWay,82.8,76.76
AlbroPlaceAirportWay,82.8,76.71
AlbroPlaceAirportWay,82.8,76.85
AlbroPlaceAirportWay,82.9,77.06
RooseveltWay_NE80thSt,102,102
RooseveltWay_NE80thSt,102.1,102.1
RooseveltWay_NE80thSt,102.1,102.1
RooseveltWay_NE80thSt,102.2,102.2
RooseveltWay_NE80thSt,102.2,102.2
RooseveltWay_NE80thSt,102.3,102.3
RooseveltWay_NE80thSt,102.3,102.3
RooseveltWay_NE80thSt,102.3,102.3
RooseveltWay_NE80thSt,102.4,102.4
RooseveltWay_NE80thSt,102.4,102.4
RooseveltWay_NE80thSt,102.5,102.5
RooseveltWay_NE80thSt,102.5,102.5
RooseveltWay_NE80thSt,102.6,102.6
RooseveltWay_NE80thSt,102.7,102.7
RooseveltWay_NE80thSt,102.8,102.8
MagnoliaBridge,95.9,78.47
MagnoliaBridge,96,78.53
MagnoliaBridge,96,78.64
MagnoliaBridge,96.1,78.69
MagnoliaBridge,96.2,78.84
MagnoliaBridge,96.3,78.72
MagnoliaBridge,96.5,78.87
MagnoliaBridge,96.6,79.11
MagnoliaBridge,96.7,79.38
MagnoliaBridge,96.8,79.59
MagnoliaBridge,96.9,79.65
MagnoliaBridge,97,79.73
MagnoliaBridge,97,79.69
MagnoliaBridge,97.1,79.7
MagnoliaBridge,97.2,79.91
HarborAveUpperNorthBridge,93.4,76.29
HarborAveUpperNorthBridge,93.5,76.2
HarborAveUpperNorthBridge,93.6,76.31
HarborAveUpperNorthBridge,93.6,76.22
HarborAveUpperNorthBridge,93.7,76.25
HarborAveUpperNorthBridge,93.8,76.49
HarborAveUpperNorthBridge,93.9,76.43
HarborAveUpperNorthBridge,93.9,76.33
HarborAveUpperNorthBridge,94,76.51
HarborAveUpperNorthBridge,94.1,76.5
HarborAveUpperNorthBridge,94.2,76.65
HarborAveUpperNorthBridge,94.2,76.76
HarborAveUpperNorthBridge,94.3,76.88
HarborAveUpperNorthBridge,94.4,76.88
HarborAveUpperNorthBridge,94.5,76.86
HarborAveUpperNorthBridge,95,76.43
HarborAveUpperNorthBridge,95,76.55
HarborAveUpperNorthBridge,95.1,76.44
HarborAveUpperNorthBridge,95.2,76.73
HarborAveUpperNorthBridge,95.2,76.83
HarborAveUpperNorthBridge,95.3,77.04
HarborAveUpperNorthBridge,95.4,77.29
HarborAveUpperNorthBridge,95.4,77.54
HarborAveUpperNorthBridge,95.5,77.6
HarborAveUpperNorthBridge,95.6,77.48
HarborAveUpperNorthBridge,95.7,77.36
HarborAveUpperNorthBridge,95.8,77.43
HarborAveUpperNorthBridge,95.8,77.51
HarborAveUpperNorthBridge,95.9,77.5
HarborAveUpperNorthBridge,96,77.53
RooseveltWay_NE80thSt,103.4,103.4
RooseveltWay_NE80thSt,103.5,103.5
RooseveltWay_NE80thSt,103.7,103.7
RooseveltWay_NE80thSt,103.8,103.8
RooseveltWay_NE80thSt,103.9,103.9
RooseveltWay_NE80thSt,104,104
RooseveltWay_NE80thSt,104.1,104.1
RooseveltWay_NE80thSt,104.1,104.1
RooseveltWay_NE80thSt,104.2,104.2
RooseveltWay_NE80thSt,104.3,104.3
RooseveltWay_NE80thSt,104.4,104.4
RooseveltWay_NE80thSt,104.5,104.5
RooseveltWay_NE80thSt,104.6,104.6
RooseveltWay_NE80thSt,104.6,104.6
RooseveltWay_NE80thSt,104.7,104.7
SpokaneSwingBridge,95,76.43
SpokaneSwingBridge,95,76.55
SpokaneSwingBridge,95.1,76.44
SpokaneSwingBridge,95.2,76.73
SpokaneSwingBridge,95.2,76.83
SpokaneSwingBridge,95.3,77.04
SpokaneSwingBridge,95.4,77.29
SpokaneSwingBridge,95.4,77.54
SpokaneSwingBridge,73.09,65.21
SpokaneSwingBridge,73.08,65.2
SpokaneSwingBridge,73.04,65.11
SpokaneSwingBridge,73.03,65.18
SpokaneSwingBridge,73,65.14
SpokaneSwingBridge,72.97,64.98
SpokaneSwingBridge,72.94,64.87
SpokaneSwingBridge,72.92,64.81
SpokaneSwingBridge,72.88,64.74
SpokaneSwingBridge,72.86,64.65
SpokaneSwingBridge,72.83,64.57
SpokaneSwingBridge,72.81,64.59
SpokaneSwingBridge,72.78,64.56
SpokaneSwingBridge,72.74,64.56
SpokaneSwingBridge,72.73,64.63
MagnoliaBridge,73.38,63.98
MagnoliaBridge,73.36,63.94
MagnoliaBridge,73.32,63.91
MagnoliaBridge,73.3,63.89
MagnoliaBridge,73.26,63.82
MagnoliaBridge,73.24,63.79
MagnoliaBridge,73.21,63.76
MagnoliaBridge,73.18,63.73
MagnoliaBridge,73.16,63.75
MagnoliaBridge,73.16,63.77
MagnoliaBridge,73.11,63.77
MagnoliaBridge,73.1,63.81
MagnoliaBridge,73.06,63.83
MagnoliaBridge,73.05,63.82
MagnoliaBridge,73.03,63.81
HarborAveUpperNorthBridge,73.04,65.11
HarborAveUpperNorthBridge,73.03,65.18
HarborAveUpperNorthBridge,73,65.14
HarborAveUpperNorthBridge,72.97,64.98
HarborAveUpperNorthBridge,72.94,64.87
HarborAveUpperNorthBridge,72.92,64.81
HarborAveUpperNorthBridge,72.88,64.74
HarborAveUpperNorthBridge,72.86,64.65
HarborAveUpperNorthBridge,72.83,64.57
HarborAveUpperNorthBridge,72.81,64.59
HarborAveUpperNorthBridge,72.78,64.56
HarborAveUpperNorthBridge,72.74,64.56
HarborAveUpperNorthBridge,72.73,64.63
HarborAveUpperNorthBridge,72.7,64.78
HarborAveUpperNorthBridge,72.68,64.9
RooseveltWay_NE80thSt,72.32,72.32
RooseveltWay_NE80thSt,72.32,72.32
RooseveltWay_NE80thSt,72.32,72.32
RooseveltWay_NE80thSt,72.32,72.32
RooseveltWay_NE80thSt,72.32,72.32
RooseveltWay_NE80thSt,72.33,72.33
RooseveltWay_NE80thSt,72.34,72.34
RooseveltWay_NE80thSt,72.36,72.36
RooseveltWay_NE80thSt,72.36,72.36
RooseveltWay_NE80thSt,72.36,72.36
RooseveltWay_NE80thSt,72.37,72.37
RooseveltWay_NE80thSt,72.38,72.38
RooseveltWay_NE80thSt,72.39,72.39
RooseveltWay_NE80thSt,72.41,72.41
RooseveltWay_NE80thSt,72.41,72.41
MagnoliaBridge,71.22,62.71
MagnoliaBridge,71.22,62.7
MagnoliaBridge,71.22,62.65
MagnoliaBridge,71.22,62.62
MagnoliaBridge,71.22,62.54
MagnoliaBridge,71.22,62.51
MagnoliaBridge,71.2,62.52
MagnoliaBridge,71.19,62.52
MagnoliaBridge,71.17,62.49
MagnoliaBridge,71.17,62.48
MagnoliaBridge,71.17,62.52
MagnoliaBridge,71.17,62.53
MagnoliaBridge,71.17,62.53
MagnoliaBridge,71.17,62.53
MagnoliaBridge,71.17,62.56
AlbroPlaceAirportWay,82.9,65.41
AlbroPlaceAirportWay,82.9,65.47
AlbroPlaceAirportWay,82.8,65.66
AlbroPlaceAirportWay,82.8,65.85
AlbroPlaceAirportWay,82.8,66.01
AlbroPlaceAirportWay,82.8,66.05
AlbroPlaceAirportWay,82.8,65.95
AlbroPlaceAirportWay,82.7,65.86
AlbroPlaceAirportWay,82.7,65.78
AlbroPlaceAirportWay,82.7,65.69
AlbroPlaceAirportWay,82.7,65.58
AlbroPlaceAirportWay,82.7,65.51
AlbroPlaceAirportWay,82.7,65.47
AlbroPlaceAirportWay,82.7,65.51
AlbroPlaceAirportWay,82.6,65.54
RooseveltWay_NE80thSt,72.37,72.37
RooseveltWay_NE80thSt,72.38,72.38
RooseveltWay_NE80thSt,72.39,72.39
RooseveltWay_NE80thSt,72.41,72.41
RooseveltWay_NE80thSt,72.41,72.41
RooseveltWay_NE80thSt,72.42,72.42
RooseveltWay_NE80thSt,72.42,72.42
RooseveltWay_NE80thSt,72.43,72.43
RooseveltWay_NE80thSt,72.44,72.44
RooseveltWay_NE80thSt,72.46,72.46
RooseveltWay_NE80thSt,72.47,72.47
AlbroPlaceAirportWay,84.6,65.26
AlbroPlaceAirportWay,84.6,65.24
AlbroPlaceAirportWay,84.6,65.19
AlbroPlaceAirportWay,84.6,65.14
AlbroPlaceAirportWay,84.6,65.14
AlbroPlaceAirportWay,84.6,65.15
AlbroPlaceAirportWay,84.5,65.14
AlbroPlaceAirportWay,84.5,65.11
AlbroPlaceAirportWay,84.5,65.14
AlbroPlaceAirportWay,84.5,65.15
AlbroPlaceAirportWay,84.5,65.2
AlbroPlaceAirportWay,84.5,65.2
AlbroPlaceAirportWay,84.5,65.16
AlbroPlaceAirportWay,84.4,65.15
AlbroPlaceAirportWay,84.4,65.12
RooseveltWay_NE80thSt,73.39,73.39
RooseveltWay_NE80thSt,73.39,73.39
RooseveltWay_NE80thSt,73.35,73.35
RooseveltWay_NE80thSt,73.34,73.34
RooseveltWay_NE80thSt,73.34,73.34
RooseveltWay_NE80thSt,73.31,73.31
RooseveltWay_NE80thSt,73.29,73.29
RooseveltWay_NE80thSt,73.26,73.26
RooseveltWay_NE80thSt,73.24,73.24
RooseveltWay_NE80thSt,73.24,73.24
RooseveltWay_NE80thSt,73.23,73.23
RooseveltWay_NE80thSt,73.2,73.2
RooseveltWay_NE80thSt,73.18,73.18
RooseveltWay_NE80thSt,73.16,73.16
RooseveltWay_NE80thSt,73.14,73.14
HarborAveUpperNorthBridge,72.29,64.87
HarborAveUpperNorthBridge,72.26,64.89
HarborAveUpperNorthBridge,72.25,64.88
HarborAveUpperNorthBridge,72.21,64.88
HarborAveUpperNorthBridge,72.21,64.88
HarborAveUpperNorthBridge,72.18,64.91
HarborAveUpperNorthBridge,72.16,64.96
HarborAveUpperNorthBridge,72.13,64.97
HarborAveUpperNorthBridge,72.11,64.97
HarborAveUpperNorthBridge,72.1,64.97
HarborAveUpperNorthBridge,72.06,64.97
HarborAveUpperNorthBridge,72.05,64.97
HarborAveUpperNorthBridge,72.02,64.94
HarborAveUpperNorthBridge,72.01,64.97
HarborAveUpperNorthBridge,71.99,64.92
SpokaneSwingBridge,72.29,64.87
SpokaneSwingBridge,72.26,64.89
SpokaneSwingBridge,72.25,64.88
SpokaneSwingBridge,72.21,64.88
SpokaneSwingBridge,72.21,64.88
SpokaneSwingBridge,72.18,64.91
SpokaneSwingBridge,72.16,64.96
SpokaneSwingBridge,72.13,64.97
SpokaneSwingBridge,72.11,64.97
SpokaneSwingBridge,72.1,64.97
SpokaneSwingBridge,72.06,64.97
SpokaneSwingBridge,72.05,64.97
SpokaneSwingBridge,72.02,64.94
SpokaneSwingBridge,72.01,64.97
SpokaneSwingBridge,71.99,64.92
SpokaneSwingBridge,102,82.6
SpokaneSwingBridge,101.9,82.6
SpokaneSwingBridge,101.9,82.6
SpokaneSwingBridge,101.8,82.7
SpokaneSwingBridge,101.8,82.8
SpokaneSwingBridge,101.8,82.9
SpokaneSwingBridge,101.7,82.9
SpokaneSwingBridge,101.7,82.9
SpokaneSwingBridge,101.7,83
SpokaneSwingBridge,101.7,83.2
SpokaneSwingBridge,101.6,83.1
SpokaneSwingBridge,101.6,83
SpokaneSwingBridge,101.6,83
SpokaneSwingBridge,101.5,83
SpokaneSwingBridge,101.5,82.9
RooseveltWay_NE80thSt,89,89
RooseveltWay_NE80thSt,88.9,88.9
RooseveltWay_NE80thSt,88.9,88.9
RooseveltWay_NE80thSt,88.9,88.9
RooseveltWay_NE80thSt,88.8,88.8
RooseveltWay_NE80thSt,88.8,88.8
RooseveltWay_NE80thSt,88.8,88.8
RooseveltWay_NE80thSt,88.8,88.8
RooseveltWay_NE80thSt,88.7,88.7
RooseveltWay_NE80thSt,88.7,88.7
RooseveltWay_NE80thSt,88.7,88.7
RooseveltWay_NE80thSt,88.7,88.7
RooseveltWay_NE80thSt,88.6,88.6
RooseveltWay_NE80thSt,88.6,88.6
RooseveltWay_NE80thSt,88.6,88.6
MagnoliaBridge,100.6,84.8
MagnoliaBridge,100.6,84.7
MagnoliaBridge,100.5,84.7
MagnoliaBridge,100.5,84.7
MagnoliaBridge,100.4,84.8
MagnoliaBridge,100.4,84.9
MagnoliaBridge,100.3,84.8
MagnoliaBridge,100.3,84.7
MagnoliaBridge,100.2,84.7
AlbroPlaceAirportWay,82.7,65.58
AlbroPlaceAirportWay,82.7,65.51
AlbroPlaceAirportWay,82.7,65.47
AlbroPlaceAirportWay,82.7,65.51
AlbroPlaceAirportWay,82.6,65.54
AlbroPlaceAirportWay,82.6,65.53
AlbroPlaceAirportWay,82.6,65.48
AlbroPlaceAirportWay,82.6,65.53
AlbroPlaceAirportWay,82.6,65.62
AlbroPlaceAirportWay,82.6,65.72
AlbroPlaceAirportWay,82.6,65.73
AlbroPlaceAirportWay,82.5,65.78
AlbroPlaceAirportWay,82.5,65.76
AlbroPlaceAirportWay,82.5,65.76
AlbroPlaceAirportWay,82.5,65.78
SpokaneSwingBridge,70.82,65.32
SpokaneSwingBridge,70.82,65.35
SpokaneSwingBridge,70.82,65.32
SpokaneSwingBridge,70.83,65.3
SpokaneSwingBridge,70.83,65.3
SpokaneSwingBridge,70.83,65.29
SpokaneSwingBridge,70.83,65.3
SpokaneSwingBridge,70.83,65.3
SpokaneSwingBridge,70.83,65.32
SpokaneSwingBridge,70.83,65.33
SpokaneSwingBridge,70.84,65.39
SpokaneSwingBridge,70.85,65.41
SpokaneSwingBridge,70.87,65.4
SpokaneSwingBridge,70.87,65.44
SpokaneSwingBridge,70.88,65.47
RooseveltWay_NE80thSt,72.47,72.47
RooseveltWay_NE80thSt,72.47,72.47
RooseveltWay_NE80thSt,72.49,72.49
RooseveltWay_NE80thSt,72.51,72.51
RooseveltWay_NE80thSt,72.52,72.52
RooseveltWay_NE80thSt,72.53,72.53
RooseveltWay_NE80thSt,72.52,72.52
RooseveltWay_NE80thSt,72.55,72.55
RooseveltWay_NE80thSt,72.56,72.56
RooseveltWay_NE80thSt,72.57,72.57
RooseveltWay_NE80thSt,72.59,72.59
RooseveltWay_NE80thSt,72.62,72.62
RooseveltWay_NE80thSt,72.62,72.62
RooseveltWay_NE80thSt,72.64,72.64
RooseveltWay_NE80thSt,72.67,72.67
MagnoliaBridge,71.12,62.56
MagnoliaBridge,71.12,62.53
MagnoliaBridge,71.12,62.47
MagnoliaBridge,71.12,62.44
MagnoliaBridge,71.12,62.44
MagnoliaBridge,71.12,62.44
MagnoliaBridge,71.12,62.48
MagnoliaBridge,71.15,62.52
MagnoliaBridge,71.17,62.56
MagnoliaBridge,71.17,62.6
MagnoliaBridge,71.17,62.64
MagnoliaBridge,71.18,62.69
MagnoliaBridge,71.2,62.75
MagnoliaBridge,71.22,62.81
MagnoliaBridge,71.22,62.88
HarborAveUpperNorthBridge,70.82,65.32
HarborAveUpperNorthBridge,70.83,65.3
HarborAveUpperNorthBridge,70.83,65.3
HarborAveUpperNorthBridge,70.83,65.29
HarborAveUpperNorthBridge,70.83,65.3
HarborAveUpperNorthBridge,70.83,65.3
HarborAveUpperNorthBridge,70.83,65.32
HarborAveUpperNorthBridge,70.83,65.33
HarborAveUpperNorthBridge,70.84,65.39
HarborAveUpperNorthBridge,70.85,65.41
HarborAveUpperNorthBridge,70.87,65.4
HarborAveUpperNorthBridge,70.87,65.44
HarborAveUpperNorthBridge,70.88,65.47
HarborAveUpperNorthBridge,70.88,65.49
HarborAveUpperNorthBridge,70.88,65.56
RooseveltWay_NE80thSt,89.7,89.7
RooseveltWay_NE80thSt,89.6,89.6
RooseveltWay_NE80thSt,89.6,89.6
RooseveltWay_NE80thSt,89.6,89.6
RooseveltWay_NE80thSt,89.5,89.5
RooseveltWay_NE80thSt,89.5,89.5
RooseveltWay_NE80thSt,89.5,89.5
RooseveltWay_NE80thSt,89.4,89.4
RooseveltWay_NE80thSt,89.4,89.4
RooseveltWay_NE80thSt,89.4,89.4
RooseveltWay_NE80thSt,89.3,89.3
RooseveltWay_NE80thSt,89.3,89.3
RooseveltWay_NE80thSt,89.2,89.2
RooseveltWay_NE80thSt,89.2,89.2
RooseveltWay_NE80thSt,89.2,89.2
HarborAveUpperNorthBridge,102.6,82.7
HarborAveUpperNorthBridge,102.5,82.8
HarborAveUpperNorthBridge,102.5,82.9
HarborAveUpperNorthBridge,102.5,83
HarborAveUpperNorthBridge,102.5,83
HarborAveUpperNorthBridge,102.4,83
HarborAveUpperNorthBridge,102.4,83
HarborAveUpperNorthBridge,102.4,83
HarborAveUpperNorthBridge,102.4,82.9
AlbroPlaceAirportWay,84.5,65.2
AlbroPlaceAirportWay,84.5,65.2
AlbroPlaceAirportWay,84.5,65.16
AlbroPlaceAirportWay,84.4,65.15
AlbroPlaceAirportWay,84.4,65.12
AlbroPlaceAirportWay,84.4,65.1
AlbroPlaceAirportWay,84.4,65.15
AlbroPlaceAirportWay,84.4,65.18
AlbroPlaceAirportWay,84.3,65.23
AlbroPlaceAirportWay,84.3,65.34
AlbroPlaceAirportWay,84.3,65.35
AlbroPlaceAirportWay,84.3,65.33
AlbroPlaceAirportWay,84.3,65.3
AlbroPlaceAirportWay,84.3,65.3
AlbroPlaceAirportWay,84.3,65.25
RooseveltWay_NE80thSt,73.23,73.23
RooseveltWay_NE80thSt,73.2,73.2
RooseveltWay_NE80thSt,73.18,73.18
RooseveltWay_NE80thSt,73.16,73.16
RooseveltWay_NE80thSt,73.14,73.14
RooseveltWay_NE80thSt,73.13,73.13
RooseveltWay_NE80thSt,73.12,73.12
RooseveltWay_NE80thSt,73.08,73.08
RooseveltWay_NE80thSt,73.07,73.07
RooseveltWay_NE80thSt,73.04,73.04
RooseveltWay_NE80thSt,73.03,73.03
RooseveltWay_NE80thSt,73.02,73.02
RooseveltWay_NE80thSt,72.99,72.99
RooseveltWay_NE80thSt,72.98,72.98
RooseveltWay_NE80thSt,72.96,72.96
HarborAveUpperNorthBridge,72.11,64.97
HarborAveUpperNorthBridge,72.1,64.97
HarborAveUpperNorthBridge,72.06,64.97
HarborAveUpperNorthBridge,72.05,64.97
HarborAveUpperNorthBridge,72.02,64.94
HarborAveUpperNorthBridge,72.01,64.97
HarborAveUpperNorthBridge,71.99,64.92
HarborAveUpperNorthBridge,71.96,64.82
HarborAveUpperNorthBridge,71.95,64.76
HarborAveUpperNorthBridge,71.91,64.74
HarborAveUpperNorthBridge,71.9,64.75
HarborAveUpperNorthBridge,71.88,64.77
HarborAveUpperNorthBridge,71.85,64.71
HarborAveUpperNorthBridge,71.84,64.73
HarborAveUpperNorthBridge,71.8,64.74
MagnoliaBridge,72.44,63.76
MagnoliaBridge,72.41,63.72
MagnoliaBridge,72.39,63.72
MagnoliaBridge,72.38,63.72
MagnoliaBridge,72.34,63.74
MagnoliaBridge,72.34,63.8
MagnoliaBridge,72.34,63.72
MagnoliaBridge,72.32,63.42
MagnoliaBridge,72.29,63.17
MagnoliaBridge,72.28,62.98
MagnoliaBridge,72.24,62.87
MagnoliaBridge,72.23,62.79
MagnoliaBridge,72.23,62.72
MagnoliaBridge,72.2,62.73
MagnoliaBridge,72.18,62.79
SpokaneSwingBridge,72.06,64.97
SpokaneSwingBridge,72.05,64.97
SpokaneSwingBridge,72.02,64.94
SpokaneSwingBridge,72.01,64.97
SpokaneSwingBridge,71.99,64.92
SpokaneSwingBridge,71.96,64.82
SpokaneSwingBridge,71.95,64.76
SpokaneSwingBridge,71.91,64.74
SpokaneSwingBridge,71.9,64.75
SpokaneSwingBridge,71.88,64.77
SpokaneSwingBridge,71.85,64.71
SpokaneSwingBridge,71.84,64.73
SpokaneSwingBridge,71.8,64.74
SpokaneSwingBridge,71.8,64.73
SpokaneSwingBridge,71.78,64.67
AlbroPlaceAirportWay,84,65.22
AlbroPlaceAirportWay,84,65.22
AlbroPlaceAirportWay,84,65.17
AlbroPlaceAirportWay,83.9,65.16
AlbroPlaceAirportWay,83.9,65.16
AlbroPlaceAirportWay,83.9,65.11
AlbroPlaceAirportWay,83.9,65.09
AlbroPlaceAirportWay,83.9,65.03
AlbroPlaceAirportWay,83.9,65.05
AlbroPlaceAirportWay,83.8,65.13
AlbroPlaceAirportWay,83.8,65.06
AlbroPlaceAirportWay,83.8,65.05
AlbroPlaceAirportWay,83.8,65.02
AlbroPlaceAirportWay,83.8,64.95
AlbroPlaceAirportWay,83.8,64.93
HarborAveUpperNorthBridge,71.49,64.58
HarborAveUpperNorthBridge,71.46,64.54
HarborAveUpperNorthBridge,71.44,64.52
HarborAveUpperNorthBridge,71.43,64.54
HarborAveUpperNorthBridge,71.4,64.58
HarborAveUpperNorthBridge,71.39,64.63
HarborAveUpperNorthBridge,71.37,64.65
HarborAveUpperNorthBridge,71.35,64.69
HarborAveUpperNorthBridge,71.34,64.7
AlbroPlaceAirportWay,85,66.29
AlbroPlaceAirportWay,85,66.28
AlbroPlaceAirportWay,84.9,66.38
AlbroPlaceAirportWay,84.9,66.41
AlbroPlaceAirportWay,84.9,66.34
AlbroPlaceAirportWay,84.9,66.31
AlbroPlaceAirportWay,84.9,66.23
AlbroPlaceAirportWay,84.9,66.08
AlbroPlaceAirportWay,84.8,65.87
AlbroPlaceAirportWay,84.8,65.68
AlbroPlaceAirportWay,84.8,65.55
AlbroPlaceAirportWay,84.8,65.48
AlbroPlaceAirportWay,84.8,65.43
AlbroPlaceAirportWay,84.8,65.37
AlbroPlaceAirportWay,84.8,65.32
RooseveltWay_NE80thSt,73.74,73.74
RooseveltWay_NE80thSt,73.71,73.71
RooseveltWay_NE80thSt,73.71,73.71
RooseveltWay_NE80thSt,73.69,73.69
RooseveltWay_NE80thSt,73.67,73.67
RooseveltWay_NE80thSt,73.65,73.65
RooseveltWay_NE80thSt,73.65,73.65
RooseveltWay_NE80thSt,73.63,73.63
RooseveltWay_NE80thSt,73.61,73.61
RooseveltWay_NE80thSt,73.6,73.6
RooseveltWay_NE80thSt,73.57,73.57
RooseveltWay_NE80thSt,73.55,73.55
RooseveltWay_NE80thSt,73.55,73.55
RooseveltWay_NE80thSt,73.53,73.53
RooseveltWay_NE80thSt,73.51,73.51
SpokaneSwingBridge,72.83,64.57
SpokaneSwingBridge,72.81,64.59
SpokaneSwingBridge,72.78,64.56
SpokaneSwingBridge,72.74,64.56
SpokaneSwingBridge,72.73,64.63
SpokaneSwingBridge,72.7,64.78
SpokaneSwingBridge,72.68,64.9
SpokaneSwingBridge,72.64,64.89
SpokaneSwingBridge,72.62,64.9
SpokaneSwingBridge,72.6,64.91
SpokaneSwingBridge,72.57,64.9
SpokaneSwingBridge,72.54,64.88
SpokaneSwingBridge,72.52,64.86
SpokaneSwingBridge,72.51,64.83
SpokaneSwingBridge,72.47,64.78
MagnoliaBridge,73.11,63.77
MagnoliaBridge,73.1,63.81
MagnoliaBridge,73.06,63.83
MagnoliaBridge,73.05,63.82
MagnoliaBridge,73.03,63.81
MagnoliaBridge,73,63.81
MagnoliaBridge,72.97,63.8
MagnoliaBridge,72.95,63.77
MagnoliaBridge,72.93,63.77
MagnoliaBridge,72.9,63.75
MagnoliaBridge,72.85,63.72
MagnoliaBridge,72.85,63.72
MagnoliaBridge,72.82,63.72
MagnoliaBridge,72.8,63.76
MagnoliaBridge,72.76,63.76
HarborAveUpperNorthBridge,72.78,64.56
HarborAveUpperNorthBridge,72.74,64.56
HarborAveUpperNorthBridge,72.73,64.63
HarborAveUpperNorthBridge,72.7,64.78
HarborAveUpperNorthBridge,72.68,64.9
HarborAveUpperNorthBridge,72.64,64.89
HarborAveUpperNorthBridge,72.62,64.9
HarborAveUpperNorthBridge,72.6,64.91
HarborAveUpperNorthBridge,72.57,64.9
HarborAveUpperNorthBridge,72.54,64.88
HarborAveUpperNorthBridge,72.52,64.86
HarborAveUpperNorthBridge,72.51,64.83
HarborAveUpperNorthBridge,72.47,64.78
HarborAveUpperNorthBridge,72.46,64.73
HarborAveUpperNorthBridge,72.42,64.76
AlbroPlaceAirportWay,81.7,75.93
AlbroPlaceAirportWay,81.7,75.94
AlbroPlaceAirportWay,81.7,75.82
AlbroPlaceAirportWay,81.7,75.59
AlbroPlaceAirportWay,81.8,75.57
AlbroPlaceAirportWay,81.8,75.64
AlbroPlaceAirportWay,81.8,75.75
AlbroPlaceAirportWay,81.8,75.91
AlbroPlaceAirportWay,81.8,76.24
AlbroPlaceAirportWay,81.8,76.35
AlbroPlaceAirportWay,81.9,76.48
AlbroPlaceAirportWay,81.9,76.7
AlbroPlaceAirportWay,81.9,76.65
AlbroPlaceAirportWay,81.9,76.55
AlbroPlaceAirportWay,81.9,76.54
SpokaneSwingBridge,89,75.2
SpokaneSwingBridge,89.1,75.37
SpokaneSwingBridge,89.2,75.38
SpokaneSwingBridge,89.2,75.42
SpokaneSwingBridge,89.3,75.51
SpokaneSwingBridge,89.4,75.68
SpokaneSwingBridge,89.5,75.83
SpokaneSwingBridge,89.6,75.92
SpokaneSwingBridge,89.7,75.91
SpokaneSwingBridge,89.8,75.74
SpokaneSwingBridge,70.93,65.59
SpokaneSwingBridge,70.94,65.59
SpokaneSwingBridge,70.95,65.56
SpokaneSwingBridge,70.97,65.53
SpokaneSwingBridge,70.98,65.54
SpokaneSwingBridge,70.98,65.52
SpokaneSwingBridge,71.02,65.55
SpokaneSwingBridge,71.03,65.6
SpokaneSwingBridge,71.05,65.6
SpokaneSwingBridge,71.07,65.69
SpokaneSwingBridge,71.08,65.65
SpokaneSwingBridge,71.11,65.59
SpokaneSwingBridge,71.13,65.62
SpokaneSwingBridge,71.17,65.68
SpokaneSwingBridge,71.18,65.72
AlbroPlaceAirportWay,82.4,67.09
AlbroPlaceAirportWay,82.4,66.96
AlbroPlaceAirportWay,82.4,67.02
AlbroPlaceAirportWay,82.3,66.96
AlbroPlaceAirportWay,82.3,66.71
AlbroPlaceAirportWay,82.3,66.51
AlbroPlaceAirportWay,82.3,66.38
AlbroPlaceAirportWay,82.3,66.34
AlbroPlaceAirportWay,82.2,66.26
AlbroPlaceAirportWay,82.2,66.28
AlbroPlaceAirportWay,82.2,66.37
AlbroPlaceAirportWay,82.2,66.53
AlbroPlaceAirportWay,82.2,66.51
AlbroPlaceAirportWay,82.2,66.57
AlbroPlaceAirportWay,82.2,66.61
RooseveltWay_NE80thSt,72.78,72.78
RooseveltWay_NE80thSt,72.82,72.82
RooseveltWay_NE80thSt,72.82,72.82
RooseveltWay_NE80thSt,72.84,72.84
RooseveltWay_NE80thSt,72.87,72.87
RooseveltWay_NE80thSt,72.9,72.9
RooseveltWay_NE80thSt,72.92,72.92
RooseveltWay_NE80thSt,72.95,72.95
RooseveltWay_NE80thSt,72.98,72.98
RooseveltWay_NE80thSt,73.02,73.02
RooseveltWay_NE80thSt,73.03,73.03
RooseveltWay_NE80thSt,73.07,73.07
RooseveltWay_NE80thSt,73.1,73.1
RooseveltWay_NE80thSt,73.13,73.13
RooseveltWay_NE80thSt,73.15,73.15
MagnoliaBridge,71.32,63.38
MagnoliaBridge,71.33,63.47
MagnoliaBridge,71.37,63.51
MagnoliaBridge,71.38,63.57
MagnoliaBridge,71.42,63.63
MagnoliaBridge,71.42,63.69
MagnoliaBridge,71.46,63.76
MagnoliaBridge,71.49,63.82
MagnoliaBridge,71.53,63.85
MagnoliaBridge,71.56,63.89
MagnoliaBridge,71.6,63.96
MagnoliaBridge,71.63,64.06
MagnoliaBridge,71.68,64.15
MagnoliaBridge,71.73,64.24
MagnoliaBridge,71.78,64.28
HarborAveUpperNorthBridge,70.95,65.56
HarborAveUpperNorthBridge,70.97,65.53
HarborAveUpperNorthBridge,70.98,65.54
HarborAveUpperNorthBridge,70.98,65.52
HarborAveUpperNorthBridge,71.02,65.55
HarborAveUpperNorthBridge,71.03,65.6
HarborAveUpperNorthBridge,71.05,65.6
HarborAveUpperNorthBridge,71.07,65.69
HarborAveUpperNorthBridge,71.08,65.65
HarborAveUpperNorthBridge,71.11,65.59
HarborAveUpperNorthBridge,71.13,65.62
HarborAveUpperNorthBridge,71.17,65.68
HarborAveUpperNorthBridge,71.18,65.72
HarborAveUpperNorthBridge,71.22,65.78
HarborAveUpperNorthBridge,71.24,65.73
HarborAveUpperNorthBridge,71.36,65.77
HarborAveUpperNorthBridge,71.38,65.8
HarborAveUpperNorthBridge,71.42,65.88
HarborAveUpperNorthBridge,71.46,66.02
HarborAveUpperNorthBridge,71.5,66.07
HarborAveUpperNorthBridge,71.55,66.17
HarborAveUpperNorthBridge,71.6,66.31
HarborAveUpperNorthBridge,71.65,66.3
HarborAveUpperNorthBridge,71.69,66.4
HarborAveUpperNorthBridge,71.75,66.43
HarborAveUpperNorthBridge,71.8,66.52
HarborAveUpperNorthBridge,71.86,66.49
HarborAveUpperNorthBridge,71.92,66.61
HarborAveUpperNorthBridge,71.98,66.76
HarborAveUpperNorthBridge,72.04,66.7
RooseveltWay_NE80thSt,73.36,73.36
RooseveltWay_NE80thSt,73.42,73.42
RooseveltWay_NE80thSt,73.45,73.45
RooseveltWay_NE80thSt,73.52,73.52
RooseveltWay_NE80thSt,73.57,73.57
RooseveltWay_NE80thSt,73.63,73.63
RooseveltWay_NE80thSt,73.7,73.7
RooseveltWay_NE80thSt,73.78,73.78
RooseveltWay_NE80thSt,72.59,72.59
RooseveltWay_NE80thSt,72.62,72.62
RooseveltWay_NE80thSt,72.62,72.62
RooseveltWay_NE80thSt,72.64,72.64
RooseveltWay_NE80thSt,72.67,72.67
RooseveltWay_NE80thSt,72.7,72.7
RooseveltWay_NE80thSt,72.72,72.72
RooseveltWay_NE80thSt,72.72,72.72
RooseveltWay_NE80thSt,72.73,72.73
RooseveltWay_NE80thSt,72.76,72.76
RooseveltWay_NE80thSt,72.78,72.78
RooseveltWay_NE80thSt,72.82,72.82
RooseveltWay_NE80thSt,72.82,72.82
RooseveltWay_NE80thSt,72.84,72.84
RooseveltWay_NE80thSt,72.87,72.87
MagnoliaBridge,71.17,62.64
MagnoliaBridge,71.18,62.69
MagnoliaBridge,71.2,62.75
MagnoliaBridge,71.22,62.81
MagnoliaBridge,71.22,62.88
MagnoliaBridge,71.22,62.97
MagnoliaBridge,71.25,63.06
MagnoliaBridge,71.27,63.14
MagnoliaBridge,71.28,63.24
MagnoliaBridge,71.31,63.34
MagnoliaBridge,71.32,63.38
MagnoliaBridge,71.33,63.47
MagnoliaBridge,71.37,63.51
MagnoliaBridge,71.38,63.57
MagnoliaBridge,71.42,63.63
HarborAveUpperNorthBridge,70.87,65.4
HarborAveUpperNorthBridge,70.87,65.44
HarborAveUpperNorthBridge,70.88,65.47
HarborAveUpperNorthBridge,70.88,65.49
HarborAveUpperNorthBridge,70.88,65.56
HarborAveUpperNorthBridge,70.89,65.64
HarborAveUpperNorthBridge,70.91,65.68
HarborAveUpperNorthBridge,70.93,65.64
HarborAveUpperNorthBridge,70.93,65.59
HarborAveUpperNorthBridge,70.94,65.59
HarborAveUpperNorthBridge,70.95,65.56
HarborAveUpperNorthBridge,70.97,65.53
HarborAveUpperNorthBridge,70.98,65.54
HarborAveUpperNorthBridge,70.98,65.52
HarborAveUpperNorthBridge,71.02,65.55
SpokaneSwingBridge,70.87,65.4
SpokaneSwingBridge,70.87,65.44
SpokaneSwingBridge,70.88,65.47
SpokaneSwingBridge,70.88,65.49
SpokaneSwingBridge,70.88,65.56
SpokaneSwingBridge,70.89,65.64
SpokaneSwingBridge,70.91,65.68
SpokaneSwingBridge,70.93,65.64
SpokaneSwingBridge,70.93,65.59
SpokaneSwingBridge,70.94,65.59
SpokaneSwingBridge,70.95,65.56
SpokaneSwingBridge,70.97,65.53
SpokaneSwingBridge,70.98,65.54
SpokaneSwingBridge,70.98,65.52
SpokaneSwingBridge,71.02,65.55
AlbroPlaceAirportWay,81.8,67.41
AlbroPlaceAirportWay,81.8,67.45
AlbroPlaceAirportWay,89,85.4
AlbroPlaceAirportWay,89.1,85.7
AlbroPlaceAirportWay,89.1,85.6
AlbroPlaceAirportWay,89.1,85.6
AlbroPlaceAirportWay,89.1,85.8
AlbroPlaceAirportWay,89.1,85.9
AlbroPlaceAirportWay,89.2,85.9
AlbroPlaceAirportWay,89.2,85.9
AlbroPlaceAirportWay,89.2,85.9
SpokaneSwingBridge,102.6,82.7
SpokaneSwingBridge,102.5,82.8
SpokaneSwingBridge,102.5,82.9
SpokaneSwingBridge,102.5,83
SpokaneSwingBridge,102.5,83
SpokaneSwingBridge,102.4,83
SpokaneSwingBridge,102.4,83
SpokaneSwingBridge,102.4,83
SpokaneSwingBridge,102.4,82.9
SpokaneSwingBridge,102.3,83
SpokaneSwingBridge,102.3,82.8
SpokaneSwingBridge,102.3,82.7
SpokaneSwingBridge,102.2,82.8
SpokaneSwingBridge,102.2,82.8
SpokaneSwingBridge,102.2,82.7
MagnoliaBridge,84.4,74.36
AlbroPlaceAirportWay,85.1,66.39
AlbroPlaceAirportWay,85.1,66.39
AlbroPlaceAirportWay,85.1,66.37
AlbroPlaceAirportWay,85.1,66.42
AlbroPlaceAirportWay,85.1,66.4
AlbroPlaceAirportWay,85.1,66.35
AlbroPlaceAirportWay,85,66.27
AlbroPlaceAirportWay,85,66.28
AlbroPlaceAirportWay,85,66.29
AlbroPlaceAirportWay,85,66.32
AlbroPlaceAirportWay,85,66.29
AlbroPlaceAirportWay,85,66.28
AlbroPlaceAirportWay,84.9,66.38
AlbroPlaceAirportWay,84.9,66.41
AlbroPlaceAirportWay,84.9,66.34
RooseveltWay_NE80thSt,73.87,73.87
RooseveltWay_NE80thSt,73.86,73.86
RooseveltWay_NE80thSt,73.86,73.86
RooseveltWay_NE80thSt,73.86,73.86
RooseveltWay_NE80thSt,73.83,73.83
RooseveltWay_NE80thSt,73.81,73.81
RooseveltWay_NE80thSt,73.8,73.8
RooseveltWay_NE80thSt,73.77,73.77
RooseveltWay_NE80thSt,73.76,73.76
RooseveltWay_NE80thSt,73.76,73.76
RooseveltWay_NE80thSt,73.74,73.74
RooseveltWay_NE80thSt,73.71,73.71
RooseveltWay_NE80thSt,73.71,73.71
RooseveltWay_NE80thSt,73.69,73.69
RooseveltWay_NE80thSt,73.67,73.67
SpokaneSwingBridge,71.29,64.69
SpokaneSwingBridge,71.29,64.7
SpokaneSwingBridge,71.28,64.67
SpokaneSwingBridge,71.25,64.64
SpokaneSwingBridge,71.24,64.64
SpokaneSwingBridge,71.23,64.64
SpokaneSwingBridge,71.2,64.64
SpokaneSwingBridge,71.19,64.66
SpokaneSwingBridge,71.19,64.71
SpokaneSwingBridge,71.15,64.74
SpokaneSwingBridge,71.14,64.77
SpokaneSwingBridge,71.14,64.78
SpokaneSwingBridge,71.11,64.78
SpokaneSwingBridge,71.09,64.76
AlbroPlaceAirportWay,83.8,65.06
AlbroPlaceAirportWay,83.8,65.05
AlbroPlaceAirportWay,83.8,65.02
AlbroPlaceAirportWay,83.8,64.95
AlbroPlaceAirportWay,83.8,64.93
AlbroPlaceAirportWay,83.8,64.97
AlbroPlaceAirportWay,83.7,64.99
AlbroPlaceAirportWay,83.7,65.09
AlbroPlaceAirportWay,83.7,65.12
AlbroPlaceAirportWay,83.7,65.09
AlbroPlaceAirportWay,83.7,65.07
AlbroPlaceAirportWay,83.6,65.05
AlbroPlaceAirportWay,83.6,65.02
AlbroPlaceAirportWay,83.6,65.01
AlbroPlaceAirportWay,83.6,65.08
HarborAveUpperNorthBridge,71.29,64.69
HarborAveUpperNorthBridge,71.29,64.7
HarborAveUpperNorthBridge,71.28,64.67
HarborAveUpperNorthBridge,71.25,64.64
HarborAveUpperNorthBridge,71.24,64.64
HarborAveUpperNorthBridge,71.23,64.64
HarborAveUpperNorthBridge,71.2,64.64
HarborAveUpperNorthBridge,71.19,64.66
HarborAveUpperNorthBridge,71.19,64.71
HarborAveUpperNorthBridge,71.15,64.74
HarborAveUpperNorthBridge,71.14,64.77
HarborAveUpperNorthBridge,71.14,64.78
HarborAveUpperNorthBridge,71.11,64.78
HarborAveUpperNorthBridge,71.09,64.76
HarborAveUpperNorthBridge,71.09,64.75
RooseveltWay_NE80thSt,72.56,72.56
RooseveltWay_NE80thSt,72.54,72.54
RooseveltWay_NE80thSt,72.53,72.53
RooseveltWay_NE80thSt,72.52,72.52
RooseveltWay_NE80thSt,72.52,72.52
RooseveltWay_NE80thSt,72.51,72.51
RooseveltWay_NE80thSt,72.49,72.49
RooseveltWay_NE80thSt,72.47,72.47
RooseveltWay_NE80thSt,72.47,72.47
RooseveltWay_NE80thSt,72.47,72.47
RooseveltWay_NE80thSt,72.44,72.44
RooseveltWay_NE80thSt,72.43,72.43
RooseveltWay_NE80thSt,72.42,72.42
RooseveltWay_NE80thSt,72.42,72.42
RooseveltWay_NE80thSt,72.42,72.42
MagnoliaBridge,71.76,63.4
MagnoliaBridge,71.73,63.41
MagnoliaBridge,71.73,63.46
MagnoliaBridge,71.71,63.5
MagnoliaBridge,71.68,63.54
MagnoliaBridge,71.68,63.58
MagnoliaBridge,71.66,63.62
MagnoliaBridge,71.63,63.66
MagnoliaBridge,71.63,63.67
MagnoliaBridge,71.63,63.68
AlbroPlaceAirportWay,83.5,65.98
AlbroPlaceAirportWay,83.5,66.08
AlbroPlaceAirportWay,83.5,66.28
AlbroPlaceAirportWay,83.5,66.37
AlbroPlaceAirportWay,83.5,66.4
AlbroPlaceAirportWay,83.4,66.29
AlbroPlaceAirportWay,83.4,66.12
AlbroPlaceAirportWay,83.4,65.95
AlbroPlaceAirportWay,83.4,65.89
AlbroPlaceAirportWay,83.4,65.87
AlbroPlaceAirportWay,83.3,65.75
AlbroPlaceAirportWay,83.3,65.6
AlbroPlaceAirportWay,83.3,65.45
AlbroPlaceAirportWay,83.3,65.35
AlbroPlaceAirportWay,83.3,65.24
RooseveltWay_NE80thSt,72.34,72.34
RooseveltWay_NE80thSt,72.33,72.33
RooseveltWay_NE80thSt,72.32,72.32
RooseveltWay_NE80thSt,72.32,72.32
RooseveltWay_NE80thSt,72.33,72.33
RooseveltWay_NE80thSt,72.33,72.33
RooseveltWay_NE80thSt,72.33,72.33
RooseveltWay_NE80thSt,72.32,72.32
RooseveltWay_NE80thSt,72.32,72.32
RooseveltWay_NE80thSt,72.3,72.3
RooseveltWay_NE80thSt,72.29,72.29
RooseveltWay_NE80thSt,72.28,72.28
RooseveltWay_NE80thSt,72.28,72.28
RooseveltWay_NE80thSt,72.27,72.27
RooseveltWay_NE80thSt,72.26,72.26
MagnoliaBridge,71.52,63.54
MagnoliaBridge,71.48,63.53
MagnoliaBridge,71.47,63.52
MagnoliaBridge,71.47,63.5
MagnoliaBridge,71.47,63.49
MagnoliaBridge,71.46,63.48
MagnoliaBridge,71.44,63.44
MagnoliaBridge,71.42,63.39
MagnoliaBridge,71.42,63.35
MagnoliaBridge,71.42,63.35
MagnoliaBridge,71.39,63.33
MagnoliaBridge,71.37,63.29
MagnoliaBridge,71.37,63.26
MagnoliaBridge,71.37,63.25
MagnoliaBridge,71.37,63.21
HarborAveUpperNorthBridge,70.99,64.6
HarborAveUpperNorthBridge,70.99,64.59
HarborAveUpperNorthBridge,70.98,64.59
HarborAveUpperNorthBridge,70.97,64.6
HarborAveUpperNorthBridge,70.95,64.62
HarborAveUpperNorthBridge,70.94,64.64
HarborAveUpperNorthBridge,70.93,64.65
HarborAveUpperNorthBridge,70.93,64.69
HarborAveUpperNorthBridge,70.91,64.72
HarborAveUpperNorthBridge,70.89,64.73
HarborAveUpperNorthBridge,70.89,64.75
HarborAveUpperNorthBridge,70.89,64.78
HarborAveUpperNorthBridge,70.88,64.79
HarborAveUpperNorthBridge,70.87,64.78
HarborAveUpperNorthBridge,70.86,64.81
SpokaneSwingBridge,70.99,64.6
SpokaneSwingBridge,70.99,64.59
SpokaneSwingBridge,70.98,64.59
SpokaneSwingBridge,70.97,64.6
SpokaneSwingBridge,70.95,64.62
SpokaneSwingBridge,70.94,64.64
SpokaneSwingBridge,70.93,64.65
SpokaneSwingBridge,70.93,64.69
SpokaneSwingBridge,70.91,64.72
SpokaneSwingBridge,70.89,64.73
SpokaneSwingBridge,70.89,64.75
SpokaneSwingBridge,70.89,64.78
SpokaneSwingBridge,70.88,64.79
SpokaneSwingBridge,70.87,64.78
SpokaneSwingBridge,70.86,64.81
HarborAveUpperNorthBridge,89,75.2
HarborAveUpperNorthBridge,89.1,75.37
HarborAveUpperNorthBridge,89.2,75.38
HarborAveUpperNorthBridge,89.2,75.42
HarborAveUpperNorthBridge,89.3,75.51
MagnoliaBridge,92.2,77.02
MagnoliaBridge,92.2,77.08
MagnoliaBridge,92.2,76.96
MagnoliaBridge,92.2,76.9
MagnoliaBridge,92.3,76.9
MagnoliaBridge,92.3,76.86
MagnoliaBridge,92.3,76.83
MagnoliaBridge,92.2,76.71
MagnoliaBridge,92.2,76.71
MagnoliaBridge,92.1,76.79
MagnoliaBridge,92,76.62
MagnoliaBridge,92,76.54
MagnoliaBridge,92,76.62
MagnoliaBridge,92,76.67
MagnoliaBridge,92,76.72
HarborAveUpperNorthBridge,102.3,83
SpokaneSwingBridge,73.12,65.15
SpokaneSwingBridge,73.09,65.21
SpokaneSwingBridge,73.08,65.2
SpokaneSwingBridge,73.04,65.11
SpokaneSwingBridge,73.03,65.18
SpokaneSwingBridge,73,65.14
SpokaneSwingBridge,72.97,64.98
SpokaneSwingBridge,72.94,64.87
HarborAveUpperNorthBridge,73.24,65.02
HarborAveUpperNorthBridge,73.21,64.99
HarborAveUpperNorthBridge,73.19,64.95
HarborAveUpperNorthBridge,73.16,64.95
HarborAveUpperNorthBridge,73.14,65.04
HarborAveUpperNorthBridge,73.12,65.15
HarborAveUpperNorthBridge,73.09,65.21
HarborAveUpperNorthBridge,73.08,65.2
HarborAveUpperNorthBridge,73.04,65.11
HarborAveUpperNorthBridge,73.03,65.18
HarborAveUpperNorthBridge,73,65.14
HarborAveUpperNorthBridge,72.97,64.98
HarborAveUpperNorthBridge,72.94,64.87
HarborAveUpperNorthBridge,72.92,64.81
HarborAveUpperNorthBridge,72.88,64.74
AlbroPlaceAirportWay,84.3,65.35
AlbroPlaceAirportWay,84.3,65.33
AlbroPlaceAirportWay,84.3,65.3
AlbroPlaceAirportWay,84.3,65.3
AlbroPlaceAirportWay,84.3,65.25
AlbroPlaceAirportWay,84.2,65.17
AlbroPlaceAirportWay,84.2,65.13
AlbroPlaceAirportWay,84.2,65.16
AlbroPlaceAirportWay,84.2,65.2
AlbroPlaceAirportWay,84.2,65.22
AlbroPlaceAirportWay,84.2,65.21
AlbroPlaceAirportWay,84.2,65.21
AlbroPlaceAirportWay,84.1,65.2
AlbroPlaceAirportWay,84.1,65.19
AlbroPlaceAirportWay,84.1,65.2
RooseveltWay_NE80thSt,73.03,73.03
RooseveltWay_NE80thSt,73.02,73.02
RooseveltWay_NE80thSt,72.99,72.99
RooseveltWay_NE80thSt,72.98,72.98
RooseveltWay_NE80thSt,72.96,72.96
RooseveltWay_NE80thSt,72.93,72.93
RooseveltWay_NE80thSt,72.93,72.93
RooseveltWay_NE80thSt,72.91,72.91
RooseveltWay_NE80thSt,72.89,72.89
RooseveltWay_NE80thSt,72.88,72.88
RooseveltWay_NE80thSt,72.86,72.86
RooseveltWay_NE80thSt,72.84,72.84
RooseveltWay_NE80thSt,72.83,72.83
RooseveltWay_NE80thSt,72.8,72.8
RooseveltWay_NE80thSt,72.78,72.78
MagnoliaBridge,72.24,62.87
MagnoliaBridge,72.23,62.79
MagnoliaBridge,72.23,62.72
MagnoliaBridge,72.2,62.73
MagnoliaBridge,72.18,62.79
MagnoliaBridge,72.18,62.87
MagnoliaBridge,72.18,62.93
MagnoliaBridge,72.15,62.98
MagnoliaBridge,72.13,63.06
MagnoliaBridge,72.13,63.14
MagnoliaBridge,72.13,63.19
MagnoliaBridge,72.11,63.23
MagnoliaBridge,72.09,63.29
MagnoliaBridge,72.08,63.35
MagnoliaBridge,72.06,63.35
HarborAveUpperNorthBridge,71.85,64.71
HarborAveUpperNorthBridge,71.84,64.73
HarborAveUpperNorthBridge,71.8,64.74
HarborAveUpperNorthBridge,71.8,64.73
HarborAveUpperNorthBridge,71.78,64.67
HarborAveUpperNorthBridge,71.75,64.64
HarborAveUpperNorthBridge,71.73,64.6
HarborAveUpperNorthBridge,71.7,64.59
HarborAveUpperNorthBridge,71.69,64.63
HarborAveUpperNorthBridge,71.66,64.67
HarborAveUpperNorthBridge,71.65,64.71
HarborAveUpperNorthBridge,71.63,64.76
HarborAveUpperNorthBridge,71.6,64.78
HarborAveUpperNorthBridge,71.59,64.73
HarborAveUpperNorthBridge,71.56,64.65
SpokaneSwingBridge,71.85,64.71
SpokaneSwingBridge,71.84,64.73
SpokaneSwingBridge,71.8,64.74
SpokaneSwingBridge,71.8,64.73
SpokaneSwingBridge,71.78,64.67
SpokaneSwingBridge,71.75,64.64
SpokaneSwingBridge,71.73,64.6
SpokaneSwingBridge,71.7,64.59
SpokaneSwingBridge,71.69,64.63
SpokaneSwingBridge,71.66,64.67
SpokaneSwingBridge,71.65,64.71
SpokaneSwingBridge,71.63,64.76
SpokaneSwingBridge,71.6,64.78
SpokaneSwingBridge,71.59,64.73
SpokaneSwingBridge,71.56,64.65
SpokaneSwingBridge,89.9,75.69
AlbroPlaceAirportWay,84.8,65.55
AlbroPlaceAirportWay,84.8,65.48
AlbroPlaceAirportWay,84.8,65.43
AlbroPlaceAirportWay,84.8,65.37
AlbroPlaceAirportWay,84.8,65.32
AlbroPlaceAirportWay,84.7,65.31
AlbroPlaceAirportWay,84.7,65.3
AlbroPlaceAirportWay,84.7,65.31
AlbroPlaceAirportWay,84.7,65.35
AlbroPlaceAirportWay,84.6,65.31
AlbroPlaceAirportWay,84.6,65.26
AlbroPlaceAirportWay,84.6,65.24
AlbroPlaceAirportWay,84.6,65.19
AlbroPlaceAirportWay,84.6,65.14
AlbroPlaceAirportWay,84.6,65.14
HarborAveUpperNorthBridge,72.57,64.9
HarborAveUpperNorthBridge,72.54,64.88
HarborAveUpperNorthBridge,72.52,64.86
HarborAveUpperNorthBridge,72.51,64.83
HarborAveUpperNorthBridge,72.47,64.78
HarborAveUpperNorthBridge,72.46,64.73
HarborAveUpperNorthBridge,72.42,64.76
HarborAveUpperNorthBridge,72.41,64.78
HarborAveUpperNorthBridge,72.38,64.81
HarborAveUpperNorthBridge,72.36,64.83
HarborAveUpperNorthBridge,72.32,64.84
HarborAveUpperNorthBridge,72.31,64.83
HarborAveUpperNorthBridge,72.29,64.87
HarborAveUpperNorthBridge,72.26,64.89
HarborAveUpperNorthBridge,72.25,64.88
RooseveltWay_NE80thSt,73.57,73.57
RooseveltWay_NE80thSt,73.55,73.55
RooseveltWay_NE80thSt,73.55,73.55
RooseveltWay_NE80thSt,73.53,73.53
RooseveltWay_NE80thSt,73.51,73.51
RooseveltWay_NE80thSt,73.49,73.49
RooseveltWay_NE80thSt,73.47,73.47
RooseveltWay_NE80thSt,73.44,73.44
RooseveltWay_NE80thSt,73.44,73.44
RooseveltWay_NE80thSt,73.42,73.42
RooseveltWay_NE80thSt,73.39,73.39
RooseveltWay_NE80thSt,73.39,73.39
RooseveltWay_NE80thSt,73.35,73.35
RooseveltWay_NE80thSt,73.34,73.34
RooseveltWay_NE80thSt,73.34,73.34
MagnoliaBridge,72.85,63.72
MagnoliaBridge,72.85,63.72
MagnoliaBridge,72.82,63.72
MagnoliaBridge,72.8,63.76
MagnoliaBridge,72.76,63.76
MagnoliaBridge,72.75,63.75
MagnoliaBridge,72.73,63.74
MagnoliaBridge,72.7,63.76
MagnoliaBridge,72.68,63.81
MagnoliaBridge,72.65,63.81
MagnoliaBridge,72.64,63.82
MagnoliaBridge,72.61,63.86
MagnoliaBridge,72.59,63.86
MagnoliaBridge,72.57,63.86
MagnoliaBridge,72.54,63.86
SpokaneSwingBridge,72.52,64.86
SpokaneSwingBridge,72.51,64.83
SpokaneSwingBridge,72.47,64.78
SpokaneSwingBridge,72.46,64.73
SpokaneSwingBridge,72.42,64.76
SpokaneSwingBridge,72.41,64.78
SpokaneSwingBridge,72.38,64.81
SpokaneSwingBridge,72.36,64.83
SpokaneSwingBridge,72.32,64.84
SpokaneSwingBridge,72.31,64.83
SpokaneSwingBridge,72.29,64.87
SpokaneSwingBridge,72.26,64.89
SpokaneSwingBridge,72.25,64.88
SpokaneSwingBridge,72.21,64.88
SpokaneSwingBridge,72.21,64.88
AlbroPlaceAirportWay,81.9,76.48
AlbroPlaceAirportWay,81.9,76.7
AlbroPlaceAirportWay,81.9,76.65
AlbroPlaceAirportWay,81.9,76.55
AlbroPlaceAirportWay,81.9,76.54
AlbroPlaceAirportWay,81.9,76.56
AlbroPlaceAirportWay,81.9,76.69
AlbroPlaceAirportWay,82,76.51
AlbroPlaceAirportWay,82,76.04
AlbroPlaceAirportWay,82,75.81
AlbroPlaceAirportWay,82,75.49
AlbroPlaceAirportWay,82,75.16
AlbroPlaceAirportWay,82,75.19
AlbroPlaceAirportWay,82,75.23
AlbroPlaceAirportWay,82.1,75.36
HarborAveUpperNorthBridge,89.9,75.69
HarborAveUpperNorthBridge,90,75.67
HarborAveUpperNorthBridge,90.1,75.71
HarborAveUpperNorthBridge,90.2,75.92
HarborAveUpperNorthBridge,90.3,75.98
HarborAveUpperNorthBridge,90.3,76.02
HarborAveUpperNorthBridge,90.4,75.77
HarborAveUpperNorthBridge,90.5,75.4
HarborAveUpperNorthBridge,90.6,75.12
AlbroPlaceAirportWay,81.7,67.99
AlbroPlaceAirportWay,81.7,67.97
AlbroPlaceAirportWay,81.7,68
AlbroPlaceAirportWay,81.7,68.09
AlbroPlaceAirportWay,81.6,68.23
AlbroPlaceAirportWay,81.6,68.31
AlbroPlaceAirportWay,81.6,68.49
AlbroPlaceAirportWay,81.6,68.75
AlbroPlaceAirportWay,81.6,68.9
AlbroPlaceAirportWay,81.6,69.02
AlbroPlaceAirportWay,81.6,68.99
AlbroPlaceAirportWay,81.5,69.09
AlbroPlaceAirportWay,81.5,69.37
AlbroPlaceAirportWay,81.5,69.65
AlbroPlaceAirportWay,81.5,69.86
HarborAveUpperNorthBridge,73,66.84
HarborAveUpperNorthBridge,73.01,66.83
HarborAveUpperNorthBridge,73.05,66.79
HarborAveUpperNorthBridge,73.09,66.95
HarborAveUpperNorthBridge,73.14,67.01
HarborAveUpperNorthBridge,73.2,67
HarborAveUpperNorthBridge,73.27,67.12
HarborAveUpperNorthBridge,73.33,67.26
HarborAveUpperNorthBridge,73.41,67.4
HarborAveUpperNorthBridge,73.48,67.51
HarborAveUpperNorthBridge,73.53,67.41
HarborAveUpperNorthBridge,73.57,67.43
HarborAveUpperNorthBridge,73.62,67.56
HarborAveUpperNorthBridge,73.66,67.69
HarborAveUpperNorthBridge,73.71,67.78
RooseveltWay_NE80thSt,74.83,74.83
RooseveltWay_NE80thSt,74.86,74.86
RooseveltWay_NE80thSt,74.88,74.88
RooseveltWay_NE80thSt,74.89,74.89
RooseveltWay_NE80thSt,74.92,74.92
RooseveltWay_NE80thSt,74.94,74.94
RooseveltWay_NE80thSt,74.97,74.97
RooseveltWay_NE80thSt,74.98,74.98
RooseveltWay_NE80thSt,75,75
RooseveltWay_NE80thSt,75,75
RooseveltWay_NE80thSt,75.01,75.01
RooseveltWay_NE80thSt,75.01,75.01
RooseveltWay_NE80thSt,75.02,75.02
RooseveltWay_NE80thSt,75.02,75.02
RooseveltWay_NE80thSt,75.04,75.04
SpokaneSwingBridge,73,66.84
SpokaneSwingBridge,73.01,66.83
SpokaneSwingBridge,73.05,66.79
SpokaneSwingBridge,73.09,66.95
SpokaneSwingBridge,73.14,67.01
SpokaneSwingBridge,73.2,67
SpokaneSwingBridge,73.27,67.12
SpokaneSwingBridge,73.33,67.26
SpokaneSwingBridge,73.41,67.4
SpokaneSwingBridge,73.48,67.51
SpokaneSwingBridge,73.53,67.41
SpokaneSwingBridge,73.57,67.43
SpokaneSwingBridge,73.62,67.56
SpokaneSwingBridge,73.66,67.69
SpokaneSwingBridge,73.71,67.78
MagnoliaBridge,74.86,68.27
MagnoliaBridge,74.98,68.64
MagnoliaBridge,75.09,68.99
MagnoliaBridge,75.2,69.41
MagnoliaBridge,75.3,69.65
MagnoliaBridge,75.39,69.86
MagnoliaBridge,75.5,70.12
MagnoliaBridge,75.61,70.34
MagnoliaBridge,75.72,70.59
MagnoliaBridge,75.82,70.82
MagnoliaBridge,75.93,70.88
MagnoliaBridge,76.01,71.02
MagnoliaBridge,76.09,71.07
MagnoliaBridge,76.09,70.99
MagnoliaBridge,76.09,70.83
SpokaneSwingBridge,90,75.67
SpokaneSwingBridge,90.1,75.71
SpokaneSwingBridge,90.2,75.92
SpokaneSwingBridge,90.3,75.98
MagnoliaBridge,84.3,74.09
MagnoliaBridge,84.3,73.54
MagnoliaBridge,84.2,72.66
MagnoliaBridge,84.1,72.12
MagnoliaBridge,84.1,71.82
MagnoliaBridge,84,71.52
MagnoliaBridge,83.9,71.48
MagnoliaBridge,83.9,71.45
MagnoliaBridge,83.8,71.48
MagnoliaBridge,83.8,71.5
MagnoliaBridge,83.7,71.55
RooseveltWay_NE80thSt,77.99,77.99
RooseveltWay_NE80thSt,77.96,77.96
RooseveltWay_NE80thSt,77.95,77.95
RooseveltWay_NE80thSt,77.94,77.94
RooseveltWay_NE80thSt,77.91,77.91
RooseveltWay_NE80thSt,77.88,77.88
RooseveltWay_NE80thSt,77.86,77.86
RooseveltWay_NE80thSt,77.84,77.84
RooseveltWay_NE80thSt,77.83,77.83
RooseveltWay_NE80thSt,77.79,77.79
RooseveltWay_NE80thSt,77.78,77.78
RooseveltWay_NE80thSt,77.75,77.75
RooseveltWay_NE80thSt,77.73,77.73
RooseveltWay_NE80thSt,77.72,77.72
RooseveltWay_NE80thSt,77.68,77.68
AlbroPlaceAirportWay,87,67.91
AlbroPlaceAirportWay,87,67.88
AlbroPlaceAirportWay,87,67.87
AlbroPlaceAirportWay,87,67.85
AlbroPlaceAirportWay,87,67.83
AlbroPlaceAirportWay,87,67.83
AlbroPlaceAirportWay,86.9,67.82
AlbroPlaceAirportWay,86.9,67.78
AlbroPlaceAirportWay,86.9,67.77
AlbroPlaceAirportWay,86.9,67.74
AlbroPlaceAirportWay,86.9,67.73
AlbroPlaceAirportWay,86.9,67.73
AlbroPlaceAirportWay,86.8,67.73
AlbroPlaceAirportWay,86.8,67.69
AlbroPlaceAirportWay,86.8,67.68
RooseveltWay_NE80thSt,75.32,75.32
RooseveltWay_NE80thSt,75.3,75.3
RooseveltWay_NE80thSt,75.29,75.29
RooseveltWay_NE80thSt,75.26,75.26
RooseveltWay_NE80thSt,75.25,75.25
RooseveltWay_NE80thSt,75.24,75.24
RooseveltWay_NE80thSt,75.23,75.23
RooseveltWay_NE80thSt,75.2,75.2
RooseveltWay_NE80thSt,75.19,75.19
RooseveltWay_NE80thSt,75.16,75.16
RooseveltWay_NE80thSt,75.14,75.14
RooseveltWay_NE80thSt,75.14,75.14
RooseveltWay_NE80thSt,75.13,75.13
RooseveltWay_NE80thSt,75.1,75.1
RooseveltWay_NE80thSt,75.09,75.09
MagnoliaBridge,75.06,65.11
MagnoliaBridge,75.01,65.09
MagnoliaBridge,75.01,65.08
MagnoliaBridge,74.96,65.06
MagnoliaBridge,74.95,65.09
MagnoliaBridge,74.92,65.09
MagnoliaBridge,74.9,65.09
MagnoliaBridge,74.9,65.1
MagnoliaBridge,74.9,65.14
MagnoliaBridge,74.86,65.14
MagnoliaBridge,74.86,65.12
MagnoliaBridge,74.84,65.1
MagnoliaBridge,74.8,65.1
MagnoliaBridge,74.8,65.12
MagnoliaBridge,74.8,65.17
SpokaneSwingBridge,75.55,66.26
SpokaneSwingBridge,75.53,66.29
SpokaneSwingBridge,75.49,66.25
SpokaneSwingBridge,75.47,66.25
SpokaneSwingBridge,75.43,66.22
SpokaneSwingBridge,75.42,66.2
SpokaneSwingBridge,75.39,66.13
SpokaneSwingBridge,75.37,66.12
SpokaneSwingBridge,75.34,66.08
SpokaneSwingBridge,75.32,66.04
SpokaneSwingBridge,75.29,65.98
SpokaneSwingBridge,75.27,65.92
SpokaneSwingBridge,75.23,65.89
SpokaneSwingBridge,75.21,65.89
SpokaneSwingBridge,75.19,65.86
HarborAveUpperNorthBridge,71.32,64.69
HarborAveUpperNorthBridge,71.29,64.69
HarborAveUpperNorthBridge,71.29,64.7
HarborAveUpperNorthBridge,71.28,64.67
HarborAveUpperNorthBridge,71.25,64.64
HarborAveUpperNorthBridge,71.24,64.64
RooseveltWay_NE80thSt,72.68,72.68
RooseveltWay_NE80thSt,72.68,72.68
RooseveltWay_NE80thSt,72.66,72.66
RooseveltWay_NE80thSt,72.64,72.64
RooseveltWay_NE80thSt,72.63,72.63
RooseveltWay_NE80thSt,72.63,72.63
RooseveltWay_NE80thSt,72.62,72.62
RooseveltWay_NE80thSt,72.6,72.6
RooseveltWay_NE80thSt,72.58,72.58
RooseveltWay_NE80thSt,72.57,72.57
RooseveltWay_NE80thSt,72.56,72.56
RooseveltWay_NE80thSt,72.54,72.54
RooseveltWay_NE80thSt,72.53,72.53
RooseveltWay_NE80thSt,72.52,72.52
RooseveltWay_NE80thSt,72.52,72.52
SpokaneSwingBridge,71.49,64.58
SpokaneSwingBridge,71.46,64.54
SpokaneSwingBridge,71.44,64.52
SpokaneSwingBridge,71.43,64.54
AlbroPlaceAirportWay,90.4,72.55
AlbroPlaceAirportWay,90.4,72.5
AlbroPlaceAirportWay,90.4,72.45
AlbroPlaceAirportWay,90.4,72.45
AlbroPlaceAirportWay,90.4,72.42
AlbroPlaceAirportWay,90.3,72.37
AlbroPlaceAirportWay,90.3,72.39
AlbroPlaceAirportWay,90.3,72.4
AlbroPlaceAirportWay,90.3,72.42
AlbroPlaceAirportWay,90.3,72.41
AlbroPlaceAirportWay,90.3,72.39
AlbroPlaceAirportWay,90.3,72.35
AlbroPlaceAirportWay,90.3,72.3
AlbroPlaceAirportWay,90.2,72.3
AlbroPlaceAirportWay,90.2,72.29
SpokaneSwingBridge,82.2,71.34
SpokaneSwingBridge,82.2,71.32
SpokaneSwingBridge,82.2,71.34
SpokaneSwingBridge,82.1,71.3
SpokaneSwingBridge,82.1,71.25
SpokaneSwingBridge,82.1,71.28
SpokaneSwingBridge,82,71.26
SpokaneSwingBridge,82,71.25
SpokaneSwingBridge,82,71.24
SpokaneSwingBridge,81.9,71.26
SpokaneSwingBridge,81.9,71.26
SpokaneSwingBridge,81.9,71.29
SpokaneSwingBridge,81.9,71.24
SpokaneSwingBridge,81.8,71.18
SpokaneSwingBridge,81.8,71.12
MagnoliaBridge,80,70.78
MagnoliaBridge,79.99,70.75
MagnoliaBridge,79.98,70.74
MagnoliaBridge,79.97,70.71
MagnoliaBridge,79.92,70.72
MagnoliaBridge,79.92,70.7
MagnoliaBridge,79.89,70.7
MagnoliaBridge,79.86,70.71
MagnoliaBridge,79.86,70.74
MagnoliaBridge,79.87,70.75
MagnoliaBridge,79.82,70.76
MagnoliaBridge,79.81,70.8
MagnoliaBridge,79.81,70.81
MagnoliaBridge,79.81,70.84
MagnoliaBridge,79.79,70.85
HarborAveUpperNorthBridge,82.2,71.34
HarborAveUpperNorthBridge,82.1,71.3
HarborAveUpperNorthBridge,82.1,71.25
HarborAveUpperNorthBridge,82.1,71.28
HarborAveUpperNorthBridge,82,71.26
HarborAveUpperNorthBridge,82,71.25
HarborAveUpperNorthBridge,82,71.24
HarborAveUpperNorthBridge,81.9,71.26
HarborAveUpperNorthBridge,81.9,71.26
HarborAveUpperNorthBridge,81.9,71.29
HarborAveUpperNorthBridge,81.9,71.24
HarborAveUpperNorthBridge,81.8,71.18
HarborAveUpperNorthBridge,81.8,71.12
HarborAveUpperNorthBridge,81.8,71.04
HarborAveUpperNorthBridge,81.7,71
HarborAveUpperNorthBridge,102.3,82.8
HarborAveUpperNorthBridge,102.3,82.7
HarborAveUpperNorthBridge,102.2,82.8
HarborAveUpperNorthBridge,102.2,82.8
HarborAveUpperNorthBridge,102.2,82.7
MagnoliaBridge,101.5,85.4
MagnoliaBridge,101.5,85
MagnoliaBridge,101.4,84.8
MagnoliaBridge,101.4,84.6
MagnoliaBridge,101.3,84.4
MagnoliaBridge,101.3,84.3
MagnoliaBridge,101.2,84.4
MagnoliaBridge,101.2,84.6
MagnoliaBridge,101.1,84.6
MagnoliaBridge,101.1,84.6
MagnoliaBridge,101.1,84.7
MagnoliaBridge,101,84.8
MagnoliaBridge,101,84.7
MagnoliaBridge,100.9,84.8
MagnoliaBridge,100.9,84.7
SpokaneSwingBridge,88,77
SpokaneSwingBridge,88,76.88
SpokaneSwingBridge,87.9,76.81
SpokaneSwingBridge,87.9,76.7
SpokaneSwingBridge,87.8,76.57
SpokaneSwingBridge,87.8,76.42
SpokaneSwingBridge,87.7,76.31
SpokaneSwingBridge,87.7,76.2
SpokaneSwingBridge,87.6,76.09
SpokaneSwingBridge,87.6,76
SpokaneSwingBridge,87.5,75.92
SpokaneSwingBridge,87.5,75.83
SpokaneSwingBridge,87.4,75.74
SpokaneSwingBridge,87.4,75.62
SpokaneSwingBridge,87.3,75.51
AlbroPlaceAirportWay,89.4,70.64
AlbroPlaceAirportWay,89.4,70.62
AlbroPlaceAirportWay,89.4,70.59
AlbroPlaceAirportWay,89.4,70.53
AlbroPlaceAirportWay,89.3,70.44
AlbroPlaceAirportWay,89.3,70.34
AlbroPlaceAirportWay,89.3,70.29
AlbroPlaceAirportWay,89.3,70.23
AlbroPlaceAirportWay,89.3,70.26
AlbroPlaceAirportWay,89.3,70.28
AlbroPlaceAirportWay,89.3,70.32
AlbroPlaceAirportWay,89.2,70.38
AlbroPlaceAirportWay,89.2,70.36
AlbroPlaceAirportWay,89.2,70.31
AlbroPlaceAirportWay,89.2,70.29
AlbroPlaceAirportWay,88.9,70.1
AlbroPlaceAirportWay,88.9,70.16
AlbroPlaceAirportWay,88.9,70.16
AlbroPlaceAirportWay,88.9,70.16
AlbroPlaceAirportWay,88.8,70.16
AlbroPlaceAirportWay,88.8,70.17
AlbroPlaceAirportWay,88.8,70.14
AlbroPlaceAirportWay,88.8,70.11
AlbroPlaceAirportWay,88.7,70.08
AlbroPlaceAirportWay,88.7,70.06
AlbroPlaceAirportWay,88.7,70.08
AlbroPlaceAirportWay,88.7,70.12
AlbroPlaceAirportWay,88.7,70.16
AlbroPlaceAirportWay,88.7,70.16
AlbroPlaceAirportWay,88.7,70.1
RooseveltWay_NE80thSt,77.35,77.35
RooseveltWay_NE80thSt,77.32,77.32
RooseveltWay_NE80thSt,77.29,77.29
RooseveltWay_NE80thSt,77.27,77.27
RooseveltWay_NE80thSt,77.24,77.24
RooseveltWay_NE80thSt,77.21,77.21
RooseveltWay_NE80thSt,77.19,77.19
RooseveltWay_NE80thSt,77.18,77.18
RooseveltWay_NE80thSt,77.14,77.14
RooseveltWay_NE80thSt,77.12,77.12
RooseveltWay_NE80thSt,77.1,77.1
RooseveltWay_NE80thSt,77.08,77.08
RooseveltWay_NE80thSt,77.06,77.06
RooseveltWay_NE80thSt,77.03,77.03
RooseveltWay_NE80thSt,77.01,77.01
MagnoliaBridge,77.9,67.65
MagnoliaBridge,77.89,67.64
MagnoliaBridge,77.85,67.62
MagnoliaBridge,77.81,67.59
MagnoliaBridge,77.78,67.54
MagnoliaBridge,77.75,67.54
MagnoliaBridge,77.72,67.49
MagnoliaBridge,77.68,67.49
MagnoliaBridge,77.67,67.5
MagnoliaBridge,77.63,67.5
MagnoliaBridge,77.62,67.53
MagnoliaBridge,77.57,67.54
MagnoliaBridge,77.57,67.54
MagnoliaBridge,77.54,67.54
MagnoliaBridge,77.51,67.59
SpokaneSwingBridge,79.16,68.33
SpokaneSwingBridge,79.12,68.22
SpokaneSwingBridge,79.07,68.07
SpokaneSwingBridge,79.05,67.92
SpokaneSwingBridge,79,67.82
SpokaneSwingBridge,78.96,67.82
SpokaneSwingBridge,78.93,67.78
SpokaneSwingBridge,78.89,67.84
SpokaneSwingBridge,78.84,67.9
SpokaneSwingBridge,78.82,67.93
SpokaneSwingBridge,78.77,67.93
SpokaneSwingBridge,78.73,67.92
SpokaneSwingBridge,78.7,67.9
SpokaneSwingBridge,78.66,67.86
SpokaneSwingBridge,78.62,67.86
HarborAveUpperNorthBridge,79.16,68.33
HarborAveUpperNorthBridge,79.12,68.22
HarborAveUpperNorthBridge,79.07,68.07
HarborAveUpperNorthBridge,79.05,67.92
HarborAveUpperNorthBridge,79,67.82
HarborAveUpperNorthBridge,78.96,67.82
HarborAveUpperNorthBridge,78.93,67.78
HarborAveUpperNorthBridge,78.89,67.84
HarborAveUpperNorthBridge,78.84,67.9
HarborAveUpperNorthBridge,78.82,67.93
HarborAveUpperNorthBridge,78.77,67.93
HarborAveUpperNorthBridge,78.73,67.92
HarborAveUpperNorthBridge,78.7,67.9
HarborAveUpperNorthBridge,78.66,67.86
HarborAveUpperNorthBridge,78.62,67.86
SpokaneSwingBridge,71.4,64.58
HarborAveUpperNorthBridge,90.7,75.16
MagnoliaBridge,100.2,84.7
HarborAveUpperNorthBridge,85.1,73.92
AlbroPlaceAirportWay,88.2,69.08
AlbroPlaceAirportWay,88.2,69.06
AlbroPlaceAirportWay,88.2,69.03
AlbroPlaceAirportWay,88.2,68.99
AlbroPlaceAirportWay,88.2,68.99
AlbroPlaceAirportWay,88.1,68.96
AlbroPlaceAirportWay,88.1,68.94
AlbroPlaceAirportWay,88.1,68.94
AlbroPlaceAirportWay,88.1,68.94
AlbroPlaceAirportWay,88.1,68.94
AlbroPlaceAirportWay,88.1,68.91
AlbroPlaceAirportWay,88.1,68.9
AlbroPlaceAirportWay,88,68.9
AlbroPlaceAirportWay,88,68.9
AlbroPlaceAirportWay,88,68.94
HarborAveUpperNorthBridge,77.79,67.22
HarborAveUpperNorthBridge,77.76,67.23
HarborAveUpperNorthBridge,77.72,67.21
HarborAveUpperNorthBridge,77.69,67.18
HarborAveUpperNorthBridge,77.65,67.24
HarborAveUpperNorthBridge,77.61,67.34
HarborAveUpperNorthBridge,77.59,67.41
HarborAveUpperNorthBridge,77.55,67.47
HarborAveUpperNorthBridge,77.51,67.56
HarborAveUpperNorthBridge,77.48,67.59
HarborAveUpperNorthBridge,77.45,67.57
HarborAveUpperNorthBridge,77.41,67.5
HarborAveUpperNorthBridge,77.38,67.4
HarborAveUpperNorthBridge,77.34,67.26
HarborAveUpperNorthBridge,77.32,67.15
RooseveltWay_NE80thSt,76.51,76.51
RooseveltWay_NE80thSt,76.49,76.49
RooseveltWay_NE80thSt,76.47,76.47
RooseveltWay_NE80thSt,76.44,76.44
RooseveltWay_NE80thSt,76.43,76.43
RooseveltWay_NE80thSt,76.42,76.42
RooseveltWay_NE80thSt,76.39,76.39
RooseveltWay_NE80thSt,76.38,76.38
RooseveltWay_NE80thSt,76.36,76.36
RooseveltWay_NE80thSt,76.34,76.34
RooseveltWay_NE80thSt,76.32,76.32
RooseveltWay_NE80thSt,76.32,76.32
RooseveltWay_NE80thSt,76.3,76.3
RooseveltWay_NE80thSt,76.27,76.27
RooseveltWay_NE80thSt,76.26,76.26
MagnoliaBridge,76.76,66.33
MagnoliaBridge,76.72,66.29
MagnoliaBridge,76.7,66.26
MagnoliaBridge,76.67,66.22
MagnoliaBridge,76.64,66.2
MagnoliaBridge,76.6,66.2
MagnoliaBridge,76.59,66.17
MagnoliaBridge,76.55,66.18
MagnoliaBridge,76.53,66.16
MagnoliaBridge,76.48,66.17
MagnoliaBridge,76.48,66.17
MagnoliaBridge,76.44,66.16
MagnoliaBridge,76.42,66.18
MagnoliaBridge,76.39,66.21
MagnoliaBridge,76.37,66.2
SpokaneSwingBridge,77.72,67.21
SpokaneSwingBridge,77.69,67.18
SpokaneSwingBridge,77.65,67.24
SpokaneSwingBridge,77.61,67.34
SpokaneSwingBridge,77.59,67.41
SpokaneSwingBridge,77.55,67.47
SpokaneSwingBridge,77.51,67.56
SpokaneSwingBridge,77.48,67.59
SpokaneSwingBridge,77.45,67.57
SpokaneSwingBridge,77.41,67.5
SpokaneSwingBridge,77.38,67.4
SpokaneSwingBridge,77.34,67.26
SpokaneSwingBridge,77.32,67.15
SpokaneSwingBridge,77.27,67
SpokaneSwingBridge,77.25,66.86
MagnoliaBridge,100.1,84.9
MagnoliaBridge,100.1,84.8
MagnoliaBridge,100,84.7
MagnoliaBridge,100,84.5
MagnoliaBridge,99.9,84.4
HarborAveUpperNorthBridge,102,82.6
HarborAveUpperNorthBridge,101.9,82.6
HarborAveUpperNorthBridge,101.9,82.6
HarborAveUpperNorthBridge,101.8,82.7
HarborAveUpperNorthBridge,101.8,82.8
HarborAveUpperNorthBridge,101.8,82.9
HarborAveUpperNorthBridge,101.7,82.9
HarborAveUpperNorthBridge,101.7,82.9
HarborAveUpperNorthBridge,101.7,83
HarborAveUpperNorthBridge,101.7,83.2
HarborAveUpperNorthBridge,101.6,83.1
HarborAveUpperNorthBridge,101.6,83
HarborAveUpperNorthBridge,101.6,83
HarborAveUpperNorthBridge,101.5,83
HarborAveUpperNorthBridge,101.5,82.9
AlbroPlaceAirportWay,89.9,72.04
AlbroPlaceAirportWay,89.9,72.03
AlbroPlaceAirportWay,89.9,71.99
AlbroPlaceAirportWay,89.9,71.99
AlbroPlaceAirportWay,89.9,71.99
AlbroPlaceAirportWay,89.9,71.94
AlbroPlaceAirportWay,89.8,71.86
AlbroPlaceAirportWay,89.8,71.81
AlbroPlaceAirportWay,89.8,71.78
AlbroPlaceAirportWay,89.8,71.71
AlbroPlaceAirportWay,89.8,71.68
AlbroPlaceAirportWay,89.7,71.62
AlbroPlaceAirportWay,89.7,71.58
AlbroPlaceAirportWay,89.7,71.56
AlbroPlaceAirportWay,89.7,71.49
RooseveltWay_NE80thSt,78.44,78.44
RooseveltWay_NE80thSt,78.42,78.42
RooseveltWay_NE80thSt,78.41,78.41
RooseveltWay_NE80thSt,78.39,78.39
RooseveltWay_NE80thSt,78.39,78.39
RooseveltWay_NE80thSt,78.39,78.39
RooseveltWay_NE80thSt,78.38,78.38
RooseveltWay_NE80thSt,78.34,78.34
RooseveltWay_NE80thSt,78.33,78.33
RooseveltWay_NE80thSt,78.32,78.32
RooseveltWay_NE80thSt,78.3,78.3
RooseveltWay_NE80thSt,78.29,78.29
RooseveltWay_NE80thSt,78.28,78.28
RooseveltWay_NE80thSt,78.27,78.27
RooseveltWay_NE80thSt,78.26,78.26
AlbroPlaceAirportWay,89.3,70.32
AlbroPlaceAirportWay,89.2,70.38
AlbroPlaceAirportWay,89.2,70.36
AlbroPlaceAirportWay,89.2,70.31
AlbroPlaceAirportWay,89.2,70.29
AlbroPlaceAirportWay,89.1,70.22
AlbroPlaceAirportWay,89.1,70.17
AlbroPlaceAirportWay,89.1,70.14
AlbroPlaceAirportWay,89.1,70.08
AlbroPlaceAirportWay,89.1,70.06
AlbroPlaceAirportWay,89.1,70.08
AlbroPlaceAirportWay,89.1,70.12
AlbroPlaceAirportWay,89,70.09
AlbroPlaceAirportWay,89,70.02
AlbroPlaceAirportWay,89,70
HarborAveUpperNorthBridge,79.99,69.78
HarborAveUpperNorthBridge,79.96,69.7
HarborAveUpperNorthBridge,79.92,69.59
HarborAveUpperNorthBridge,79.88,69.49
HarborAveUpperNorthBridge,79.84,69.41
HarborAveUpperNorthBridge,79.8,69.32
HarborAveUpperNorthBridge,79.76,69.27
HarborAveUpperNorthBridge,79.72,69.23
HarborAveUpperNorthBridge,79.68,69.16
HarborAveUpperNorthBridge,79.63,69.11
HarborAveUpperNorthBridge,79.61,69.09
HarborAveUpperNorthBridge,79.56,69.06
HarborAveUpperNorthBridge,79.52,69.08
HarborAveUpperNorthBridge,79.49,69.05
HarborAveUpperNorthBridge,79.45,69.03
RooseveltWay_NE80thSt,77.78,77.78
RooseveltWay_NE80thSt,77.75,77.75
RooseveltWay_NE80thSt,77.73,77.73
RooseveltWay_NE80thSt,77.72,77.72
RooseveltWay_NE80thSt,77.68,77.68
RooseveltWay_NE80thSt,77.67,77.67
RooseveltWay_NE80thSt,77.64,77.64
RooseveltWay_NE80thSt,77.62,77.62
RooseveltWay_NE80thSt,77.61,77.61
RooseveltWay_NE80thSt,77.59,77.59
RooseveltWay_NE80thSt,77.56,77.56
RooseveltWay_NE80thSt,77.54,77.54
RooseveltWay_NE80thSt,77.52,77.52
RooseveltWay_NE80thSt,77.51,77.51
RooseveltWay_NE80thSt,77.5,77.5
MagnoliaBridge,78.6,69.42
MagnoliaBridge,78.57,69.26
MagnoliaBridge,78.56,69.13
MagnoliaBridge,78.51,69.09
MagnoliaBridge,78.49,69.01
MagnoliaBridge,78.44,68.93
MagnoliaBridge,78.43,68.82
MagnoliaBridge,78.39,68.7
MagnoliaBridge,78.34,68.62
MagnoliaBridge,78.33,68.55
MagnoliaBridge,78.28,68.4
MagnoliaBridge,78.23,68.25
MagnoliaBridge,78.21,68.15
MagnoliaBridge,78.16,68.04
MagnoliaBridge,78.11,67.94
SpokaneSwingBridge,79.99,69.78
SpokaneSwingBridge,79.96,69.7
SpokaneSwingBridge,79.92,69.59
SpokaneSwingBridge,79.88,69.49
SpokaneSwingBridge,79.84,69.41
SpokaneSwingBridge,79.8,69.32
SpokaneSwingBridge,79.76,69.27
SpokaneSwingBridge,79.72,69.23
SpokaneSwingBridge,79.68,69.16
AlbroPlaceAirportWay,85.7,67.02
AlbroPlaceAirportWay,85.6,66.86
AlbroPlaceAirportWay,85.6,66.81
AlbroPlaceAirportWay,85.6,66.94
AlbroPlaceAirportWay,85.6,67.04
AlbroPlaceAirportWay,85.6,66.95
AlbroPlaceAirportWay,85.6,66.84
AlbroPlaceAirportWay,85.5,66.79
AlbroPlaceAirportWay,85.5,66.75
AlbroPlaceAirportWay,85.5,66.72
AlbroPlaceAirportWay,85.5,66.65
AlbroPlaceAirportWay,85.5,66.58
AlbroPlaceAirportWay,85.4,66.53
AlbroPlaceAirportWay,85.4,66.51
AlbroPlaceAirportWay,85.4,66.48
RooseveltWay_NE80thSt,74.39,74.39
RooseveltWay_NE80thSt,74.39,74.39
RooseveltWay_NE80thSt,74.37,74.37
RooseveltWay_NE80thSt,74.34,74.34
RooseveltWay_NE80thSt,74.32,74.32
RooseveltWay_NE80thSt,74.29,74.29
RooseveltWay_NE80thSt,74.29,74.29
RooseveltWay_NE80thSt,74.25,74.25
RooseveltWay_NE80thSt,74.23,74.23
RooseveltWay_NE80thSt,74.2,74.2
RooseveltWay_NE80thSt,74.18,74.18
RooseveltWay_NE80thSt,74.17,74.17
RooseveltWay_NE80thSt,74.14,74.14
RooseveltWay_NE80thSt,74.12,74.12
RooseveltWay_NE80thSt,74.08,74.08
MagnoliaBridge,73.99,64.52
MagnoliaBridge,73.99,64.6
MagnoliaBridge,73.99,64.68
MagnoliaBridge,73.98,64.75
MagnoliaBridge,73.96,64.8
MagnoliaBridge,73.93,64.83
MagnoliaBridge,73.93,64.86
MagnoliaBridge,73.93,64.88
MagnoliaBridge,73.9,64.87
MagnoliaBridge,73.88,64.87
MagnoliaBridge,73.88,64.83
MagnoliaBridge,73.85,64.83
MagnoliaBridge,73.83,64.83
MagnoliaBridge,73.83,64.86
MagnoliaBridge,73.78,64.89
HarborAveUpperNorthBridge,73.73,65.62
HarborAveUpperNorthBridge,73.71,65.66
HarborAveUpperNorthBridge,73.7,65.69
HarborAveUpperNorthBridge,73.67,65.79
HarborAveUpperNorthBridge,73.66,65.9
HarborAveUpperNorthBridge,73.65,66.11
HarborAveUpperNorthBridge,73.62,66.3
HarborAveUpperNorthBridge,73.6,66.44
HarborAveUpperNorthBridge,73.58,66.42
HarborAveUpperNorthBridge,73.55,66.45
HarborAveUpperNorthBridge,73.55,66.26
HarborAveUpperNorthBridge,73.51,66.12
HarborAveUpperNorthBridge,73.49,65.96
HarborAveUpperNorthBridge,73.46,65.85
HarborAveUpperNorthBridge,73.45,65.82
AlbroPlaceAirportWay,91.1,75.05
AlbroPlaceAirportWay,91.1,75
AlbroPlaceAirportWay,91.1,74.9
AlbroPlaceAirportWay,91.1,74.8
AlbroPlaceAirportWay,91,74.72
AlbroPlaceAirportWay,91,74.6
AlbroPlaceAirportWay,91,74.44
AlbroPlaceAirportWay,91,74.28
AlbroPlaceAirportWay,91,74.19
AlbroPlaceAirportWay,90.9,74.1
AlbroPlaceAirportWay,90.9,74.02
AlbroPlaceAirportWay,90.9,73.98
AlbroPlaceAirportWay,90.9,74.01
AlbroPlaceAirportWay,90.9,73.97
AlbroPlaceAirportWay,90.9,73.93
AlbroPlaceAirportWay,90.7,73.29
AlbroPlaceAirportWay,90.7,73.31
AlbroPlaceAirportWay,90.7,73.35
AlbroPlaceAirportWay,90.6,73.35
AlbroPlaceAirportWay,90.6,73.33
AlbroPlaceAirportWay,90.6,73.3
AlbroPlaceAirportWay,90.6,73.27
AlbroPlaceAirportWay,90.6,73.21
AlbroPlaceAirportWay,90.5,73.13
AlbroPlaceAirportWay,90.5,73.03
AlbroPlaceAirportWay,90.5,72.99
AlbroPlaceAirportWay,90.5,72.99
AlbroPlaceAirportWay,90.5,73
AlbroPlaceAirportWay,90.5,73
AlbroPlaceAirportWay,90.5,73.01
SpokaneSwingBridge,83.4,72.66
SpokaneSwingBridge,83.3,72.57
SpokaneSwingBridge,83.3,72.51
SpokaneSwingBridge,83.3,72.48
SpokaneSwingBridge,83.2,72.39
SpokaneSwingBridge,83.2,72.33
SpokaneSwingBridge,83.2,72.31
SpokaneSwingBridge,83.1,72.35
SpokaneSwingBridge,83.1,72.39
SpokaneSwingBridge,80.4,70.24
SpokaneSwingBridge,80.3,70.2
SpokaneSwingBridge,80.3,70.19
SpokaneSwingBridge,80.2,70.18
SpokaneSwingBridge,80.2,70.16
SpokaneSwingBridge,80.2,70.11
SpokaneSwingBridge,80.1,70.05
SpokaneSwingBridge,80.1,70.05
SpokaneSwingBridge,80.1,69.98
SpokaneSwingBridge,80,69.87
SpokaneSwingBridge,79.99,69.78
SpokaneSwingBridge,79.96,69.7
SpokaneSwingBridge,79.92,69.59
SpokaneSwingBridge,79.88,69.49
SpokaneSwingBridge,79.84,69.41
AlbroPlaceAirportWay,87.2,68
AlbroPlaceAirportWay,87.2,67.97
AlbroPlaceAirportWay,87.2,67.95
AlbroPlaceAirportWay,87.2,67.92
AlbroPlaceAirportWay,87.1,67.97
AlbroPlaceAirportWay,87.1,68.02
AlbroPlaceAirportWay,87.1,68.02
AlbroPlaceAirportWay,87.1,67.98
AlbroPlaceAirportWay,87.1,67.98
AlbroPlaceAirportWay,87.1,67.94
AlbroPlaceAirportWay,87,67.91
AlbroPlaceAirportWay,87,67.88
AlbroPlaceAirportWay,87,67.87
AlbroPlaceAirportWay,87,67.85
AlbroPlaceAirportWay,87,67.83
RooseveltWay_NE80thSt,75.46,75.46
RooseveltWay_NE80thSt,75.46,75.46
RooseveltWay_NE80thSt,75.45,75.45
RooseveltWay_NE80thSt,75.42,75.42
RooseveltWay_NE80thSt,75.41,75.41
RooseveltWay_NE80thSt,75.4,75.4
RooseveltWay_NE80thSt,75.36,75.36
RooseveltWay_NE80thSt,75.36,75.36
RooseveltWay_NE80thSt,75.35,75.35
RooseveltWay_NE80thSt,75.34,75.34
RooseveltWay_NE80thSt,75.32,75.32
RooseveltWay_NE80thSt,75.3,75.3
RooseveltWay_NE80thSt,75.29,75.29
RooseveltWay_NE80thSt,75.26,75.26
RooseveltWay_NE80thSt,75.25,75.25
SpokaneSwingBridge,75.87,66.23
SpokaneSwingBridge,75.86,66.22
SpokaneSwingBridge,75.82,66.21
SpokaneSwingBridge,75.81,66.24
SpokaneSwingBridge,75.76,66.27
SpokaneSwingBridge,75.75,66.27
SpokaneSwingBridge,75.72,66.23
SpokaneSwingBridge,75.7,66.22
SpokaneSwingBridge,75.65,66.23
SpokaneSwingBridge,75.64,66.27
SpokaneSwingBridge,75.61,66.27
SpokaneSwingBridge,75.58,66.24
SpokaneSwingBridge,75.55,66.26
SpokaneSwingBridge,75.53,66.29
SpokaneSwingBridge,75.49,66.25
MagnoliaBridge,75.29,65.36
MagnoliaBridge,75.27,65.33
MagnoliaBridge,75.22,65.27
MagnoliaBridge,75.22,65.23
MagnoliaBridge,75.17,65.19
MagnoliaBridge,75.16,65.17
MagnoliaBridge,75.13,65.14
MagnoliaBridge,75.11,65.14
MagnoliaBridge,75.1,65.15
MagnoliaBridge,75.06,65.14
MagnoliaBridge,75.06,65.11
MagnoliaBridge,75.01,65.09
MagnoliaBridge,75.01,65.08
MagnoliaBridge,74.96,65.06
MagnoliaBridge,74.95,65.09
HarborAveUpperNorthBridge,75.82,66.21
HarborAveUpperNorthBridge,75.81,66.24
HarborAveUpperNorthBridge,75.76,66.27
HarborAveUpperNorthBridge,75.75,66.27
HarborAveUpperNorthBridge,75.72,66.23
HarborAveUpperNorthBridge,75.7,66.22
HarborAveUpperNorthBridge,75.65,66.23
HarborAveUpperNorthBridge,75.64,66.27
HarborAveUpperNorthBridge,75.61,66.27
HarborAveUpperNorthBridge,75.58,66.24
HarborAveUpperNorthBridge,75.55,66.26
HarborAveUpperNorthBridge,75.53,66.29
HarborAveUpperNorthBridge,75.49,66.25
HarborAveUpperNorthBridge,75.47,66.25
HarborAveUpperNorthBridge,75.43,66.22
HarborAveUpperNorthBridge,75.61,66.27
HarborAveUpperNorthBridge,75.58,66.24
HarborAveUpperNorthBridge,75.55,66.26
HarborAveUpperNorthBridge,75.53,66.29
HarborAveUpperNorthBridge,75.49,66.25
HarborAveUpperNorthBridge,75.47,66.25
HarborAveUpperNorthBridge,75.43,66.22
HarborAveUpperNorthBridge,75.42,66.2
HarborAveUpperNorthBridge,75.39,66.13
RooseveltWay_NE80thSt,78.55,78.55
RooseveltWay_NE80thSt,78.53,78.53
RooseveltWay_NE80thSt,78.53,78.53
RooseveltWay_NE80thSt,78.51,78.51
RooseveltWay_NE80thSt,78.5,78.5
RooseveltWay_NE80thSt,78.5,78.5
RooseveltWay_NE80thSt,78.5,78.5
RooseveltWay_NE80thSt,78.48,78.48
RooseveltWay_NE80thSt,78.46,78.46
RooseveltWay_NE80thSt,78.44,78.44
RooseveltWay_NE80thSt,78.44,78.44
RooseveltWay_NE80thSt,78.42,78.42
RooseveltWay_NE80thSt,78.41,78.41
RooseveltWay_NE80thSt,78.39,78.39
RooseveltWay_NE80thSt,78.39,78.39
MagnoliaBridge,79.71,70.95
MagnoliaBridge,79.7,70.92
MagnoliaBridge,79.67,70.88
MagnoliaBridge,79.66,70.85
MagnoliaBridge,79.66,70.8
MagnoliaBridge,79.63,70.77
MagnoliaBridge,79.61,70.77
MagnoliaBridge,79.6,70.7
MagnoliaBridge,79.59,70.63
MagnoliaBridge,79.55,70.6
MagnoliaBridge,79.55,70.57
MagnoliaBridge,79.55,70.6
MagnoliaBridge,79.51,70.61
MagnoliaBridge,79.49,70.62
MagnoliaBridge,79.49,70.61
SpokaneSwingBridge,81.6,71.09
SpokaneSwingBridge,81.6,71.13
SpokaneSwingBridge,81.5,71.17
SpokaneSwingBridge,81.5,71.21
SpokaneSwingBridge,81.5,71.22
SpokaneSwingBridge,81.5,71.25
SpokaneSwingBridge,81.4,71.24
SpokaneSwingBridge,81.4,71.21
SpokaneSwingBridge,81.4,71.2
SpokaneSwingBridge,81.3,71.22
SpokaneSwingBridge,81.3,71.24
SpokaneSwingBridge,81.3,71.25
SpokaneSwingBridge,81.2,71.27
SpokaneSwingBridge,81.2,71.3
SpokaneSwingBridge,81.2,71.3
AlbroPlaceAirportWay,82.1,65.74
AlbroPlaceAirportWay,82.1,65.69
AlbroPlaceAirportWay,82.1,65.69
AlbroPlaceAirportWay,82.1,65.68
AlbroPlaceAirportWay,82,65.78
AlbroPlaceAirportWay,82,65.94
AlbroPlaceAirportWay,82,66.11
AlbroPlaceAirportWay,82,66.33
AlbroPlaceAirportWay,82,66.48
AlbroPlaceAirportWay,82,66.64
AlbroPlaceAirportWay,81.9,66.83
AlbroPlaceAirportWay,81.9,67.04
AlbroPlaceAirportWay,81.9,67.15
AlbroPlaceAirportWay,81.9,67.15
AlbroPlaceAirportWay,81.9,67.08
MagnoliaBridge,72.12,64.62
MagnoliaBridge,72.2,64.78
MagnoliaBridge,72.28,64.95
MagnoliaBridge,72.38,65.22
MagnoliaBridge,72.47,65.45
MagnoliaBridge,72.58,65.68
MagnoliaBridge,72.7,65.95
MagnoliaBridge,72.81,66.15
MagnoliaBridge,72.91,66.26
MagnoliaBridge,73,66.39
MagnoliaBridge,73.11,66.38
MagnoliaBridge,73.22,66.36
MagnoliaBridge,73.31,66.32
MagnoliaBridge,73.4,66.42
MagnoliaBridge,73.5,66.38
AlbroPlaceAirportWay,89.9,85.5
AlbroPlaceAirportWay,89.9,85.8
AlbroPlaceAirportWay,89.9,85.8
AlbroPlaceAirportWay,89.9,85.7
AlbroPlaceAirportWay,89.9,85.7
AlbroPlaceAirportWay,90,85.8
AlbroPlaceAirportWay,90,85.6
AlbroPlaceAirportWay,90,85.4
AlbroPlaceAirportWay,90,85.3
AlbroPlaceAirportWay,90.1,85.3
AlbroPlaceAirportWay,90.1,85.4
AlbroPlaceAirportWay,90.1,85.4
AlbroPlaceAirportWay,90.1,85.4
AlbroPlaceAirportWay,90.2,85.2
AlbroPlaceAirportWay,90.2,85.3
RooseveltWay_NE80thSt,88.4,88.4
RooseveltWay_NE80thSt,88.4,88.4
RooseveltWay_NE80thSt,88.3,88.3
RooseveltWay_NE80thSt,88.3,88.3
RooseveltWay_NE80thSt,88.3,88.3
RooseveltWay_NE80thSt,88.2,88.2
RooseveltWay_NE80thSt,88.2,88.2
RooseveltWay_NE80thSt,88.2,88.2
RooseveltWay_NE80thSt,88.1,88.1
RooseveltWay_NE80thSt,88.1,88.1
RooseveltWay_NE80thSt,88.1,88.1
AlbroPlaceAirportWay,89.8,71.68
AlbroPlaceAirportWay,89.7,71.62
AlbroPlaceAirportWay,89.7,71.58
AlbroPlaceAirportWay,89.7,71.56
AlbroPlaceAirportWay,89.7,71.49
AlbroPlaceAirportWay,89.7,71.47
AlbroPlaceAirportWay,89.7,71.52
AlbroPlaceAirportWay,89.7,71.5
AlbroPlaceAirportWay,89.6,71.42
AlbroPlaceAirportWay,89.6,71.31
AlbroPlaceAirportWay,89.6,71.2
AlbroPlaceAirportWay,89.6,71.09
AlbroPlaceAirportWay,89.5,71.04
AlbroPlaceAirportWay,89.5,71.07
AlbroPlaceAirportWay,89.5,71.03
HarborAveUpperNorthBridge,81,71.25
HarborAveUpperNorthBridge,81,71.25
HarborAveUpperNorthBridge,80.9,71.29
HarborAveUpperNorthBridge,80.9,71.3
HarborAveUpperNorthBridge,80.9,71.29
HarborAveUpperNorthBridge,80.9,71.29
HarborAveUpperNorthBridge,80.8,71.24
HarborAveUpperNorthBridge,80.8,71.19
HarborAveUpperNorthBridge,80.8,71.13
HarborAveUpperNorthBridge,80.7,71.06
HarborAveUpperNorthBridge,80.7,70.97
HarborAveUpperNorthBridge,80.7,70.91
HarborAveUpperNorthBridge,80.6,70.88
HarborAveUpperNorthBridge,80.6,70.77
HarborAveUpperNorthBridge,80.6,70.68
RooseveltWay_NE80thSt,78.3,78.3
RooseveltWay_NE80thSt,78.29,78.29
RooseveltWay_NE80thSt,78.28,78.28
RooseveltWay_NE80thSt,78.27,78.27
RooseveltWay_NE80thSt,78.26,78.26
RooseveltWay_NE80thSt,78.24,78.24
RooseveltWay_NE80thSt,78.23,78.23
RooseveltWay_NE80thSt,78.21,78.21
RooseveltWay_NE80thSt,78.2,78.2
RooseveltWay_NE80thSt,78.17,78.17
RooseveltWay_NE80thSt,78.17,78.17
RooseveltWay_NE80thSt,78.15,78.15
RooseveltWay_NE80thSt,78.12,78.12
RooseveltWay_NE80thSt,78.1,78.1
RooseveltWay_NE80thSt,78.09,78.09
MagnoliaBridge,79.36,70.52
MagnoliaBridge,79.32,70.51
MagnoliaBridge,79.32,70.47
MagnoliaBridge,79.3,70.47
MagnoliaBridge,79.27,70.47
MagnoliaBridge,79.26,70.45
MagnoliaBridge,79.22,70.47
MagnoliaBridge,79.22,70.45
MagnoliaBridge,79.19,70.42
MagnoliaBridge,79.16,70.37
MagnoliaBridge,79.15,70.35
MagnoliaBridge,79.11,70.28
MagnoliaBridge,79.11,70.21
MagnoliaBridge,79.07,70.14
MagnoliaBridge,79.05,70.08
AlbroPlaceAirportWay,87.8,71.01
AlbroPlaceAirportWay,87.8,71.05
AlbroPlaceAirportWay,87.8,70.98
AlbroPlaceAirportWay,87.8,71.02
AlbroPlaceAirportWay,87.8,70.99
AlbroPlaceAirportWay,87.8,70.86
AlbroPlaceAirportWay,87.8,70.8
AlbroPlaceAirportWay,87.7,70.86
AlbroPlaceAirportWay,87.7,70.84
AlbroPlaceAirportWay,87.7,70.94
AlbroPlaceAirportWay,87.7,71.05
AlbroPlaceAirportWay,87.7,71.01
AlbroPlaceAirportWay,87.7,70.94
AlbroPlaceAirportWay,87.6,70.78
AlbroPlaceAirportWay,87.6,70.6
HarborAveUpperNorthBridge,78.07,69.42
HarborAveUpperNorthBridge,78.04,69.31
HarborAveUpperNorthBridge,78.02,69.2
HarborAveUpperNorthBridge,77.99,69.13
HarborAveUpperNorthBridge,77.97,69
HarborAveUpperNorthBridge,77.93,68.88
HarborAveUpperNorthBridge,77.9,68.82
HarborAveUpperNorthBridge,77.88,68.75
HarborAveUpperNorthBridge,77.84,68.73
HarborAveUpperNorthBridge,77.82,68.72
HarborAveUpperNorthBridge,77.79,68.74
HarborAveUpperNorthBridge,77.76,68.76
HarborAveUpperNorthBridge,77.72,68.77
HarborAveUpperNorthBridge,77.71,68.78
HarborAveUpperNorthBridge,77.68,68.74
RooseveltWay_NE80thSt,76.5,76.5
RooseveltWay_NE80thSt,76.49,76.49
RooseveltWay_NE80thSt,76.47,76.47
RooseveltWay_NE80thSt,76.44,76.44
RooseveltWay_NE80thSt,76.43,76.43
RooseveltWay_NE80thSt,76.42,76.42
RooseveltWay_NE80thSt,76.4,76.4
RooseveltWay_NE80thSt,76.38,76.38
AlbroPlaceAirportWay,89.1,70.08
AlbroPlaceAirportWay,89.1,70.12
AlbroPlaceAirportWay,89,70.09
AlbroPlaceAirportWay,89,70.02
AlbroPlaceAirportWay,89,70
AlbroPlaceAirportWay,89,69.96
AlbroPlaceAirportWay,89,69.93
AlbroPlaceAirportWay,88.9,69.96
AlbroPlaceAirportWay,88.9,70
AlbroPlaceAirportWay,88.9,70.04
AlbroPlaceAirportWay,88.9,70.1
AlbroPlaceAirportWay,88.9,70.16
AlbroPlaceAirportWay,88.9,70.16
AlbroPlaceAirportWay,88.9,70.16
AlbroPlaceAirportWay,88.8,70.16
RooseveltWay_NE80thSt,77.56,77.56
RooseveltWay_NE80thSt,77.54,77.54
RooseveltWay_NE80thSt,77.52,77.52
RooseveltWay_NE80thSt,77.51,77.51
RooseveltWay_NE80thSt,77.5,77.5
RooseveltWay_NE80thSt,77.45,77.45
RooseveltWay_NE80thSt,77.44,77.44
RooseveltWay_NE80thSt,77.4,77.4
RooseveltWay_NE80thSt,77.4,77.4
RooseveltWay_NE80thSt,77.37,77.37
RooseveltWay_NE80thSt,77.35,77.35
RooseveltWay_NE80thSt,77.32,77.32
RooseveltWay_NE80thSt,77.29,77.29
RooseveltWay_NE80thSt,77.27,77.27
RooseveltWay_NE80thSt,77.24,77.24
SpokaneSwingBridge,79.61,69.09
SpokaneSwingBridge,79.56,69.06
SpokaneSwingBridge,79.52,69.08
SpokaneSwingBridge,79.49,69.05
SpokaneSwingBridge,79.45,69.03
SpokaneSwingBridge,79.41,68.99
SpokaneSwingBridge,79.38,68.92
SpokaneSwingBridge,79.34,68.85
SpokaneSwingBridge,79.3,68.78
SpokaneSwingBridge,79.27,68.59
SpokaneSwingBridge,79.22,68.45
SpokaneSwingBridge,79.19,68.38
SpokaneSwingBridge,79.16,68.33
SpokaneSwingBridge,79.12,68.22
SpokaneSwingBridge,79.07,68.07
MagnoliaBridge,78.28,68.4
MagnoliaBridge,78.23,68.25
MagnoliaBridge,78.21,68.15
MagnoliaBridge,78.16,68.04
MagnoliaBridge,78.11,67.94
MagnoliaBridge,78.08,67.85
MagnoliaBridge,78.04,67.76
MagnoliaBridge,78,67.71
MagnoliaBridge,77.97,67.68
MagnoliaBridge,77.93,67.64
MagnoliaBridge,77.9,67.65
MagnoliaBridge,77.89,67.64
MagnoliaBridge,77.85,67.62
MagnoliaBridge,77.81,67.59
MagnoliaBridge,77.78,67.54
HarborAveUpperNorthBridge,79.52,69.08
HarborAveUpperNorthBridge,79.49,69.05
HarborAveUpperNorthBridge,79.45,69.03
HarborAveUpperNorthBridge,79.41,68.99
HarborAveUpperNorthBridge,79.38,68.92
HarborAveUpperNorthBridge,79.34,68.85
HarborAveUpperNorthBridge,79.3,68.78
HarborAveUpperNorthBridge,79.27,68.59
HarborAveUpperNorthBridge,79.22,68.45
HarborAveUpperNorthBridge,79.19,68.38
HarborAveUpperNorthBridge,79.16,68.33
HarborAveUpperNorthBridge,79.12,68.22
HarborAveUpperNorthBridge,79.07,68.07
HarborAveUpperNorthBridge,79.05,67.92
HarborAveUpperNorthBridge,79,67.82
AlbroPlaceAirportWay,90.1,85.4
AlbroPlaceAirportWay,90.1,85.4
AlbroPlaceAirportWay,90.1,85.4
AlbroPlaceAirportWay,90.2,85.2
AlbroPlaceAirportWay,90.2,85.3
AlbroPlaceAirportWay,90.2,85.5
AlbroPlaceAirportWay,90.2,85.5
AlbroPlaceAirportWay,90.2,85.3
AlbroPlaceAirportWay,90.3,85.4
AlbroPlaceAirportWay,90.3,85.3
AlbroPlaceAirportWay,90.3,85.3
AlbroPlaceAirportWay,90.3,85.2
AlbroPlaceAirportWay,90.3,85.2
AlbroPlaceAirportWay,90.4,85
AlbroPlaceAirportWay,90.4,84.8
HarborAveUpperNorthBridge,78.7,70.01
AlbroPlaceAirportWay,90.5,72.72
AlbroPlaceAirportWay,90.5,72.66
AlbroPlaceAirportWay,90.5,72.68
AlbroPlaceAirportWay,90.5,72.68
AlbroPlaceAirportWay,90.5,72.72
AlbroPlaceAirportWay,90.5,72.75
AlbroPlaceAirportWay,90.5,72.71
AlbroPlaceAirportWay,90.5,72.7
AlbroPlaceAirportWay,90.4,72.65
AlbroPlaceAirportWay,90.4,72.6
AlbroPlaceAirportWay,90.4,72.55
AlbroPlaceAirportWay,90.4,72.5
AlbroPlaceAirportWay,90.4,72.45
AlbroPlaceAirportWay,90.4,72.45
AlbroPlaceAirportWay,90.4,72.42
HarborAveUpperNorthBridge,82.5,71.34
HarborAveUpperNorthBridge,82.5,71.34
HarborAveUpperNorthBridge,82.5,71.33
HarborAveUpperNorthBridge,82.4,71.36
HarborAveUpperNorthBridge,82.4,71.41
HarborAveUpperNorthBridge,82.4,71.46
HarborAveUpperNorthBridge,82.4,71.45
HarborAveUpperNorthBridge,82.3,71.45
HarborAveUpperNorthBridge,82.3,71.43
HarborAveUpperNorthBridge,82.3,71.38
HarborAveUpperNorthBridge,82.2,71.34
HarborAveUpperNorthBridge,82.2,71.32
HarborAveUpperNorthBridge,82.2,71.34
HarborAveUpperNorthBridge,82.1,71.3
HarborAveUpperNorthBridge,82.1,71.25
RooseveltWay_NE80thSt,79.01,79.01
RooseveltWay_NE80thSt,78.98,78.98
RooseveltWay_NE80thSt,78.97,78.97
RooseveltWay_NE80thSt,78.94,78.94
RooseveltWay_NE80thSt,78.93,78.93
RooseveltWay_NE80thSt,78.92,78.92
RooseveltWay_NE80thSt,78.9,78.9
RooseveltWay_NE80thSt,78.88,78.88
RooseveltWay_NE80thSt,78.86,78.86
RooseveltWay_NE80thSt,78.84,78.84
RooseveltWay_NE80thSt,78.82,78.82
RooseveltWay_NE80thSt,78.82,78.82
RooseveltWay_NE80thSt,78.78,78.78
RooseveltWay_NE80thSt,78.78,78.78
RooseveltWay_NE80thSt,78.75,78.75
MagnoliaBridge,80.3,71.22
MagnoliaBridge,80.3,71.18
MagnoliaBridge,80.2,71.14
MagnoliaBridge,80.2,71.11
MagnoliaBridge,80.2,71.05
MagnoliaBridge,80.1,71
MagnoliaBridge,80.1,70.94
MagnoliaBridge,80.1,70.89
MagnoliaBridge,80.1,70.86
MagnoliaBridge,80,70.83
MagnoliaBridge,80,70.78
MagnoliaBridge,79.99,70.75
MagnoliaBridge,79.98,70.74
MagnoliaBridge,79.97,70.71
MagnoliaBridge,79.92,70.72
SpokaneSwingBridge,82.5,71.34
SpokaneSwingBridge,82.5,71.34
SpokaneSwingBridge,82.5,71.33
SpokaneSwingBridge,82.4,71.36
SpokaneSwingBridge,82.4,71.41
SpokaneSwingBridge,82.4,71.46
SpokaneSwingBridge,82.4,71.45
SpokaneSwingBridge,82.3,71.45
SpokaneSwingBridge,82.3,71.43
SpokaneSwingBridge,82.3,71.38
SpokaneSwingBridge,82.2,71.34
SpokaneSwingBridge,82.2,71.32
SpokaneSwingBridge,82.2,71.34
SpokaneSwingBridge,82.1,71.3
SpokaneSwingBridge,82.1,71.25
AlbroPlaceAirportWay,90.7,85.3
AlbroPlaceAirportWay,90.7,85.3
AlbroPlaceAirportWay,90.7,85.3
AlbroPlaceAirportWay,90.8,85.3
AlbroPlaceAirportWay,90.8,85.3
AlbroPlaceAirportWay,90.8,85.4
AlbroPlaceAirportWay,90.8,85.5
AlbroPlaceAirportWay,90.9,85.4
AlbroPlaceAirportWay,90.9,85.4
AlbroPlaceAirportWay,90.9,85.3
AlbroPlaceAirportWay,90.9,85.2
AlbroPlaceAirportWay,90.9,85.1
AlbroPlaceAirportWay,90.9,85.1
AlbroPlaceAirportWay,91,85.1
AlbroPlaceAirportWay,91,85.2
SpokaneSwingBridge,82.6,71.4
SpokaneSwingBridge,82.6,71.39
SpokaneSwingBridge,82.6,71.36
SpokaneSwingBridge,82.5,71.34
SpokaneSwingBridge,82.5,71.34
SpokaneSwingBridge,82.5,71.33
SpokaneSwingBridge,82.4,71.36
SpokaneSwingBridge,82.4,71.41
RooseveltWay_NE80thSt,79.21,79.21
RooseveltWay_NE80thSt,79.19,79.19
RooseveltWay_NE80thSt,79.17,79.17
RooseveltWay_NE80thSt,79.16,79.16
RooseveltWay_NE80thSt,79.15,79.15
RooseveltWay_NE80thSt,79.13,79.13
RooseveltWay_NE80thSt,79.1,79.1
RooseveltWay_NE80thSt,79.08,79.08
RooseveltWay_NE80thSt,79.05,79.05
RooseveltWay_NE80thSt,79.04,79.04
RooseveltWay_NE80thSt,79.01,79.01
RooseveltWay_NE80thSt,78.98,78.98
RooseveltWay_NE80thSt,78.97,78.97
RooseveltWay_NE80thSt,78.94,78.94
RooseveltWay_NE80thSt,78.93,78.93
MagnoliaBridge,80.6,71.73
MagnoliaBridge,80.6,71.67
MagnoliaBridge,80.6,71.63
MagnoliaBridge,80.5,71.57
MagnoliaBridge,80.5,71.54
MagnoliaBridge,80.5,71.51
MagnoliaBridge,80.4,71.45
MagnoliaBridge,80.4,71.41
MagnoliaBridge,80.4,71.35
MagnoliaBridge,80.3,71.28
MagnoliaBridge,80.3,71.22
MagnoliaBridge,80.3,71.18
MagnoliaBridge,80.2,71.14
MagnoliaBridge,80.2,71.11
MagnoliaBridge,80.2,71.05
RooseveltWay_NE80thSt,76.7,76.7
RooseveltWay_NE80thSt,76.68,76.68
RooseveltWay_NE80thSt,76.65,76.65
RooseveltWay_NE80thSt,76.65,76.65
RooseveltWay_NE80thSt,76.64,76.64
RooseveltWay_NE80thSt,76.6,76.6
RooseveltWay_NE80thSt,76.59,76.59
RooseveltWay_NE80thSt,76.57,76.57
RooseveltWay_NE80thSt,76.55,76.55
RooseveltWay_NE80thSt,76.54,76.54
RooseveltWay_NE80thSt,76.51,76.51
RooseveltWay_NE80thSt,76.49,76.49
RooseveltWay_NE80thSt,76.47,76.47
RooseveltWay_NE80thSt,76.44,76.44
RooseveltWay_NE80thSt,76.43,76.43
MagnoliaBridge,77.09,67.29
MagnoliaBridge,77.07,67.24
MagnoliaBridge,77.04,67.15
MagnoliaBridge,77.02,67.05
MagnoliaBridge,76.98,66.94
MagnoliaBridge,76.94,66.81
MagnoliaBridge,76.91,66.68
MagnoliaBridge,76.86,66.55
MagnoliaBridge,76.82,66.46
MagnoliaBridge,76.8,66.39
MagnoliaBridge,76.76,66.33
MagnoliaBridge,76.72,66.29
MagnoliaBridge,76.7,66.26
MagnoliaBridge,76.67,66.22
MagnoliaBridge,76.64,66.2
SpokaneSwingBridge,78.06,67.96
SpokaneSwingBridge,78.04,67.93
SpokaneSwingBridge,78,67.87
SpokaneSwingBridge,77.97,67.74
SpokaneSwingBridge,77.93,67.63
SpokaneSwingBridge,77.89,67.51
SpokaneSwingBridge,77.86,67.41
SpokaneSwingBridge,77.82,67.33
SpokaneSwingBridge,77.79,67.22
SpokaneSwingBridge,77.76,67.23
SpokaneSwingBridge,77.72,67.21
SpokaneSwingBridge,77.69,67.18
SpokaneSwingBridge,77.65,67.24
SpokaneSwingBridge,77.61,67.34
SpokaneSwingBridge,77.59,67.41
SpokaneSwingBridge,92.6,76.14
SpokaneSwingBridge,92.7,76.34
SpokaneSwingBridge,92.7,76.3
SpokaneSwingBridge,92.8,76.37
SpokaneSwingBridge,92.9,76.65
SpokaneSwingBridge,93,76.55
SpokaneSwingBridge,93,76.61
SpokaneSwingBridge,93.1,76.58
SpokaneSwingBridge,93.2,76.58
SpokaneSwingBridge,93.3,76.49
SpokaneSwingBridge,93.4,76.29
SpokaneSwingBridge,93.5,76.2
SpokaneSwingBridge,93.6,76.31
SpokaneSwingBridge,93.6,76.22
SpokaneSwingBridge,93.7,76.25
MagnoliaBridge,99.7,84.8
RooseveltWay_NE80thSt,78.82,78.82
RooseveltWay_NE80thSt,78.82,78.82
RooseveltWay_NE80thSt,78.78,78.78
RooseveltWay_NE80thSt,78.78,78.78
RooseveltWay_NE80thSt,78.75,78.75
RooseveltWay_NE80thSt,78.75,78.75
RooseveltWay_NE80thSt,78.74,78.74
RooseveltWay_NE80thSt,78.72,78.72
RooseveltWay_NE80thSt,78.72,78.72
RooseveltWay_NE80thSt,78.71,78.71
RooseveltWay_NE80thSt,78.68,78.68
RooseveltWay_NE80thSt,78.66,78.66
RooseveltWay_NE80thSt,78.65,78.65
RooseveltWay_NE80thSt,78.63,78.63
RooseveltWay_NE80thSt,78.62,78.62
SpokaneSwingBridge,81.3,71.24
SpokaneSwingBridge,81.3,71.25
SpokaneSwingBridge,81.2,71.27
SpokaneSwingBridge,81.2,71.3
SpokaneSwingBridge,81.2,71.3
SpokaneSwingBridge,81.2,71.3
SpokaneSwingBridge,81.1,71.28
SpokaneSwingBridge,81.1,71.26
SpokaneSwingBridge,81.1,71.24
SpokaneSwingBridge,81,71.23
SpokaneSwingBridge,81,71.25
SpokaneSwingBridge,81,71.25
SpokaneSwingBridge,80.9,71.29
SpokaneSwingBridge,80.9,71.3
SpokaneSwingBridge,80.9,71.29
HarborAveUpperNorthBridge,81.3,71.24
HarborAveUpperNorthBridge,81.3,71.25
HarborAveUpperNorthBridge,81.2,71.27
HarborAveUpperNorthBridge,81.2,71.3
HarborAveUpperNorthBridge,81.2,71.3
HarborAveUpperNorthBridge,81.2,71.3
HarborAveUpperNorthBridge,81.1,71.28
HarborAveUpperNorthBridge,81.1,71.26
HarborAveUpperNorthBridge,81.1,71.24
HarborAveUpperNorthBridge,81,71.23
HarborAveUpperNorthBridge,81,71.25
HarborAveUpperNorthBridge,81,71.25
HarborAveUpperNorthBridge,80.9,71.29
HarborAveUpperNorthBridge,80.9,71.3
HarborAveUpperNorthBridge,80.9,71.29
HarborAveUpperNorthBridge,75.09,65.63
HarborAveUpperNorthBridge,75.06,65.58
HarborAveUpperNorthBridge,75.02,65.52
HarborAveUpperNorthBridge,75,65.45
HarborAveUpperNorthBridge,74.98,65.41
HarborAveUpperNorthBridge,74.95,65.39
HarborAveUpperNorthBridge,74.93,65.39
HarborAveUpperNorthBridge,74.9,65.41
HarborAveUpperNorthBridge,74.89,65.44
HarborAveUpperNorthBridge,74.85,65.46
HarborAveUpperNorthBridge,74.84,65.5
HarborAveUpperNorthBridge,74.8,65.56
HarborAveUpperNorthBridge,74.79,65.61
HarborAveUpperNorthBridge,74.76,65.67
HarborAveUpperNorthBridge,74.74,65.75
HarborAveUpperNorthBridge,90.8,75.28
HarborAveUpperNorthBridge,90.8,75.33
HarborAveUpperNorthBridge,91,75.4
HarborAveUpperNorthBridge,91.1,75.5
HarborAveUpperNorthBridge,91.2,75.27
RooseveltWay_NE80thSt,97.2,97.2
RooseveltWay_NE80thSt,97.3,97.3
RooseveltWay_NE80thSt,97.5,97.5
RooseveltWay_NE80thSt,97.6,97.6
RooseveltWay_NE80thSt,97.8,97.8
RooseveltWay_NE80thSt,98,98
RooseveltWay_NE80thSt,98.1,98.1
RooseveltWay_NE80thSt,98.3,98.3
RooseveltWay_NE80thSt,98.5,98.5
RooseveltWay_NE80thSt,98.6,98.6
RooseveltWay_NE80thSt,98.8,98.8
RooseveltWay_NE80thSt,98.9,98.9
RooseveltWay_NE80thSt,99.1,99.1
RooseveltWay_NE80thSt,99.2,99.2
RooseveltWay_NE80thSt,99.4,99.4
SpokaneSwingBridge,89.9,75.69
SpokaneSwingBridge,90,75.67
SpokaneSwingBridge,90.1,75.71
SpokaneSwingBridge,90.2,75.92
SpokaneSwingBridge,90.3,75.98
SpokaneSwingBridge,90.3,76.02
SpokaneSwingBridge,90.4,75.77
SpokaneSwingBridge,90.5,75.4
SpokaneSwingBridge,90.6,75.12
SpokaneSwingBridge,90.7,75.16
SpokaneSwingBridge,90.8,75.28
SpokaneSwingBridge,90.8,75.33
SpokaneSwingBridge,91,75.4
SpokaneSwingBridge,91.1,75.5
SpokaneSwingBridge,91.2,75.27
MagnoliaBridge,91.8,76.11
MagnoliaBridge,91.8,76.27
AlbroPlaceAirportWay,90.3,72.39
AlbroPlaceAirportWay,90.3,72.35
AlbroPlaceAirportWay,90.3,72.3
AlbroPlaceAirportWay,90.2,72.3
AlbroPlaceAirportWay,90.2,72.29
AlbroPlaceAirportWay,90.2,72.23
AlbroPlaceAirportWay,90.2,72.16
AlbroPlaceAirportWay,90.2,72.12
AlbroPlaceAirportWay,90.1,72.09
AlbroPlaceAirportWay,90.1,72.13
AlbroPlaceAirportWay,90.1,72.16
AlbroPlaceAirportWay,90.1,72.18
AlbroPlaceAirportWay,90.1,72.19
AlbroPlaceAirportWay,90.1,72.19
AlbroPlaceAirportWay,90.1,72.12
HarborAveUpperNorthBridge,81.9,71.26
HarborAveUpperNorthBridge,81.9,71.29
HarborAveUpperNorthBridge,81.9,71.24
HarborAveUpperNorthBridge,81.8,71.18
HarborAveUpperNorthBridge,81.8,71.12
HarborAveUpperNorthBridge,81.8,71.04
HarborAveUpperNorthBridge,81.7,71
HarborAveUpperNorthBridge,81.7,71
HarborAveUpperNorthBridge,81.7,71.01
HarborAveUpperNorthBridge,81.6,71.05
HarborAveUpperNorthBridge,81.6,71.09
HarborAveUpperNorthBridge,81.6,71.13
HarborAveUpperNorthBridge,81.5,71.17
HarborAveUpperNorthBridge,81.5,71.21
HarborAveUpperNorthBridge,81.5,71.22
RooseveltWay_NE80thSt,78.68,78.68
RooseveltWay_NE80thSt,78.66,78.66
RooseveltWay_NE80thSt,78.65,78.65
RooseveltWay_NE80thSt,78.63,78.63
RooseveltWay_NE80thSt,78.62,78.62
RooseveltWay_NE80thSt,78.61,78.61
RooseveltWay_NE80thSt,78.61,78.61
RooseveltWay_NE80thSt,78.6,78.6
RooseveltWay_NE80thSt,78.57,78.57
RooseveltWay_NE80thSt,78.55,78.55
RooseveltWay_NE80thSt,78.55,78.55
RooseveltWay_NE80thSt,78.53,78.53
RooseveltWay_NE80thSt,78.53,78.53
RooseveltWay_NE80thSt,78.51,78.51
RooseveltWay_NE80thSt,78.5,78.5
SpokaneSwingBridge,81.9,71.26
SpokaneSwingBridge,81.9,71.29
SpokaneSwingBridge,81.9,71.24
SpokaneSwingBridge,81.8,71.18
SpokaneSwingBridge,81.8,71.12
SpokaneSwingBridge,81.8,71.04
SpokaneSwingBridge,81.7,71
SpokaneSwingBridge,81.7,71
SpokaneSwingBridge,81.7,71.01
SpokaneSwingBridge,81.6,71.05
SpokaneSwingBridge,81.6,71.09
SpokaneSwingBridge,81.6,71.13
SpokaneSwingBridge,81.5,71.17
SpokaneSwingBridge,81.5,71.21
SpokaneSwingBridge,81.5,71.22
MagnoliaBridge,79.82,70.76
MagnoliaBridge,79.81,70.8
MagnoliaBridge,79.81,70.81
MagnoliaBridge,79.81,70.84
MagnoliaBridge,79.79,70.85
MagnoliaBridge,79.76,70.87
MagnoliaBridge,79.76,70.89
MagnoliaBridge,79.76,70.94
MagnoliaBridge,79.75,70.96
MagnoliaBridge,79.72,70.97
MagnoliaBridge,79.71,70.95
MagnoliaBridge,79.7,70.92
MagnoliaBridge,79.67,70.88
MagnoliaBridge,79.66,70.85
MagnoliaBridge,79.66,70.8
AlbroPlaceAirportWay,89.6,71.2
AlbroPlaceAirportWay,89.6,71.09
AlbroPlaceAirportWay,89.5,71.04
AlbroPlaceAirportWay,89.5,71.07
AlbroPlaceAirportWay,89.5,71.03
AlbroPlaceAirportWay,89.5,70.95
AlbroPlaceAirportWay,89.5,70.86
AlbroPlaceAirportWay,89.5,70.8
AlbroPlaceAirportWay,89.5,70.74
AlbroPlaceAirportWay,89.4,70.68
AlbroPlaceAirportWay,89.4,70.64
AlbroPlaceAirportWay,89.4,70.62
AlbroPlaceAirportWay,89.4,70.59
AlbroPlaceAirportWay,89.4,70.53
AlbroPlaceAirportWay,89.3,70.44
HarborAveUpperNorthBridge,80.7,70.97
HarborAveUpperNorthBridge,80.7,70.91
HarborAveUpperNorthBridge,80.6,70.88
HarborAveUpperNorthBridge,80.6,70.77
HarborAveUpperNorthBridge,80.6,70.68
HarborAveUpperNorthBridge,80.5,70.61
HarborAveUpperNorthBridge,80.5,70.62
HarborAveUpperNorthBridge,80.5,70.54
HarborAveUpperNorthBridge,80.4,70.43
AlbroPlaceAirportWay,90.1,72.16
AlbroPlaceAirportWay,90.1,72.18
AlbroPlaceAirportWay,90.1,72.19
AlbroPlaceAirportWay,90.1,72.19
AlbroPlaceAirportWay,90.1,72.12
AlbroPlaceAirportWay,90,72.09
AlbroPlaceAirportWay,90,72.09
AlbroPlaceAirportWay,90,72.11
AlbroPlaceAirportWay,90,72.14
AlbroPlaceAirportWay,89.9,72.09
AlbroPlaceAirportWay,89.9,72.04
AlbroPlaceAirportWay,89.9,72.03
AlbroPlaceAirportWay,89.9,71.99
AlbroPlaceAirportWay,89.9,71.99
AlbroPlaceAirportWay,89.9,71.99
HarborAveUpperNorthBridge,81.6,71.09
HarborAveUpperNorthBridge,81.6,71.13
HarborAveUpperNorthBridge,81.5,71.17
HarborAveUpperNorthBridge,81.5,71.21
HarborAveUpperNorthBridge,81.5,71.22
HarborAveUpperNorthBridge,81.5,71.25
HarborAveUpperNorthBridge,81.4,71.24
HarborAveUpperNorthBridge,81.4,71.21
HarborAveUpperNorthBridge,81.4,71.2
HarborAveUpperNorthBridge,81.3,71.22
HarborAveUpperNorthBridge,81.3,71.24
HarborAveUpperNorthBridge,81.3,71.25
HarborAveUpperNorthBridge,81.2,71.27
HarborAveUpperNorthBridge,81.2,71.3
HarborAveUpperNorthBridge,81.2,71.3
RooseveltWay_NE80thSt,74.77,74.77
RooseveltWay_NE80thSt,74.76,74.76
RooseveltWay_NE80thSt,74.76,74.76
RooseveltWay_NE80thSt,74.75,74.75
RooseveltWay_NE80thSt,74.74,74.74
RooseveltWay_NE80thSt,74.72,74.72
RooseveltWay_NE80thSt,74.71,74.71
RooseveltWay_NE80thSt,74.71,74.71
RooseveltWay_NE80thSt,74.71,74.71
RooseveltWay_NE80thSt,74.69,74.69
RooseveltWay_NE80thSt,74.67,74.67
RooseveltWay_NE80thSt,74.66,74.66
RooseveltWay_NE80thSt,74.65,74.65
RooseveltWay_NE80thSt,74.64,74.64
RooseveltWay_NE80thSt,74.63,74.63
MagnoliaBridge,74.39,64.21
MagnoliaBridge,74.37,64.31
MagnoliaBridge,74.34,64.41
MagnoliaBridge,74.34,64.45
MagnoliaBridge,74.34,64.46
MagnoliaBridge,74.31,64.5
MagnoliaBridge,74.29,64.53
MagnoliaBridge,74.29,64.51
MagnoliaBridge,74.29,64.5
MagnoliaBridge,74.29,64.51
MagnoliaBridge,74.29,64.28
MagnoliaBridge,74.26,63.93
MagnoliaBridge,74.25,63.59
MagnoliaBridge,74.24,63.31
MagnoliaBridge,74.23,63.17
HarborAveUpperNorthBridge,74.53,65.68
HarborAveUpperNorthBridge,74.51,65.62
HarborAveUpperNorthBridge,74.48,65.55
HarborAveUpperNorthBridge,74.47,65.48
HarborAveUpperNorthBridge,74.43,65.43
HarborAveUpperNorthBridge,74.42,65.41
HarborAveUpperNorthBridge,74.38,65.42
HarborAveUpperNorthBridge,74.37,65.4
HarborAveUpperNorthBridge,74.34,65.41
HarborAveUpperNorthBridge,74.33,65.43
HarborAveUpperNorthBridge,74.3,65.44
HarborAveUpperNorthBridge,74.28,65.45
HarborAveUpperNorthBridge,74.26,65.43
HarborAveUpperNorthBridge,74.23,65.36
HarborAveUpperNorthBridge,74.22,65.29
AlbroPlaceAirportWay,86.2,66.52
AlbroPlaceAirportWay,86.2,66.5
AlbroPlaceAirportWay,86.1,66.52
AlbroPlaceAirportWay,86.1,66.53
AlbroPlaceAirportWay,86.1,66.56
AlbroPlaceAirportWay,86.1,66.53
AlbroPlaceAirportWay,86.1,66.57
AlbroPlaceAirportWay,86.1,66.62
AlbroPlaceAirportWay,86.1,66.62
AlbroPlaceAirportWay,86,66.62
AlbroPlaceAirportWay,86,66.64
AlbroPlaceAirportWay,86,66.68
AlbroPlaceAirportWay,86,66.71
AlbroPlaceAirportWay,86,66.76
AlbroPlaceAirportWay,85.9,66.76
RooseveltWay_NE80thSt,74.67,74.67
RooseveltWay_NE80thSt,74.66,74.66
RooseveltWay_NE80thSt,74.65,74.65
RooseveltWay_NE80thSt,74.64,74.64
RooseveltWay_NE80thSt,74.63,74.63
RooseveltWay_NE80thSt,74.61,74.61
RooseveltWay_NE80thSt,74.6,74.6
RooseveltWay_NE80thSt,74.6,74.6
AlbroPlaceAirportWay,88.5,69.72
AlbroPlaceAirportWay,88.5,69.76
AlbroPlaceAirportWay,88.5,69.73
AlbroPlaceAirportWay,88.5,69.7
AlbroPlaceAirportWay,88.5,69.71
AlbroPlaceAirportWay,88.5,69.67
AlbroPlaceAirportWay,88.5,69.66
AlbroPlaceAirportWay,88.4,69.66
AlbroPlaceAirportWay,88.4,69.62
AlbroPlaceAirportWay,88.4,69.54
AlbroPlaceAirportWay,88.4,69.48
AlbroPlaceAirportWay,88.4,69.47
AlbroPlaceAirportWay,88.4,69.44
AlbroPlaceAirportWay,88.3,69.4
AlbroPlaceAirportWay,88.3,69.36
HarborAveUpperNorthBridge,78.49,67.91
HarborAveUpperNorthBridge,78.44,67.92
HarborAveUpperNorthBridge,78.41,67.95
HarborAveUpperNorthBridge,78.38,67.96
HarborAveUpperNorthBridge,78.33,67.96
HarborAveUpperNorthBridge,78.3,67.96
HarborAveUpperNorthBridge,78.27,67.96
HarborAveUpperNorthBridge,78.23,67.97
HarborAveUpperNorthBridge,78.21,68.01
HarborAveUpperNorthBridge,78.16,68.06
HarborAveUpperNorthBridge,78.14,68.06
HarborAveUpperNorthBridge,78.1,68.02
HarborAveUpperNorthBridge,78.06,67.96
HarborAveUpperNorthBridge,78.04,67.93
HarborAveUpperNorthBridge,78,67.87
RooseveltWay_NE80thSt,76.87,76.87
RooseveltWay_NE80thSt,76.86,76.86
RooseveltWay_NE80thSt,76.86,76.86
RooseveltWay_NE80thSt,76.82,76.82
RooseveltWay_NE80thSt,76.81,76.81
RooseveltWay_NE80thSt,76.78,76.78
RooseveltWay_NE80thSt,76.76,76.76
RooseveltWay_NE80thSt,76.76,76.76
RooseveltWay_NE80thSt,76.74,76.74
RooseveltWay_NE80thSt,76.71,76.71
RooseveltWay_NE80thSt,76.7,76.7
RooseveltWay_NE80thSt,76.68,76.68
RooseveltWay_NE80thSt,76.65,76.65
RooseveltWay_NE80thSt,76.65,76.65
RooseveltWay_NE80thSt,76.64,76.64
JoseRizalBridgeNorth,-342.8,68.86
MagnoliaBridge,77.35,67.47
MagnoliaBridge,77.32,67.41
MagnoliaBridge,77.29,67.39
MagnoliaBridge,77.25,67.35
MagnoliaBridge,77.24,67.31
MagnoliaBridge,77.21,67.26
MagnoliaBridge,77.18,67.32
MagnoliaBridge,77.17,67.35
MagnoliaBridge,77.13,67.34
MagnoliaBridge,77.13,67.3
MagnoliaBridge,77.09,67.29
MagnoliaBridge,77.07,67.24
MagnoliaBridge,77.04,67.15
MagnoliaBridge,77.02,67.05
MagnoliaBridge,76.98,66.94
SpokaneSwingBridge,78.41,67.95
SpokaneSwingBridge,78.38,67.96
SpokaneSwingBridge,78.33,67.96
SpokaneSwingBridge,78.3,67.96
SpokaneSwingBridge,78.27,67.96
SpokaneSwingBridge,78.23,67.97
SpokaneSwingBridge,78.21,68.01
SpokaneSwingBridge,78.16,68.06
SpokaneSwingBridge,78.14,68.06
SpokaneSwingBridge,78.1,68.02
SpokaneSwingBridge,78.06,67.96
SpokaneSwingBridge,78.04,67.93
SpokaneSwingBridge,78,67.87
SpokaneSwingBridge,77.97,67.74
SpokaneSwingBridge,77.93,67.63
HarborAveUpperNorthBridge,85,73.73
HarborAveUpperNorthBridge,85,73.69
RooseveltWay_NE80thSt,79.65,79.65
RooseveltWay_NE80thSt,79.63,79.63
RooseveltWay_NE80thSt,79.61,79.61
RooseveltWay_NE80thSt,79.61,79.61
RooseveltWay_NE80thSt,79.59,79.59
RooseveltWay_NE80thSt,79.55,79.55
RooseveltWay_NE80thSt,79.54,79.54
RooseveltWay_NE80thSt,79.52,79.52
RooseveltWay_NE80thSt,79.5,79.5
RooseveltWay_NE80thSt,79.49,79.49
RooseveltWay_NE80thSt,79.47,79.47
RooseveltWay_NE80thSt,79.44,79.44
RooseveltWay_NE80thSt,79.42,79.42
RooseveltWay_NE80thSt,79.4,79.4
RooseveltWay_NE80thSt,79.39,79.39
HarborAveUpperNorthBridge,83.4,72.66
HarborAveUpperNorthBridge,83.3,72.57
HarborAveUpperNorthBridge,83.3,72.51
HarborAveUpperNorthBridge,83.3,72.48
HarborAveUpperNorthBridge,83.2,72.39
HarborAveUpperNorthBridge,83.2,72.33
SpokaneSwingBridge,86.5,75.16
SpokaneSwingBridge,86.4,75.13
SpokaneSwingBridge,86.4,75.11
SpokaneSwingBridge,86.3,75.13
SpokaneSwingBridge,86.3,75.12
SpokaneSwingBridge,86.2,75.12
SpokaneSwingBridge,86.2,75.11
SpokaneSwingBridge,86.2,75.08
SpokaneSwingBridge,86.1,75.02
SpokaneSwingBridge,86.1,74.94
SpokaneSwingBridge,86.1,74.85
SpokaneSwingBridge,86,74.8
SpokaneSwingBridge,86,74.76
SpokaneSwingBridge,85.9,74.77
SpokaneSwingBridge,85.9,74.78
MagnoliaBridge,83.4,74.93
MagnoliaBridge,83.4,74.91
MagnoliaBridge,83.3,74.88
MagnoliaBridge,83.3,74.85
MagnoliaBridge,83.3,74.82
MagnoliaBridge,83.3,74.76
MagnoliaBridge,83.2,74.71
MagnoliaBridge,83.2,74.65
MagnoliaBridge,83.1,74.63
MagnoliaBridge,83.1,74.62
MagnoliaBridge,83.1,74.59
MagnoliaBridge,83.1,74.58
MagnoliaBridge,83,74.57
MagnoliaBridge,83,74.57
MagnoliaBridge,83,74.57
HarborAveUpperNorthBridge,86.4,75.11
HarborAveUpperNorthBridge,86.3,75.13
HarborAveUpperNorthBridge,86.3,75.12
HarborAveUpperNorthBridge,86.2,75.12
HarborAveUpperNorthBridge,86.2,75.11
HarborAveUpperNorthBridge,86.2,75.08
HarborAveUpperNorthBridge,86.1,75.02
HarborAveUpperNorthBridge,86.1,74.94
HarborAveUpperNorthBridge,86.1,74.85
HarborAveUpperNorthBridge,86,74.8
HarborAveUpperNorthBridge,86,74.76
HarborAveUpperNorthBridge,85.9,74.77
HarborAveUpperNorthBridge,85.9,74.78
HarborAveUpperNorthBridge,85.9,74.81
HarborAveUpperNorthBridge,85.8,74.85
AlbroPlaceAirportWay,91.9,75.6
AlbroPlaceAirportWay,91.9,75.69
AlbroPlaceAirportWay,91.9,75.79
AlbroPlaceAirportWay,91.9,75.83
AlbroPlaceAirportWay,91.9,75.77
AlbroPlaceAirportWay,91.9,75.72
AlbroPlaceAirportWay,91.8,75.73
AlbroPlaceAirportWay,91.8,75.72
AlbroPlaceAirportWay,91.8,75.7
AlbroPlaceAirportWay,91.8,75.6
AlbroPlaceAirportWay,91.8,75.52
AlbroPlaceAirportWay,91.7,75.39
AlbroPlaceAirportWay,91.7,75.31
AlbroPlaceAirportWay,91.7,75.23
AlbroPlaceAirportWay,91.7,75.1
HarborAveUpperNorthBridge,80.4,70.33
MagnoliaBridge,99.6,85
MagnoliaBridge,99.6,84.9
MagnoliaBridge,99.5,85
MagnoliaBridge,99.5,84.8
MagnoliaBridge,99.4,84.5
SpokaneSwingBridge,100.9,82.3
SpokaneSwingBridge,100.9,82.3
SpokaneSwingBridge,100.9,82.3
SpokaneSwingBridge,100.9,82.4
SpokaneSwingBridge,100.8,82.3
SpokaneSwingBridge,100.8,82.2
SpokaneSwingBridge,100.8,82
SpokaneSwingBridge,100.7,81.9
SpokaneSwingBridge,100.7,81.9
SpokaneSwingBridge,100.7,82
SpokaneSwingBridge,100.6,82
SpokaneSwingBridge,100.6,82.1
SpokaneSwingBridge,100.5,82.2
SpokaneSwingBridge,100.5,82.2
SpokaneSwingBridge,100.4,82.1
RooseveltWay_NE80thSt,88.1,88.1
RooseveltWay_NE80thSt,88,88
RooseveltWay_NE80thSt,88,88
RooseveltWay_NE80thSt,88,88
RooseveltWay_NE80thSt,87.9,87.9
RooseveltWay_NE80thSt,87.9,87.9
RooseveltWay_NE80thSt,87.9,87.9
RooseveltWay_NE80thSt,87.9,87.9
RooseveltWay_NE80thSt,87.8,87.8
RooseveltWay_NE80thSt,87.8,87.8
RooseveltWay_NE80thSt,87.8,87.8
RooseveltWay_NE80thSt,87.8,87.8
RooseveltWay_NE80thSt,87.8,87.8
RooseveltWay_NE80thSt,87.7,87.7
RooseveltWay_NE80thSt,87.7,87.7
HarborAveUpperNorthBridge,100.9,82.3
HarborAveUpperNorthBridge,100.9,82.3
HarborAveUpperNorthBridge,100.9,82.3
HarborAveUpperNorthBridge,100.9,82.4
SpokaneSwingBridge,101.7,84.3
SpokaneSwingBridge,101.6,84.2
SpokaneSwingBridge,101.5,84.2
SpokaneSwingBridge,101.4,84.2
SpokaneSwingBridge,101.3,84.2
SpokaneSwingBridge,101.2,84.2
SpokaneSwingBridge,101.1,84.2
SpokaneSwingBridge,101,84.2
SpokaneSwingBridge,100.9,84.1
SpokaneSwingBridge,100.8,84.1
SpokaneSwingBridge,100.7,84.2
SpokaneSwingBridge,100.6,84.2
SpokaneSwingBridge,100.5,84.1
SpokaneSwingBridge,100.4,84
SpokaneSwingBridge,100.3,84
RooseveltWay_NE80thSt,88.5,88.5
RooseveltWay_NE80thSt,88.4,88.4
RooseveltWay_NE80thSt,88.4,88.4
RooseveltWay_NE80thSt,88.4,88.4
RooseveltWay_NE80thSt,88.3,88.3
RooseveltWay_NE80thSt,88.3,88.3
RooseveltWay_NE80thSt,88.3,88.3
RooseveltWay_NE80thSt,88.2,88.2
RooseveltWay_NE80thSt,88.2,88.2
RooseveltWay_NE80thSt,88.1,88.1
RooseveltWay_NE80thSt,88.1,88.1
RooseveltWay_NE80thSt,88.1,88.1
RooseveltWay_NE80thSt,88.1,88.1
RooseveltWay_NE80thSt,88,88
RooseveltWay_NE80thSt,88,88
MagnoliaBridge,99.8,85.7
MagnoliaBridge,99.6,85.7
MagnoliaBridge,99.5,85.5
MagnoliaBridge,99.4,85.5
MagnoliaBridge,99.4,85.6
MagnoliaBridge,99.3,85.7
MagnoliaBridge,99.3,85.9
MagnoliaBridge,99.2,86
MagnoliaBridge,99.2,86
MagnoliaBridge,99.1,86.1
MagnoliaBridge,99.1,86
MagnoliaBridge,99,85.9
MagnoliaBridge,98.9,85.8
MagnoliaBridge,98.8,85.8
MagnoliaBridge,98.7,85.6
HarborAveUpperNorthBridge,101.5,84.2
HarborAveUpperNorthBridge,101.4,84.2
HarborAveUpperNorthBridge,101.3,84.2
HarborAveUpperNorthBridge,101.2,84.2
HarborAveUpperNorthBridge,101.1,84.2
HarborAveUpperNorthBridge,101,84.2
HarborAveUpperNorthBridge,100.9,84.1
HarborAveUpperNorthBridge,100.8,84.1
HarborAveUpperNorthBridge,100.7,84.2
HarborAveUpperNorthBridge,100.6,84.2
HarborAveUpperNorthBridge,100.5,84.1
HarborAveUpperNorthBridge,100.4,84
HarborAveUpperNorthBridge,100.3,84
HarborAveUpperNorthBridge,100.2,83.9
HarborAveUpperNorthBridge,100.1,83.9
AlbroPlaceAirportWay,83.2,77.81
AlbroPlaceAirportWay,83.2,78.31
AlbroPlaceAirportWay,83.2,78.1
AlbroPlaceAirportWay,83.3,77.82
AlbroPlaceAirportWay,83.3,77.8
AlbroPlaceAirportWay,83.3,77.57
AlbroPlaceAirportWay,83.3,78.07
AlbroPlaceAirportWay,83.4,78.59
AlbroPlaceAirportWay,83.4,78.9
AlbroPlaceAirportWay,83.4,79.08
AlbroPlaceAirportWay,83.4,79.42
AlbroPlaceAirportWay,83.5,79.32
AlbroPlaceAirportWay,83.5,78.98
AlbroPlaceAirportWay,83.5,78.65
AlbroPlaceAirportWay,83.5,78.13
HarborAveUpperNorthBridge,95.7,77.36
HarborAveUpperNorthBridge,95.8,77.43
HarborAveUpperNorthBridge,95.8,77.51
HarborAveUpperNorthBridge,95.9,77.5
HarborAveUpperNorthBridge,96,77.53
HarborAveUpperNorthBridge,96.1,77.52
HarborAveUpperNorthBridge,96.2,77.44
HarborAveUpperNorthBridge,96.2,77.55
HarborAveUpperNorthBridge,96.3,77.7
HarborAveUpperNorthBridge,96.4,77.78
HarborAveUpperNorthBridge,96.4,77.8
HarborAveUpperNorthBridge,96.5,77.83
HarborAveUpperNorthBridge,96.6,77.9
HarborAveUpperNorthBridge,96.6,77.79
HarborAveUpperNorthBridge,96.7,77.64
RooseveltWay_NE80thSt,104.4,104.4
RooseveltWay_NE80thSt,104.5,104.5
RooseveltWay_NE80thSt,104.6,104.6
RooseveltWay_NE80thSt,104.6,104.6
RooseveltWay_NE80thSt,104.7,104.7
RooseveltWay_NE80thSt,104.8,104.8
RooseveltWay_NE80thSt,104.8,104.8
RooseveltWay_NE80thSt,104.9,104.9
SpokaneSwingBridge,71.39,64.63
SpokaneSwingBridge,71.37,64.65
SpokaneSwingBridge,71.35,64.69
SpokaneSwingBridge,71.34,64.7
SpokaneSwingBridge,71.32,64.69
SpokaneSwingBridge,71.29,64.69
SpokaneSwingBridge,71.29,64.7
SpokaneSwingBridge,71.28,64.67
SpokaneSwingBridge,71.25,64.64
SpokaneSwingBridge,71.24,64.64
MagnoliaBridge,71.93,63.47
MagnoliaBridge,71.93,63.47
MagnoliaBridge,71.91,63.44
MagnoliaBridge,71.88,63.44
MagnoliaBridge,71.87,63.44
MagnoliaBridge,71.85,63.44
MagnoliaBridge,71.83,63.44
MagnoliaBridge,71.83,63.44
MagnoliaBridge,71.8,63.41
MagnoliaBridge,71.78,63.4
MagnoliaBridge,71.76,63.4
MagnoliaBridge,71.73,63.41
MagnoliaBridge,71.73,63.46
MagnoliaBridge,71.71,63.5
MagnoliaBridge,71.68,63.54
RooseveltWay_NE80thSt,72.44,72.44
RooseveltWay_NE80thSt,72.43,72.43
RooseveltWay_NE80thSt,72.42,72.42
RooseveltWay_NE80thSt,72.42,72.42
RooseveltWay_NE80thSt,72.42,72.42
RooseveltWay_NE80thSt,72.41,72.41
RooseveltWay_NE80thSt,72.39,72.39
RooseveltWay_NE80thSt,72.37,72.37
RooseveltWay_NE80thSt,72.37,72.37
RooseveltWay_NE80thSt,72.36,72.36
RooseveltWay_NE80thSt,72.34,72.34
RooseveltWay_NE80thSt,72.33,72.33
RooseveltWay_NE80thSt,72.32,72.32
RooseveltWay_NE80thSt,72.32,72.32
RooseveltWay_NE80thSt,72.33,72.33
MagnoliaBridge,71.63,63.72
MagnoliaBridge,71.61,63.72
MagnoliaBridge,71.58,63.71
MagnoliaBridge,71.58,63.67
MagnoliaBridge,71.58,63.64
MagnoliaBridge,71.56,63.63
MagnoliaBridge,71.53,63.61
MagnoliaBridge,71.53,63.58
MagnoliaBridge,71.53,63.54
MagnoliaBridge,71.53,63.54
MagnoliaBridge,71.52,63.54
MagnoliaBridge,71.48,63.53
MagnoliaBridge,71.47,63.52
MagnoliaBridge,71.47,63.5
MagnoliaBridge,71.47,63.49
HarborAveUpperNorthBridge,71.11,64.78
HarborAveUpperNorthBridge,71.09,64.76
HarborAveUpperNorthBridge,71.09,64.75
HarborAveUpperNorthBridge,71.09,64.76
HarborAveUpperNorthBridge,71.07,64.78
HarborAveUpperNorthBridge,71.06,64.77
HarborAveUpperNorthBridge,71.04,64.73
HarborAveUpperNorthBridge,71.04,64.68
HarborAveUpperNorthBridge,71.03,64.64
HarborAveUpperNorthBridge,71.01,64.63
HarborAveUpperNorthBridge,70.99,64.6
HarborAveUpperNorthBridge,70.99,64.59
HarborAveUpperNorthBridge,70.98,64.59
HarborAveUpperNorthBridge,70.97,64.6
HarborAveUpperNorthBridge,70.95,64.62
SpokaneSwingBridge,71.11,64.78
SpokaneSwingBridge,71.09,64.76
SpokaneSwingBridge,71.09,64.75
SpokaneSwingBridge,71.09,64.76
SpokaneSwingBridge,71.07,64.78
SpokaneSwingBridge,71.06,64.77
SpokaneSwingBridge,71.04,64.73
SpokaneSwingBridge,71.04,64.68
SpokaneSwingBridge,71.03,64.64
SpokaneSwingBridge,71.01,64.63
SpokaneSwingBridge,70.99,64.6
SpokaneSwingBridge,70.99,64.59
SpokaneSwingBridge,70.98,64.59
SpokaneSwingBridge,70.97,64.6
SpokaneSwingBridge,70.95,64.62
MagnoliaBridge,91.9,76.36
RooseveltWay_NE80thSt,88,88
AlbroPlaceAirportWay,90.1,88.6
AlbroPlaceAirportWay,90.1,88.5
AlbroPlaceAirportWay,90.2,88.1
AlbroPlaceAirportWay,90.2,88
AlbroPlaceAirportWay,90.2,88.1
AlbroPlaceAirportWay,90.2,88.3
AlbroPlaceAirportWay,90.3,88.6
AlbroPlaceAirportWay,90.3,88.8
AlbroPlaceAirportWay,90.3,88.7
AlbroPlaceAirportWay,90.4,88.7
AlbroPlaceAirportWay,90.4,88.6
AlbroPlaceAirportWay,90.4,88.7
AlbroPlaceAirportWay,90.5,88.9
AlbroPlaceAirportWay,90.5,88.7
AlbroPlaceAirportWay,90.5,88.9
RooseveltWay_NE80thSt,89.8,89.8
RooseveltWay_NE80thSt,89.8,89.8
RooseveltWay_NE80thSt,89.7,89.7
RooseveltWay_NE80thSt,89.7,89.7
RooseveltWay_NE80thSt,89.7,89.7
RooseveltWay_NE80thSt,89.6,89.6
RooseveltWay_NE80thSt,89.6,89.6
RooseveltWay_NE80thSt,89.6,89.6
RooseveltWay_NE80thSt,89.5,89.5
RooseveltWay_NE80thSt,89.5,89.5
RooseveltWay_NE80thSt,89.5,89.5
RooseveltWay_NE80thSt,89.5,89.5
RooseveltWay_NE80thSt,89.4,89.4
RooseveltWay_NE80thSt,89.4,89.4
RooseveltWay_NE80thSt,89.4,89.4
MagnoliaBridge,102.8,87
MagnoliaBridge,102.7,87.1
MagnoliaBridge,102.7,87.3
MagnoliaBridge,102.7,87.4
MagnoliaBridge,102.7,87.4
MagnoliaBridge,102.7,87.5
MagnoliaBridge,102.7,87.8
MagnoliaBridge,102.7,88
MagnoliaBridge,102.6,88.1
MagnoliaBridge,102.6,88.2
MagnoliaBridge,102.6,88.1
MagnoliaBridge,102.5,88.1
MagnoliaBridge,102.5,88
MagnoliaBridge,102.5,87.6
MagnoliaBridge,102.5,87.4
JoseRizalBridgeNorth,-342.9,96.5
AlbroPlaceAirportWay,87.9,68.9
AlbroPlaceAirportWay,87.9,68.86
AlbroPlaceAirportWay,87.9,68.8
AlbroPlaceAirportWay,87.8,68.8
AlbroPlaceAirportWay,87.8,68.8
AlbroPlaceAirportWay,87.8,68.8
AlbroPlaceAirportWay,87.8,68.82
AlbroPlaceAirportWay,87.8,68.8
AlbroPlaceAirportWay,87.8,68.8
AlbroPlaceAirportWay,87.8,68.8
AlbroPlaceAirportWay,87.7,68.8
AlbroPlaceAirportWay,87.7,68.77
AlbroPlaceAirportWay,87.7,68.71
AlbroPlaceAirportWay,87.7,68.64
AlbroPlaceAirportWay,87.7,68.58
RooseveltWay_NE80thSt,76.16,76.16
RooseveltWay_NE80thSt,76.15,76.15
RooseveltWay_NE80thSt,76.12,76.12
RooseveltWay_NE80thSt,76.11,76.11
RooseveltWay_NE80thSt,76.1,76.1
RooseveltWay_NE80thSt,76.09,76.09
RooseveltWay_NE80thSt,76.06,76.06
RooseveltWay_NE80thSt,76.05,76.05
RooseveltWay_NE80thSt,76.02,76.02
RooseveltWay_NE80thSt,76,76
RooseveltWay_NE80thSt,76,76
RooseveltWay_NE80thSt,75.98,75.98
RooseveltWay_NE80thSt,75.95,75.95
RooseveltWay_NE80thSt,75.94,75.94
RooseveltWay_NE80thSt,75.92,75.92
MagnoliaBridge,76.25,66.02
MagnoliaBridge,76.21,65.93
MagnoliaBridge,76.17,65.83
MagnoliaBridge,76.16,65.8
MagnoliaBridge,76.12,65.73
MagnoliaBridge,76.1,65.71
MagnoliaBridge,76.05,65.65
MagnoliaBridge,76.04,65.57
MagnoliaBridge,76,65.46
MagnoliaBridge,75.96,65.4
MagnoliaBridge,75.94,65.37
MagnoliaBridge,75.9,65.36
MagnoliaBridge,75.87,65.31
MagnoliaBridge,75.84,65.31
MagnoliaBridge,75.84,65.34
SpokaneSwingBridge,77.05,66.92
SpokaneSwingBridge,77,66.79
SpokaneSwingBridge,76.97,66.69
SpokaneSwingBridge,76.94,66.57
SpokaneSwingBridge,76.91,66.51
SpokaneSwingBridge,76.88,66.49
SpokaneSwingBridge,76.84,66.45
SpokaneSwingBridge,76.82,66.39
SpokaneSwingBridge,76.78,66.35
SpokaneSwingBridge,76.73,66.31
AlbroPlaceAirportWay,90.7,88.1
AlbroPlaceAirportWay,90.7,88.1
AlbroPlaceAirportWay,90.7,88.2
AlbroPlaceAirportWay,90.7,88.2
AlbroPlaceAirportWay,90.8,88
AlbroPlaceAirportWay,90.8,88.1
AlbroPlaceAirportWay,90.8,88.1
AlbroPlaceAirportWay,90.8,87.9
AlbroPlaceAirportWay,90.9,87.8
AlbroPlaceAirportWay,90.9,87.6
AlbroPlaceAirportWay,90.9,87.4
AlbroPlaceAirportWay,90.9,87.6
AlbroPlaceAirportWay,91,88
AlbroPlaceAirportWay,91,88.1
AlbroPlaceAirportWay,91,88.2
AlbroPlaceAirportWay,92.7,86.4
AlbroPlaceAirportWay,92.7,86.2
AlbroPlaceAirportWay,92.7,86.1
AlbroPlaceAirportWay,92.7,86.1
AlbroPlaceAirportWay,92.7,86
AlbroPlaceAirportWay,92.7,86
AlbroPlaceAirportWay,92.7,85.9
AlbroPlaceAirportWay,92.7,85.8
AlbroPlaceAirportWay,92.7,85.8
AlbroPlaceAirportWay,92.7,85.8
AlbroPlaceAirportWay,92.7,85.8
AlbroPlaceAirportWay,92.8,85.8
AlbroPlaceAirportWay,92.8,85.8
AlbroPlaceAirportWay,92.8,85.7
AlbroPlaceAirportWay,92.8,85.7
HarborAveUpperNorthBridge,96.7,82.4
HarborAveUpperNorthBridge,96.6,82.3
HarborAveUpperNorthBridge,96.5,82.2
HarborAveUpperNorthBridge,96.5,82.1
HarborAveUpperNorthBridge,96.4,82.1
HarborAveUpperNorthBridge,96.3,82
HarborAveUpperNorthBridge,96.2,82
HarborAveUpperNorthBridge,96.2,82
HarborAveUpperNorthBridge,96.1,82
HarborAveUpperNorthBridge,96,82
HarborAveUpperNorthBridge,96,82
HarborAveUpperNorthBridge,95.9,82
HarborAveUpperNorthBridge,95.8,82
HarborAveUpperNorthBridge,95.8,82
HarborAveUpperNorthBridge,95.7,81.9
AlbroPlaceAirportWay,92.7,85.8
AlbroPlaceAirportWay,92.8,85.8
AlbroPlaceAirportWay,92.8,85.8
AlbroPlaceAirportWay,92.8,85.7
AlbroPlaceAirportWay,92.8,85.7
AlbroPlaceAirportWay,92.8,85.6
AlbroPlaceAirportWay,92.8,85.6
AlbroPlaceAirportWay,92.8,85.6
AlbroPlaceAirportWay,92.8,85.5
AlbroPlaceAirportWay,92.8,85.5
AlbroPlaceAirportWay,92.8,85.5
AlbroPlaceAirportWay,92.8,85.5
AlbroPlaceAirportWay,92.8,85.5
AlbroPlaceAirportWay,92.8,85.5
AlbroPlaceAirportWay,92.8,85.4
RooseveltWay_NE80thSt,86.3,86.3
RooseveltWay_NE80thSt,86.3,86.3
RooseveltWay_NE80thSt,86.3,86.3
RooseveltWay_NE80thSt,86.2,86.2
RooseveltWay_NE80thSt,86.2,86.2
RooseveltWay_NE80thSt,86.2,86.2
RooseveltWay_NE80thSt,86.2,86.2
RooseveltWay_NE80thSt,86.1,86.1
RooseveltWay_NE80thSt,86.1,86.1
RooseveltWay_NE80thSt,86.1,86.1
RooseveltWay_NE80thSt,86,86
RooseveltWay_NE80thSt,86,86
RooseveltWay_NE80thSt,86,86
RooseveltWay_NE80thSt,85.9,85.9
RooseveltWay_NE80thSt,85.9,85.9
SpokaneSwingBridge,96.1,82
SpokaneSwingBridge,96,82
SpokaneSwingBridge,96,82
SpokaneSwingBridge,95.9,82
SpokaneSwingBridge,95.8,82
SpokaneSwingBridge,95.8,82
SpokaneSwingBridge,95.7,81.9
SpokaneSwingBridge,95.6,81.9
SpokaneSwingBridge,95.6,81.8
SpokaneSwingBridge,95.5,81.8
SpokaneSwingBridge,95.5,81.8
SpokaneSwingBridge,95.4,81.7
SpokaneSwingBridge,95.3,81.7
SpokaneSwingBridge,95.3,81.6
SpokaneSwingBridge,95.2,81.6
MagnoliaBridge,93.8,82.9
MagnoliaBridge,93.7,82.9
MagnoliaBridge,93.6,82.9
MagnoliaBridge,93.5,82.8
MagnoliaBridge,93.4,82.8
MagnoliaBridge,93.3,82.8
MagnoliaBridge,93.2,82.7
MagnoliaBridge,93.2,82.7
MagnoliaBridge,93.1,82.7
SpokaneSwingBridge,104.2,84.9
SpokaneSwingBridge,104.1,85.1
SpokaneSwingBridge,104.1,85.2
SpokaneSwingBridge,104.1,85.3
SpokaneSwingBridge,104.1,85.2
SpokaneSwingBridge,104.1,85.1
SpokaneSwingBridge,104.1,85.1
SpokaneSwingBridge,104.1,85
SpokaneSwingBridge,104.1,85
SpokaneSwingBridge,104,85
SpokaneSwingBridge,104,85.1
SpokaneSwingBridge,104,85.3
SpokaneSwingBridge,104,85.4
SpokaneSwingBridge,103.9,85.5
SpokaneSwingBridge,103.9,85.5
HarborAveUpperNorthBridge,104.1,85.2
HarborAveUpperNorthBridge,104.1,85.3
HarborAveUpperNorthBridge,104.1,85.2
HarborAveUpperNorthBridge,104.1,85.1
HarborAveUpperNorthBridge,104.1,85.1
HarborAveUpperNorthBridge,104.1,85
HarborAveUpperNorthBridge,104.1,85
HarborAveUpperNorthBridge,104,85
HarborAveUpperNorthBridge,104,85.1
HarborAveUpperNorthBridge,104,85.3
HarborAveUpperNorthBridge,104,85.4
HarborAveUpperNorthBridge,103.9,85.5
HarborAveUpperNorthBridge,103.9,85.5
HarborAveUpperNorthBridge,103.9,85.5
HarborAveUpperNorthBridge,103.8,85.5
AlbroPlaceAirportWay,90.4,88.6
AlbroPlaceAirportWay,90.4,88.7
AlbroPlaceAirportWay,90.5,88.9
AlbroPlaceAirportWay,90.5,88.7
AlbroPlaceAirportWay,90.5,88.9
AlbroPlaceAirportWay,90.5,88.9
AlbroPlaceAirportWay,90.6,88.9
AlbroPlaceAirportWay,90.6,89
AlbroPlaceAirportWay,90.6,88.6
AlbroPlaceAirportWay,90.6,88.2
AlbroPlaceAirportWay,90.7,88.1
AlbroPlaceAirportWay,90.7,88.1
AlbroPlaceAirportWay,90.7,88.2
AlbroPlaceAirportWay,90.7,88.2
AlbroPlaceAirportWay,90.8,88
HarborAveUpperNorthBridge,104,85.1
HarborAveUpperNorthBridge,104,85.3
HarborAveUpperNorthBridge,104,85.4
HarborAveUpperNorthBridge,103.9,85.5
HarborAveUpperNorthBridge,103.9,85.5
HarborAveUpperNorthBridge,103.9,85.5
HarborAveUpperNorthBridge,103.8,85.5
HarborAveUpperNorthBridge,103.8,85.5
HarborAveUpperNorthBridge,103.8,85.4
HarborAveUpperNorthBridge,103.8,85.4
HarborAveUpperNorthBridge,103.8,85.5
HarborAveUpperNorthBridge,103.8,85.5
HarborAveUpperNorthBridge,103.7,85.6
HarborAveUpperNorthBridge,103.7,85.6
HarborAveUpperNorthBridge,103.7,85.5
HarborAveUpperNorthBridge,80.4,70.24
HarborAveUpperNorthBridge,80.3,70.2
HarborAveUpperNorthBridge,80.3,70.19
HarborAveUpperNorthBridge,80.2,70.18
HarborAveUpperNorthBridge,80.2,70.16
RooseveltWay_NE80thSt,78.17,78.17
RooseveltWay_NE80thSt,78.15,78.15
RooseveltWay_NE80thSt,78.12,78.12
RooseveltWay_NE80thSt,78.1,78.1
RooseveltWay_NE80thSt,78.09,78.09
RooseveltWay_NE80thSt,78.07,78.07
RooseveltWay_NE80thSt,78.06,78.06
RooseveltWay_NE80thSt,78.04,78.04
RooseveltWay_NE80thSt,78.02,78.02
RooseveltWay_NE80thSt,78,78
RooseveltWay_NE80thSt,77.99,77.99
RooseveltWay_NE80thSt,77.96,77.96
RooseveltWay_NE80thSt,77.95,77.95
RooseveltWay_NE80thSt,77.94,77.94
RooseveltWay_NE80thSt,77.91,77.91
SpokaneSwingBridge,80.7,70.97
SpokaneSwingBridge,80.7,70.91
SpokaneSwingBridge,80.6,70.88
SpokaneSwingBridge,80.6,70.77
SpokaneSwingBridge,80.6,70.68
SpokaneSwingBridge,80.5,70.61
SpokaneSwingBridge,80.5,70.62
SpokaneSwingBridge,80.5,70.54
SpokaneSwingBridge,80.4,70.43
SpokaneSwingBridge,80.4,70.33
SpokaneSwingBridge,80.4,70.24
SpokaneSwingBridge,80.3,70.2
SpokaneSwingBridge,80.3,70.19
SpokaneSwingBridge,80.2,70.18
SpokaneSwingBridge,80.2,70.16
MagnoliaBridge,79.15,70.35
MagnoliaBridge,79.11,70.28
MagnoliaBridge,79.11,70.21
AlbroPlaceAirportWay,91.2,87.9
AlbroPlaceAirportWay,91.2,88
AlbroPlaceAirportWay,91.2,87.9
AlbroPlaceAirportWay,91.2,87.8
AlbroPlaceAirportWay,91.3,87.7
AlbroPlaceAirportWay,91.3,87.7
AlbroPlaceAirportWay,91.3,87.7
AlbroPlaceAirportWay,91.3,87.6
AlbroPlaceAirportWay,91.4,87.6
AlbroPlaceAirportWay,91.4,87.6
AlbroPlaceAirportWay,91.4,87.6
AlbroPlaceAirportWay,91.4,87.7
AlbroPlaceAirportWay,91.5,87.6
AlbroPlaceAirportWay,91.5,87.7
AlbroPlaceAirportWay,91.5,87.7
HarborAveUpperNorthBridge,103.1,84.5
HarborAveUpperNorthBridge,103.1,84.5
HarborAveUpperNorthBridge,103,84.6
HarborAveUpperNorthBridge,102.9,84.5
HarborAveUpperNorthBridge,102.8,84.3
HarborAveUpperNorthBridge,102.7,84.3
HarborAveUpperNorthBridge,102.7,84.3
HarborAveUpperNorthBridge,102.6,84.3
HarborAveUpperNorthBridge,102.5,84.2
HarborAveUpperNorthBridge,102.5,84.2
HarborAveUpperNorthBridge,102.4,84.3
HarborAveUpperNorthBridge,102.4,84.2
HarborAveUpperNorthBridge,102.3,84.2
HarborAveUpperNorthBridge,102.2,84.3
HarborAveUpperNorthBridge,102.2,84.3
MagnoliaBridge,101.5,87.4
MagnoliaBridge,101.4,87.3
MagnoliaBridge,101.3,87.3
MagnoliaBridge,101.2,87.1
MagnoliaBridge,101.1,87
MagnoliaBridge,101.1,86.9
MagnoliaBridge,101,86.6
MagnoliaBridge,100.9,86.5
MagnoliaBridge,100.9,86.4
MagnoliaBridge,100.8,86.5
MagnoliaBridge,100.7,86.5
MagnoliaBridge,100.7,86.4
MagnoliaBridge,100.6,86.3
MagnoliaBridge,100.5,86.2
MagnoliaBridge,100.4,86.1
SpokaneSwingBridge,103.1,84.5
SpokaneSwingBridge,103.1,84.5
SpokaneSwingBridge,103,84.6
SpokaneSwingBridge,102.9,84.5
SpokaneSwingBridge,102.8,84.3
SpokaneSwingBridge,102.7,84.3
SpokaneSwingBridge,102.7,84.3
SpokaneSwingBridge,102.6,84.3
SpokaneSwingBridge,102.5,84.2
SpokaneSwingBridge,102.5,84.2
SpokaneSwingBridge,102.4,84.3
SpokaneSwingBridge,102.4,84.2
SpokaneSwingBridge,102.3,84.2
SpokaneSwingBridge,102.2,84.3
SpokaneSwingBridge,102.2,84.3
RooseveltWay_NE80thSt,88.7,88.7
RooseveltWay_NE80thSt,88.7,88.7
RooseveltWay_NE80thSt,88.7,88.7
RooseveltWay_NE80thSt,88.6,88.6
RooseveltWay_NE80thSt,88.6,88.6
RooseveltWay_NE80thSt,88.6,88.6
RooseveltWay_NE80thSt,88.6,88.6
RooseveltWay_NE80thSt,88.5,88.5
RooseveltWay_NE80thSt,88.5,88.5
RooseveltWay_NE80thSt,88.5,88.5
RooseveltWay_NE80thSt,88.5,88.5
RooseveltWay_NE80thSt,88.4,88.4
RooseveltWay_NE80thSt,88.4,88.4
RooseveltWay_NE80thSt,88.4,88.4
RooseveltWay_NE80thSt,88.3,88.3
MagnoliaBridge,100.7,86.5
MagnoliaBridge,100.7,86.4
MagnoliaBridge,100.6,86.3
MagnoliaBridge,100.5,86.2
MagnoliaBridge,100.4,86.1
MagnoliaBridge,100.3,86.1
MagnoliaBridge,100.2,86.1
MagnoliaBridge,100.1,86.1
MagnoliaBridge,100,86.1
MagnoliaBridge,99.9,85.9
MagnoliaBridge,99.8,85.7
MagnoliaBridge,99.6,85.7
MagnoliaBridge,99.5,85.5
MagnoliaBridge,99.4,85.5
MagnoliaBridge,99.4,85.6
SpokaneSwingBridge,102.3,84.2
SpokaneSwingBridge,102.2,84.3
SpokaneSwingBridge,102.2,84.3
SpokaneSwingBridge,102.1,84.2
SpokaneSwingBridge,102,84.1
SpokaneSwingBridge,101.9,84.1
SpokaneSwingBridge,101.9,84.1
SpokaneSwingBridge,101.8,84.2
SpokaneSwingBridge,101.7,84.3
SpokaneSwingBridge,101.6,84.2
SpokaneSwingBridge,101.5,84.2
HarborAveUpperNorthBridge,103.8,85.5
HarborAveUpperNorthBridge,103.8,85.5
HarborAveUpperNorthBridge,103.7,85.6
HarborAveUpperNorthBridge,103.7,85.6
HarborAveUpperNorthBridge,103.7,85.5
HarborAveUpperNorthBridge,103.7,85.5
HarborAveUpperNorthBridge,103.6,85.4
HarborAveUpperNorthBridge,103.6,85.3
HarborAveUpperNorthBridge,103.6,85.2
HarborAveUpperNorthBridge,103.6,85.2
HarborAveUpperNorthBridge,103.5,85.2
HarborAveUpperNorthBridge,103.5,85.2
HarborAveUpperNorthBridge,103.5,84.9
HarborAveUpperNorthBridge,103.5,84.8
HarborAveUpperNorthBridge,103.5,84.8
RooseveltWay_NE80thSt,89.3,89.3
RooseveltWay_NE80thSt,89.3,89.3
RooseveltWay_NE80thSt,89.3,89.3
RooseveltWay_NE80thSt,89.2,89.2
RooseveltWay_NE80thSt,89.2,89.2
RooseveltWay_NE80thSt,89.2,89.2
RooseveltWay_NE80thSt,89.2,89.2
RooseveltWay_NE80thSt,89.2,89.2
RooseveltWay_NE80thSt,89.1,89.1
RooseveltWay_NE80thSt,89.1,89.1
RooseveltWay_NE80thSt,89.1,89.1
RooseveltWay_NE80thSt,89.1,89.1
RooseveltWay_NE80thSt,89.1,89.1
RooseveltWay_NE80thSt,89.1,89.1
RooseveltWay_NE80thSt,89,89
MagnoliaBridge,102.4,87.2
MagnoliaBridge,102.4,87.3
MagnoliaBridge,102.3,87.6
MagnoliaBridge,102.3,87.8
MagnoliaBridge,102.3,88.1
MagnoliaBridge,102.2,88.2
MagnoliaBridge,102.2,88.3
MagnoliaBridge,102.1,88.5
MagnoliaBridge,102.1,88.5
MagnoliaBridge,102,88.3
MagnoliaBridge,102,88
MagnoliaBridge,101.9,87.8
MagnoliaBridge,101.9,87.5
MagnoliaBridge,101.9,87.4
MagnoliaBridge,101.8,87.4
SpokaneSwingBridge,103.8,85.5
SpokaneSwingBridge,103.8,85.5
SpokaneSwingBridge,103.7,85.6
SpokaneSwingBridge,103.7,85.6
SpokaneSwingBridge,103.7,85.5
SpokaneSwingBridge,103.7,85.5
SpokaneSwingBridge,103.6,85.4
SpokaneSwingBridge,103.6,85.3
SpokaneSwingBridge,103.6,85.2
SpokaneSwingBridge,103.6,85.2
SpokaneSwingBridge,103.5,85.2
SpokaneSwingBridge,103.5,85.2
SpokaneSwingBridge,103.5,84.9
SpokaneSwingBridge,103.5,84.8
SpokaneSwingBridge,103.5,84.8
AlbroPlaceAirportWay,90.9,87.4
AlbroPlaceAirportWay,90.9,87.6
AlbroPlaceAirportWay,91,88
AlbroPlaceAirportWay,91,88.1
AlbroPlaceAirportWay,91,88.2
AlbroPlaceAirportWay,91,88.3
AlbroPlaceAirportWay,91.1,88.2
AlbroPlaceAirportWay,91.1,88.1
AlbroPlaceAirportWay,91.1,87.9
AlbroPlaceAirportWay,91.1,87.8
AlbroPlaceAirportWay,91.2,87.9
AlbroPlaceAirportWay,91.2,88
AlbroPlaceAirportWay,91.2,87.9
AlbroPlaceAirportWay,91.2,87.8
AlbroPlaceAirportWay,91.3,87.7
HarborAveUpperNorthBridge,103.5,85.2
HarborAveUpperNorthBridge,103.5,85.2
HarborAveUpperNorthBridge,103.5,84.9
HarborAveUpperNorthBridge,103.5,84.8
HarborAveUpperNorthBridge,103.5,84.8
HarborAveUpperNorthBridge,103.4,84.7
HarborAveUpperNorthBridge,103.4,84.6
HarborAveUpperNorthBridge,103.3,84.5
HarborAveUpperNorthBridge,103.3,84.4
HarborAveUpperNorthBridge,103.2,84.5
HarborAveUpperNorthBridge,103.1,84.5
HarborAveUpperNorthBridge,103.1,84.5
HarborAveUpperNorthBridge,103,84.6
HarborAveUpperNorthBridge,102.9,84.5
HarborAveUpperNorthBridge,102.8,84.3
RooseveltWay_NE80thSt,89.1,89.1
RooseveltWay_NE80thSt,89.1,89.1
RooseveltWay_NE80thSt,89.1,89.1
RooseveltWay_NE80thSt,89.1,89.1
RooseveltWay_NE80thSt,89,89
RooseveltWay_NE80thSt,89,89
RooseveltWay_NE80thSt,89,89
RooseveltWay_NE80thSt,89,89
AlbroPlaceAirportWay,92.4,86.8
AlbroPlaceAirportWay,92.4,86.7
AlbroPlaceAirportWay,92.4,86.6
AlbroPlaceAirportWay,92.5,86.5
AlbroPlaceAirportWay,92.5,86.5
AlbroPlaceAirportWay,92.5,86.6
AlbroPlaceAirportWay,92.5,86.6
AlbroPlaceAirportWay,92.5,86.7
AlbroPlaceAirportWay,92.5,86.7
AlbroPlaceAirportWay,92.6,86.8
AlbroPlaceAirportWay,92.6,86.8
AlbroPlaceAirportWay,92.6,86.8
AlbroPlaceAirportWay,92.6,86.8
AlbroPlaceAirportWay,92.6,86.8
AlbroPlaceAirportWay,92.6,86.8
SpokaneSwingBridge,98.4,83.4
SpokaneSwingBridge,98.3,83.3
SpokaneSwingBridge,98.2,83.2
SpokaneSwingBridge,98.1,83.2
SpokaneSwingBridge,98,83.1
SpokaneSwingBridge,98,83.1
SpokaneSwingBridge,97.9,83.1
SpokaneSwingBridge,97.8,83
SpokaneSwingBridge,97.7,82.9
SpokaneSwingBridge,97.6,82.9
SpokaneSwingBridge,97.6,82.8
SpokaneSwingBridge,97.5,82.7
SpokaneSwingBridge,97.4,82.7
SpokaneSwingBridge,97.3,82.7
SpokaneSwingBridge,97.3,82.7
AlbroPlaceAirportWay,92.6,86.8
AlbroPlaceAirportWay,92.6,86.8
AlbroPlaceAirportWay,92.6,86.8
AlbroPlaceAirportWay,92.6,86.8
AlbroPlaceAirportWay,92.6,86.8
AlbroPlaceAirportWay,92.6,86.8
AlbroPlaceAirportWay,92.6,86.7
AlbroPlaceAirportWay,92.6,86.6
AlbroPlaceAirportWay,92.6,86.5
AlbroPlaceAirportWay,92.7,86.4
AlbroPlaceAirportWay,92.7,86.4
AlbroPlaceAirportWay,92.7,86.2
AlbroPlaceAirportWay,92.7,86.1
AlbroPlaceAirportWay,92.7,86.1
AlbroPlaceAirportWay,92.7,86
HarborAveUpperNorthBridge,97.6,82.8
HarborAveUpperNorthBridge,97.5,82.7
HarborAveUpperNorthBridge,97.4,82.7
HarborAveUpperNorthBridge,97.3,82.7
HarborAveUpperNorthBridge,97.3,82.7
HarborAveUpperNorthBridge,97.2,82.7
HarborAveUpperNorthBridge,97.1,82.7
HarborAveUpperNorthBridge,97.1,82.6
HarborAveUpperNorthBridge,97,82.5
HarborAveUpperNorthBridge,96.9,82.4
HarborAveUpperNorthBridge,96.8,82.4
HarborAveUpperNorthBridge,96.8,82.4
HarborAveUpperNorthBridge,96.7,82.4
HarborAveUpperNorthBridge,96.6,82.3
HarborAveUpperNorthBridge,96.5,82.2
RooseveltWay_NE80thSt,87,87
RooseveltWay_NE80thSt,87,87
RooseveltWay_NE80thSt,86.9,86.9
RooseveltWay_NE80thSt,86.9,86.9
RooseveltWay_NE80thSt,86.9,86.9
RooseveltWay_NE80thSt,86.8,86.8
RooseveltWay_NE80thSt,86.8,86.8
RooseveltWay_NE80thSt,86.8,86.8
RooseveltWay_NE80thSt,86.7,86.7
RooseveltWay_NE80thSt,86.7,86.7
RooseveltWay_NE80thSt,86.7,86.7
RooseveltWay_NE80thSt,86.6,86.6
RooseveltWay_NE80thSt,86.6,86.6
RooseveltWay_NE80thSt,86.6,86.6
RooseveltWay_NE80thSt,86.5,86.5
MagnoliaBridge,95.7,83.2
MagnoliaBridge,95.6,83.2
MagnoliaBridge,95.5,83.2
MagnoliaBridge,95.4,83.2
MagnoliaBridge,95.3,83.1
MagnoliaBridge,95.2,83.1
MagnoliaBridge,95.1,83
MagnoliaBridge,95,83
MagnoliaBridge,94.9,83
MagnoliaBridge,94.7,83
MagnoliaBridge,94.6,83
MagnoliaBridge,94.5,83
MagnoliaBridge,94.5,83
MagnoliaBridge,94.4,83
MagnoliaBridge,94.3,83
SpokaneSwingBridge,97.4,82.7
SpokaneSwingBridge,97.3,82.7
SpokaneSwingBridge,97.3,82.7
SpokaneSwingBridge,97.2,82.7
SpokaneSwingBridge,97.1,82.7
SpokaneSwingBridge,97.1,82.6
SpokaneSwingBridge,97,82.5
SpokaneSwingBridge,96.9,82.4
SpokaneSwingBridge,96.8,82.4
SpokaneSwingBridge,96.8,82.4
RooseveltWay_NE80thSt,88.9,88.9
RooseveltWay_NE80thSt,88.9,88.9
RooseveltWay_NE80thSt,88.9,88.9
RooseveltWay_NE80thSt,88.9,88.9
RooseveltWay_NE80thSt,88.8,88.8
RooseveltWay_NE80thSt,88.8,88.8
RooseveltWay_NE80thSt,88.8,88.8
RooseveltWay_NE80thSt,88.8,88.8
RooseveltWay_NE80thSt,88.8,88.8
RooseveltWay_NE80thSt,88.8,88.8
RooseveltWay_NE80thSt,88.7,88.7
RooseveltWay_NE80thSt,88.7,88.7
RooseveltWay_NE80thSt,88.7,88.7
RooseveltWay_NE80thSt,88.6,88.6
RooseveltWay_NE80thSt,88.6,88.6
AlbroPlaceAirportWay,92.9,85.1
AlbroPlaceAirportWay,92.9,85.1
AlbroPlaceAirportWay,92.9,85.1
AlbroPlaceAirportWay,92.9,85.1
AlbroPlaceAirportWay,92.9,85.1
AlbroPlaceAirportWay,92.9,85.1
AlbroPlaceAirportWay,92.9,85
AlbroPlaceAirportWay,92.9,85
AlbroPlaceAirportWay,92.9,84.9
AlbroPlaceAirportWay,92.9,84.9
AlbroPlaceAirportWay,92.9,84.8
AlbroPlaceAirportWay,92.9,84.6
AlbroPlaceAirportWay,92.9,84.5
AlbroPlaceAirportWay,92.9,84.4
AlbroPlaceAirportWay,92.9,84.4
RooseveltWay_NE80thSt,85.5,85.5
RooseveltWay_NE80thSt,85.5,85.5
RooseveltWay_NE80thSt,85.4,85.4
RooseveltWay_NE80thSt,85.4,85.4
RooseveltWay_NE80thSt,85.4,85.4
RooseveltWay_NE80thSt,85.3,85.3
RooseveltWay_NE80thSt,85.3,85.3
RooseveltWay_NE80thSt,85.3,85.3
RooseveltWay_NE80thSt,85.3,85.3
RooseveltWay_NE80thSt,85.2,85.2
RooseveltWay_NE80thSt,85.2,85.2
RooseveltWay_NE80thSt,85.2,85.2
RooseveltWay_NE80thSt,85.1,85.1
RooseveltWay_NE80thSt,85.1,85.1
RooseveltWay_NE80thSt,85.1,85.1
MagnoliaBridge,91.4,82
MagnoliaBridge,91.4,82
MagnoliaBridge,91.3,82
MagnoliaBridge,91.2,81.9
MagnoliaBridge,91.1,81.9
MagnoliaBridge,91.1,81.9
MagnoliaBridge,91,81.9
MagnoliaBridge,91,81.8
MagnoliaBridge,90.9,81.8
MagnoliaBridge,90.8,81.8
MagnoliaBridge,90.8,81.8
MagnoliaBridge,90.7,81.7
MagnoliaBridge,90.6,81.7
MagnoliaBridge,90.5,81.7
MagnoliaBridge,90.5,81.7
SpokaneSwingBridge,94.1,81
SpokaneSwingBridge,94,80.9
SpokaneSwingBridge,93.9,80.9
SpokaneSwingBridge,93.9,80.8
SpokaneSwingBridge,93.8,80.8
SpokaneSwingBridge,93.8,80.8
SpokaneSwingBridge,93.7,80.8
SpokaneSwingBridge,93.6,80.8
SpokaneSwingBridge,93.6,80.8
SpokaneSwingBridge,93.5,80.8
SpokaneSwingBridge,93.5,80.7
SpokaneSwingBridge,93.4,80.7
SpokaneSwingBridge,93.3,80.7
SpokaneSwingBridge,93.3,80.7
SpokaneSwingBridge,93.2,80.8
HarborAveUpperNorthBridge,94.1,81
HarborAveUpperNorthBridge,94,80.9
HarborAveUpperNorthBridge,93.9,80.9
HarborAveUpperNorthBridge,93.9,80.8
HarborAveUpperNorthBridge,93.8,80.8
HarborAveUpperNorthBridge,93.8,80.8
HarborAveUpperNorthBridge,93.7,80.8
HarborAveUpperNorthBridge,93.6,80.8
HarborAveUpperNorthBridge,93.6,80.8
HarborAveUpperNorthBridge,93.5,80.8
HarborAveUpperNorthBridge,93.5,80.7
HarborAveUpperNorthBridge,93.4,80.7
HarborAveUpperNorthBridge,93.3,80.7
HarborAveUpperNorthBridge,93.3,80.7
HarborAveUpperNorthBridge,93.2,80.8
MagnoliaBridge,79.07,70.14
MagnoliaBridge,71.63,63.72
AlbroPlaceAirportWay,89.8,87.4
AlbroPlaceAirportWay,89.8,87.4
AlbroPlaceAirportWay,89.9,87.6
AlbroPlaceAirportWay,89.9,87.8
AlbroPlaceAirportWay,89.9,88.1
AlbroPlaceAirportWay,89.9,88.4
AlbroPlaceAirportWay,90,88.5
AlbroPlaceAirportWay,90,88.1
AlbroPlaceAirportWay,90,88.1
AlbroPlaceAirportWay,90.1,88.4
AlbroPlaceAirportWay,90.1,88.6
AlbroPlaceAirportWay,90.1,88.5
AlbroPlaceAirportWay,90.2,88.1
AlbroPlaceAirportWay,90.2,88
AlbroPlaceAirportWay,90.2,88.1
HarborAveUpperNorthBridge,104.8,84.8
HarborAveUpperNorthBridge,104.8,84.8
HarborAveUpperNorthBridge,104.7,84.7
HarborAveUpperNorthBridge,104.7,84.8
HarborAveUpperNorthBridge,104.6,84.7
HarborAveUpperNorthBridge,104.5,84.8
HarborAveUpperNorthBridge,104.4,84.8
HarborAveUpperNorthBridge,104.4,84.8
HarborAveUpperNorthBridge,104.3,84.7
HarborAveUpperNorthBridge,104.2,84.7
HarborAveUpperNorthBridge,104.2,84.9
HarborAveUpperNorthBridge,104.1,85.1
HarborAveUpperNorthBridge,104.1,85.2
HarborAveUpperNorthBridge,104.1,85.3
HarborAveUpperNorthBridge,104.1,85.2
RooseveltWay_NE80thSt,90.1,90.1
RooseveltWay_NE80thSt,90,90
RooseveltWay_NE80thSt,90,90
RooseveltWay_NE80thSt,90,90
RooseveltWay_NE80thSt,90,90
RooseveltWay_NE80thSt,89.9,89.9
RooseveltWay_NE80thSt,89.9,89.9
RooseveltWay_NE80thSt,89.9,89.9
RooseveltWay_NE80thSt,89.9,89.9
RooseveltWay_NE80thSt,89.8,89.8
RooseveltWay_NE80thSt,89.8,89.8
RooseveltWay_NE80thSt,89.8,89.8
RooseveltWay_NE80thSt,89.7,89.7
RooseveltWay_NE80thSt,89.7,89.7
RooseveltWay_NE80thSt,89.7,89.7
MagnoliaBridge,104.3,88
MagnoliaBridge,104.1,87.8
MagnoliaBridge,103.9,87.5
MagnoliaBridge,103.7,87.4
MagnoliaBridge,103.5,87.2
MagnoliaBridge,103.3,87
MagnoliaBridge,103.1,86.9
MagnoliaBridge,103,86.9
MagnoliaBridge,102.9,86.9
MagnoliaBridge,102.8,87
MagnoliaBridge,102.8,87
MagnoliaBridge,102.7,87.1
MagnoliaBridge,102.7,87.3
MagnoliaBridge,102.7,87.4
MagnoliaBridge,102.7,87.4
SpokaneSwingBridge,104.8,84.8
SpokaneSwingBridge,104.8,84.8
SpokaneSwingBridge,104.7,84.7
SpokaneSwingBridge,104.7,84.8
SpokaneSwingBridge,104.6,84.7
SpokaneSwingBridge,104.5,84.8
SpokaneSwingBridge,104.4,84.8
SpokaneSwingBridge,104.4,84.8
SpokaneSwingBridge,104.3,84.7
SpokaneSwingBridge,104.2,84.7
SpokaneSwingBridge,104.2,84.9
SpokaneSwingBridge,104.1,85.1
SpokaneSwingBridge,104.1,85.2
SpokaneSwingBridge,104.1,85.3
SpokaneSwingBridge,104.1,85.2
MagnoliaBridge,79.05,70.08
MagnoliaBridge,79,70.07
MagnoliaBridge,79,70.03
MagnoliaBridge,78.97,69.99
MagnoliaBridge,78.94,69.99
MagnoliaBridge,78.91,69.97
MagnoliaBridge,78.89,69.89
MagnoliaBridge,78.87,69.87
MagnoliaBridge,78.83,69.83
MagnoliaBridge,78.81,69.79
MagnoliaBridge,78.78,69.75
MagnoliaBridge,78.89,69.89
MagnoliaBridge,78.87,69.87
MagnoliaBridge,78.83,69.83
MagnoliaBridge,78.81,69.79
MagnoliaBridge,78.78,69.75
MagnoliaBridge,78.77,69.73
MagnoliaBridge,78.73,69.67
MagnoliaBridge,78.71,69.6
MagnoliaBridge,78.67,69.56
MagnoliaBridge,78.65,69.5
MagnoliaBridge,78.6,69.42
MagnoliaBridge,78.57,69.26
MagnoliaBridge,78.56,69.13
MagnoliaBridge,78.51,69.09
MagnoliaBridge,78.49,69.01
HarborAveUpperNorthBridge,80.3,70.19
AlbroPlaceAirportWay,92.9,85.2
AlbroPlaceAirportWay,92.9,85.2
AlbroPlaceAirportWay,92.9,85.1
AlbroPlaceAirportWay,92.9,85.2
AlbroPlaceAirportWay,92.9,85.1
AlbroPlaceAirportWay,92.9,85.1
AlbroPlaceAirportWay,92.9,85.1
AlbroPlaceAirportWay,92.9,85.1
AlbroPlaceAirportWay,92.9,85.1
AlbroPlaceAirportWay,92.9,85.1
AlbroPlaceAirportWay,92.9,85.1
AlbroPlaceAirportWay,92.9,85.1
AlbroPlaceAirportWay,92.9,85.1
AlbroPlaceAirportWay,92.9,85.1
AlbroPlaceAirportWay,92.9,85.1
RooseveltWay_NE80thSt,85.8,85.8
RooseveltWay_NE80thSt,85.7,85.7
RooseveltWay_NE80thSt,85.7,85.7
RooseveltWay_NE80thSt,85.7,85.7
RooseveltWay_NE80thSt,85.7,85.7
RooseveltWay_NE80thSt,85.6,85.6
RooseveltWay_NE80thSt,85.6,85.6
RooseveltWay_NE80thSt,85.6,85.6
RooseveltWay_NE80thSt,85.6,85.6
RooseveltWay_NE80thSt,85.5,85.5
RooseveltWay_NE80thSt,85.5,85.5
RooseveltWay_NE80thSt,85.5,85.5
RooseveltWay_NE80thSt,85.4,85.4
RooseveltWay_NE80thSt,85.4,85.4
RooseveltWay_NE80thSt,85.4,85.4
MagnoliaBridge,92.1,82.4
MagnoliaBridge,92.1,82.4
MagnoliaBridge,92,82.3
MagnoliaBridge,91.9,82.3
MagnoliaBridge,91.8,82.3
MagnoliaBridge,91.8,82.2
MagnoliaBridge,91.7,82.2
MagnoliaBridge,91.6,82.1
MagnoliaBridge,91.6,82.1
MagnoliaBridge,91.5,82
MagnoliaBridge,91.4,82
MagnoliaBridge,91.4,82
MagnoliaBridge,91.3,82
MagnoliaBridge,91.2,81.9
MagnoliaBridge,91.1,81.9
SpokaneSwingBridge,94.7,81.2
SpokaneSwingBridge,94.6,81.2
SpokaneSwingBridge,94.6,81.2
SpokaneSwingBridge,94.5,81.1
SpokaneSwingBridge,94.4,81.1
SpokaneSwingBridge,94.4,81.1
SpokaneSwingBridge,94.3,81.1
SpokaneSwingBridge,94.2,81.1
SpokaneSwingBridge,94.2,81.1
SpokaneSwingBridge,94.1,81
SpokaneSwingBridge,94.1,81
SpokaneSwingBridge,94,80.9
SpokaneSwingBridge,93.9,80.9
SpokaneSwingBridge,93.9,80.8
SpokaneSwingBridge,93.8,80.8
HarborAveUpperNorthBridge,94.7,81.2
HarborAveUpperNorthBridge,94.6,81.2
HarborAveUpperNorthBridge,94.6,81.2
HarborAveUpperNorthBridge,94.5,81.1
HarborAveUpperNorthBridge,94.4,81.1
HarborAveUpperNorthBridge,94.4,81.1
HarborAveUpperNorthBridge,94.3,81.1
HarborAveUpperNorthBridge,94.2,81.1
HarborAveUpperNorthBridge,94.2,81.1
HarborAveUpperNorthBridge,94.1,81
HarborAveUpperNorthBridge,94.1,81
HarborAveUpperNorthBridge,94,80.9
HarborAveUpperNorthBridge,93.9,80.9
HarborAveUpperNorthBridge,93.9,80.8
HarborAveUpperNorthBridge,93.8,80.8
RooseveltWay_NE80thSt,84.9,84.9
RooseveltWay_NE80thSt,84.9,84.9
RooseveltWay_NE80thSt,84.8,84.8
RooseveltWay_NE80thSt,84.8,84.8
RooseveltWay_NE80thSt,84.8,84.8
RooseveltWay_NE80thSt,84.7,84.7
RooseveltWay_NE80thSt,84.7,84.7
RooseveltWay_NE80thSt,84.7,84.7
RooseveltWay_NE80thSt,84.7,84.7
RooseveltWay_NE80thSt,84.6,84.6
RooseveltWay_NE80thSt,84.6,84.6
HarborAveUpperNorthBridge,80.2,70.18
RooseveltWay_NE80thSt,89.5,89.5
RooseveltWay_NE80thSt,89.5,89.5
RooseveltWay_NE80thSt,89.4,89.4
RooseveltWay_NE80thSt,89.4,89.4
RooseveltWay_NE80thSt,89.4,89.4
RooseveltWay_NE80thSt,89.4,89.4
RooseveltWay_NE80thSt,89.4,89.4
RooseveltWay_NE80thSt,89.4,89.4
RooseveltWay_NE80thSt,89.3,89.3
RooseveltWay_NE80thSt,89.3,89.3
RooseveltWay_NE80thSt,89.3,89.3
RooseveltWay_NE80thSt,89.3,89.3
RooseveltWay_NE80thSt,89.3,89.3
RooseveltWay_NE80thSt,89.2,89.2
RooseveltWay_NE80thSt,89.2,89.2
MagnoliaBridge,102.6,88.1
MagnoliaBridge,102.5,88.1
MagnoliaBridge,102.5,88
MagnoliaBridge,102.5,87.6
MagnoliaBridge,102.5,87.4
MagnoliaBridge,102.5,87.5
MagnoliaBridge,102.5,87.7
MagnoliaBridge,102.5,87.7
MagnoliaBridge,102.4,87.4
MagnoliaBridge,102.4,87.2
MagnoliaBridge,102.4,87.2
MagnoliaBridge,102.4,87.3
MagnoliaBridge,102.3,87.6
MagnoliaBridge,102.3,87.8
MagnoliaBridge,102.3,88.1
SpokaneSwingBridge,104,85.1
SpokaneSwingBridge,104,85.3
SpokaneSwingBridge,104,85.4
SpokaneSwingBridge,103.9,85.5
SpokaneSwingBridge,103.9,85.5
SpokaneSwingBridge,103.9,85.5
SpokaneSwingBridge,103.8,85.5
SpokaneSwingBridge,103.8,85.5
SpokaneSwingBridge,103.8,85.4
SpokaneSwingBridge,103.8,85.4
SpokaneSwingBridge,103.8,85.5
SpokaneSwingBridge,103.8,85.5
SpokaneSwingBridge,103.7,85.6
SpokaneSwingBridge,103.7,85.6
SpokaneSwingBridge,103.7,85.5
HarborAveUpperNorthBridge,80.2,70.16
HarborAveUpperNorthBridge,80.2,70.11
HarborAveUpperNorthBridge,80.1,70.05
HarborAveUpperNorthBridge,80.1,70.05
HarborAveUpperNorthBridge,80.1,69.98
HarborAveUpperNorthBridge,80,69.87
HarborAveUpperNorthBridge,79.99,69.78
HarborAveUpperNorthBridge,79.96,69.7
HarborAveUpperNorthBridge,79.92,69.59
HarborAveUpperNorthBridge,79.88,69.49
HarborAveUpperNorthBridge,79.84,69.41
HarborAveUpperNorthBridge,79.8,69.32
HarborAveUpperNorthBridge,79.76,69.27
MagnoliaBridge,71.61,63.72
MagnoliaBridge,71.58,63.71
MagnoliaBridge,71.58,63.67
MagnoliaBridge,71.58,63.64
AlbroPlaceAirportWay,83.7,65.07
AlbroPlaceAirportWay,83.6,65.05
AlbroPlaceAirportWay,83.6,65.02
AlbroPlaceAirportWay,83.6,65.01
AlbroPlaceAirportWay,83.6,65.08
AlbroPlaceAirportWay,83.6,65.21
AlbroPlaceAirportWay,83.6,65.38
AlbroPlaceAirportWay,83.6,65.53
AlbroPlaceAirportWay,83.5,65.68
AlbroPlaceAirportWay,83.5,65.9
AlbroPlaceAirportWay,83.5,65.98
AlbroPlaceAirportWay,83.5,66.08
AlbroPlaceAirportWay,83.5,66.28
AlbroPlaceAirportWay,83.5,66.37
AlbroPlaceAirportWay,83.5,66.4
SpokaneSwingBridge,70.78,65.11
SpokaneSwingBridge,70.78,65.23
SpokaneSwingBridge,70.79,65.41
SpokaneSwingBridge,70.8,65.55
SpokaneSwingBridge,70.82,65.69
SpokaneSwingBridge,70.82,65.78
SpokaneSwingBridge,70.82,65.82
SpokaneSwingBridge,70.83,65.87
SpokaneSwingBridge,70.83,65.91
SpokaneSwingBridge,70.83,65.9
SpokaneSwingBridge,70.83,65.8
SpokaneSwingBridge,70.83,65.68
SpokaneSwingBridge,70.83,65.6
SpokaneSwingBridge,70.83,65.54
SpokaneSwingBridge,70.83,65.49
AlbroPlaceAirportWay,83,65.21
AlbroPlaceAirportWay,83,65.38
AlbroPlaceAirportWay,83,65.45
AlbroPlaceAirportWay,83,65.38
AlbroPlaceAirportWay,83,65.39
AlbroPlaceAirportWay,82.9,65.51
AlbroPlaceAirportWay,82.9,65.58
AlbroPlaceAirportWay,82.9,65.55
AlbroPlaceAirportWay,91.6,87.4
AlbroPlaceAirportWay,91.7,87.4
AlbroPlaceAirportWay,91.7,87.3
AlbroPlaceAirportWay,91.7,87.2
AlbroPlaceAirportWay,91.7,87.3
AlbroPlaceAirportWay,91.8,87.3
AlbroPlaceAirportWay,91.8,87.1
AlbroPlaceAirportWay,91.8,87.1
AlbroPlaceAirportWay,91.8,87.1
AlbroPlaceAirportWay,91.8,87.3
AlbroPlaceAirportWay,91.9,87.3
AlbroPlaceAirportWay,91.9,87.3
AlbroPlaceAirportWay,91.9,87.3
AlbroPlaceAirportWay,91.9,87.3
AlbroPlaceAirportWay,92,87.3
SpokaneSwingBridge,92.5,80.7
SpokaneSwingBridge,92.5,80.6
AlbroPlaceAirportWay,86.9,67.73
AlbroPlaceAirportWay,86.9,67.73
AlbroPlaceAirportWay,86.8,67.73
AlbroPlaceAirportWay,86.8,67.69
AlbroPlaceAirportWay,86.8,67.68
AlbroPlaceAirportWay,86.8,67.64
AlbroPlaceAirportWay,86.8,67.64
AlbroPlaceAirportWay,86.7,67.61
AlbroPlaceAirportWay,86.7,67.56
AlbroPlaceAirportWay,86.7,67.53
AlbroPlaceAirportWay,86.7,67.47
AlbroPlaceAirportWay,86.7,67.44
AlbroPlaceAirportWay,86.7,67.39
AlbroPlaceAirportWay,86.6,67.35
AlbroPlaceAirportWay,86.6,67.35
MagnoliaBridge,74.86,65.12
MagnoliaBridge,74.84,65.1
MagnoliaBridge,74.8,65.1
MagnoliaBridge,74.8,65.12
MagnoliaBridge,74.8,65.17
MagnoliaBridge,74.77,65.21
MagnoliaBridge,74.75,65.24
MagnoliaBridge,74.75,65.14
MagnoliaBridge,74.73,64.96
MagnoliaBridge,74.7,64.71
MagnoliaBridge,74.7,64.3
MagnoliaBridge,74.7,63.9
MagnoliaBridge,74.65,63.61
MagnoliaBridge,74.64,63.45
MagnoliaBridge,74.59,63.33
HarborAveUpperNorthBridge,75.29,65.98
HarborAveUpperNorthBridge,75.27,65.92
HarborAveUpperNorthBridge,75.23,65.89
HarborAveUpperNorthBridge,75.21,65.89
HarborAveUpperNorthBridge,75.19,65.86
HarborAveUpperNorthBridge,75.16,65.82
HarborAveUpperNorthBridge,75.13,65.75
HarborAveUpperNorthBridge,75.11,65.69
HarborAveUpperNorthBridge,75.09,65.63
HarborAveUpperNorthBridge,75.06,65.58
HarborAveUpperNorthBridge,75.02,65.52
HarborAveUpperNorthBridge,75,65.45
HarborAveUpperNorthBridge,74.98,65.41
HarborAveUpperNorthBridge,74.95,65.39
HarborAveUpperNorthBridge,74.93,65.39
MagnoliaBridge,92,76.36
MagnoliaBridge,92.1,76.42
MagnoliaBridge,92.2,76.56
MagnoliaBridge,92.4,76.78
MagnoliaBridge,92.5,76.84
MagnoliaBridge,92.7,76.93
MagnoliaBridge,92.8,76.92
MagnoliaBridge,92.9,76.82
MagnoliaBridge,93,76.76
MagnoliaBridge,93.2,76.87
MagnoliaBridge,93.3,77.1
MagnoliaBridge,93.5,77.29
AlbroPlaceAirportWay,83,77.79
AlbroPlaceAirportWay,83,77.89
AlbroPlaceAirportWay,83,77.86
AlbroPlaceAirportWay,83,77.74
AlbroPlaceAirportWay,83.1,77.74
AlbroPlaceAirportWay,83.1,77.65
AlbroPlaceAirportWay,83.1,77.49
AlbroPlaceAirportWay,83.1,77.59
AlbroPlaceAirportWay,83.2,77.55
AlbroPlaceAirportWay,83.2,77.46
AlbroPlaceAirportWay,83.2,77.81
AlbroPlaceAirportWay,83.2,78.31
AlbroPlaceAirportWay,83.2,78.1
AlbroPlaceAirportWay,83.3,77.82
AlbroPlaceAirportWay,83.3,77.8
AlbroPlaceAirportWay,92.9,83.3
AlbroPlaceAirportWay,92.9,83.2
AlbroPlaceAirportWay,92.9,83.1
AlbroPlaceAirportWay,92.9,83.1
AlbroPlaceAirportWay,92.9,83
AlbroPlaceAirportWay,92.9,82.8
AlbroPlaceAirportWay,92.9,82.6
AlbroPlaceAirportWay,92.9,82.5
AlbroPlaceAirportWay,92.9,82.5
AlbroPlaceAirportWay,92.9,82.4
AlbroPlaceAirportWay,92.9,82.3
AlbroPlaceAirportWay,92.9,82.3
AlbroPlaceAirportWay,92.9,82.3
AlbroPlaceAirportWay,92.9,82.2
AlbroPlaceAirportWay,92.9,82.2
SpokaneSwingBridge,91.9,80.3
SpokaneSwingBridge,91.8,80.3
SpokaneSwingBridge,91.8,80.2
SpokaneSwingBridge,91.7,80.2
SpokaneSwingBridge,91.7,80.2
SpokaneSwingBridge,91.6,80.2
SpokaneSwingBridge,91.6,80.2
SpokaneSwingBridge,91.5,80.2
SpokaneSwingBridge,91.5,80.2
SpokaneSwingBridge,91.4,80.3
SpokaneSwingBridge,91.4,80.3
SpokaneSwingBridge,91.3,80.3
SpokaneSwingBridge,91.3,80.2
SpokaneSwingBridge,91.2,80.2
SpokaneSwingBridge,91.1,80.2
RooseveltWay_NE80thSt,84.3,84.3
RooseveltWay_NE80thSt,84.2,84.2
RooseveltWay_NE80thSt,84.2,84.2
RooseveltWay_NE80thSt,84.2,84.2
RooseveltWay_NE80thSt,84.1,84.1
RooseveltWay_NE80thSt,84.1,84.1
RooseveltWay_NE80thSt,84.1,84.1
RooseveltWay_NE80thSt,84,84
RooseveltWay_NE80thSt,84,84
RooseveltWay_NE80thSt,84,84
RooseveltWay_NE80thSt,83.9,83.9
RooseveltWay_NE80thSt,83.9,83.9
RooseveltWay_NE80thSt,83.9,83.9
RooseveltWay_NE80thSt,83.8,83.8
RooseveltWay_NE80thSt,83.8,83.8
JoseRizalBridgeNorth,-342.9,82.6
MagnoliaBridge,88.9,80.5
MagnoliaBridge,88.8,80.4
MagnoliaBridge,88.7,80.2
MagnoliaBridge,88.7,79.68
MagnoliaBridge,88.6,78.45
MagnoliaBridge,88.5,76.84
MagnoliaBridge,88.5,76.42
MagnoliaBridge,88.4,76.11
MagnoliaBridge,88.3,75.83
MagnoliaBridge,88.3,75.69
MagnoliaBridge,88.2,75.57
MagnoliaBridge,88.1,75.45
MagnoliaBridge,88,75.49
MagnoliaBridge,88,75.5
MagnoliaBridge,87.9,75.53
HarborAveUpperNorthBridge,91.8,80.2
HarborAveUpperNorthBridge,91.7,80.2
HarborAveUpperNorthBridge,91.7,80.2
HarborAveUpperNorthBridge,91.6,80.2
HarborAveUpperNorthBridge,91.6,80.2
HarborAveUpperNorthBridge,91.5,80.2
HarborAveUpperNorthBridge,91.5,80.2
HarborAveUpperNorthBridge,91.4,80.3
HarborAveUpperNorthBridge,91.4,80.3
HarborAveUpperNorthBridge,91.3,80.3
HarborAveUpperNorthBridge,91.3,80.2
HarborAveUpperNorthBridge,91.2,80.2
HarborAveUpperNorthBridge,91.1,80.2
HarborAveUpperNorthBridge,91.1,80.1
HarborAveUpperNorthBridge,91,80.1
SpokaneSwingBridge,79.63,69.11
AlbroPlaceAirportWay,83.3,65.75
AlbroPlaceAirportWay,83.3,65.6
AlbroPlaceAirportWay,83.3,65.45
AlbroPlaceAirportWay,83.3,65.35
AlbroPlaceAirportWay,83.3,65.24
AlbroPlaceAirportWay,83.3,65.21
AlbroPlaceAirportWay,83.2,65.22
AlbroPlaceAirportWay,83.2,65.22
AlbroPlaceAirportWay,83.2,65.26
AlbroPlaceAirportWay,83.2,65.26
AlbroPlaceAirportWay,83.2,65.19
AlbroPlaceAirportWay,83.2,65.12
AlbroPlaceAirportWay,83.2,65.14
AlbroPlaceAirportWay,83.1,65.15
AlbroPlaceAirportWay,83.1,65.12
HarborAveUpperNorthBridge,70.91,64.72
HarborAveUpperNorthBridge,70.89,64.73
HarborAveUpperNorthBridge,70.89,64.75
HarborAveUpperNorthBridge,70.89,64.78
HarborAveUpperNorthBridge,70.88,64.79
HarborAveUpperNorthBridge,70.87,64.78
HarborAveUpperNorthBridge,70.86,64.81
SpokaneSwingBridge,104.9,84.7
SpokaneSwingBridge,104.9,84.9
SpokaneSwingBridge,104.8,85.1
SpokaneSwingBridge,104.8,85.1
SpokaneSwingBridge,104.8,85.1
SpokaneSwingBridge,104.8,85
SpokaneSwingBridge,104.8,84.8
SpokaneSwingBridge,104.8,84.8
SpokaneSwingBridge,104.7,84.7
SpokaneSwingBridge,104.7,84.8
SpokaneSwingBridge,104.6,84.7
AlbroPlaceAirportWay,88.1,68.91
AlbroPlaceAirportWay,88.1,68.9
AlbroPlaceAirportWay,88,68.9
AlbroPlaceAirportWay,88,68.9
AlbroPlaceAirportWay,88,68.94
AlbroPlaceAirportWay,88,68.95
AlbroPlaceAirportWay,88,68.98
AlbroPlaceAirportWay,87.9,68.97
AlbroPlaceAirportWay,87.9,68.96
AlbroPlaceAirportWay,87.9,68.94
AlbroPlaceAirportWay,87.9,68.9
AlbroPlaceAirportWay,87.9,68.86
AlbroPlaceAirportWay,87.9,68.8
AlbroPlaceAirportWay,87.8,68.8
AlbroPlaceAirportWay,87.8,68.8
RooseveltWay_NE80thSt,76.32,76.32
RooseveltWay_NE80thSt,76.32,76.32
RooseveltWay_NE80thSt,76.3,76.3
RooseveltWay_NE80thSt,76.27,76.27
RooseveltWay_NE80thSt,76.26,76.26
RooseveltWay_NE80thSt,76.24,76.24
RooseveltWay_NE80thSt,76.22,76.22
RooseveltWay_NE80thSt,76.21,76.21
RooseveltWay_NE80thSt,76.21,76.21
RooseveltWay_NE80thSt,76.17,76.17
RooseveltWay_NE80thSt,76.16,76.16
RooseveltWay_NE80thSt,76.15,76.15
RooseveltWay_NE80thSt,76.12,76.12
RooseveltWay_NE80thSt,76.11,76.11
RooseveltWay_NE80thSt,76.1,76.1
MagnoliaBridge,76.48,66.17
MagnoliaBridge,76.44,66.16
MagnoliaBridge,76.42,66.18
MagnoliaBridge,76.39,66.21
MagnoliaBridge,76.37,66.2
MagnoliaBridge,76.37,66.21
MagnoliaBridge,76.32,66.16
MagnoliaBridge,76.32,66.16
MagnoliaBridge,76.29,66.14
MagnoliaBridge,76.27,66.1
MagnoliaBridge,76.25,66.02
MagnoliaBridge,76.21,65.93
MagnoliaBridge,76.17,65.83
MagnoliaBridge,76.16,65.8
MagnoliaBridge,76.12,65.73
HarborAveUpperNorthBridge,77.38,67.4
HarborAveUpperNorthBridge,77.34,67.26
HarborAveUpperNorthBridge,77.32,67.15
HarborAveUpperNorthBridge,77.27,67
HarborAveUpperNorthBridge,77.25,66.86
HarborAveUpperNorthBridge,77.21,66.81
HarborAveUpperNorthBridge,77.17,66.89
HarborAveUpperNorthBridge,77.15,67
HarborAveUpperNorthBridge,77.11,67.07
HarborAveUpperNorthBridge,77.07,67.06
HarborAveUpperNorthBridge,77.05,66.92
HarborAveUpperNorthBridge,77,66.79
HarborAveUpperNorthBridge,76.97,66.69
HarborAveUpperNorthBridge,76.94,66.57
HarborAveUpperNorthBridge,76.91,66.51
SpokaneSwingBridge,77.38,67.4
SpokaneSwingBridge,77.34,67.26
SpokaneSwingBridge,77.32,67.15
SpokaneSwingBridge,77.27,67
SpokaneSwingBridge,77.25,66.86
SpokaneSwingBridge,77.21,66.81
SpokaneSwingBridge,77.17,66.89
SpokaneSwingBridge,77.15,67
SpokaneSwingBridge,77.11,67.07
SpokaneSwingBridge,77.07,67.06
SpokaneSwingBridge,77.05,66.92
SpokaneSwingBridge,77,66.79
SpokaneSwingBridge,76.97,66.69
SpokaneSwingBridge,76.94,66.57
SpokaneSwingBridge,76.91,66.51
HarborAveUpperNorthBridge,70.84,64.84
HarborAveUpperNorthBridge,91.5,75.93
RooseveltWay_NE80thSt,89,89
RooseveltWay_NE80thSt,89,89
RooseveltWay_NE80thSt,88.9,88.9
RooseveltWay_NE80thSt,88.9,88.9
RooseveltWay_NE80thSt,88.9,88.9
RooseveltWay_NE80thSt,88.9,88.9
RooseveltWay_NE80thSt,88.8,88.8
SpokaneSwingBridge,103.5,85.2
SpokaneSwingBridge,103.5,85.2
SpokaneSwingBridge,103.5,84.9
SpokaneSwingBridge,103.5,84.8
SpokaneSwingBridge,103.5,84.8
SpokaneSwingBridge,103.4,84.7
SpokaneSwingBridge,103.4,84.6
SpokaneSwingBridge,103.3,84.5
SpokaneSwingBridge,103.3,84.4
SpokaneSwingBridge,103.2,84.5
SpokaneSwingBridge,103.1,84.5
SpokaneSwingBridge,103.1,84.5
SpokaneSwingBridge,103,84.6
SpokaneSwingBridge,102.9,84.5
SpokaneSwingBridge,102.8,84.3
SpokaneSwingBridge,79.61,69.09
SpokaneSwingBridge,79.56,69.06
SpokaneSwingBridge,79.52,69.08
SpokaneSwingBridge,79.49,69.05
SpokaneSwingBridge,79.45,69.03
AlbroPlaceAirportWay,88.7,70.08
AlbroPlaceAirportWay,88.7,70.12
AlbroPlaceAirportWay,88.7,70.16
AlbroPlaceAirportWay,88.7,70.16
AlbroPlaceAirportWay,88.7,70.1
AlbroPlaceAirportWay,88.6,70.02
AlbroPlaceAirportWay,88.6,69.92
AlbroPlaceAirportWay,88.6,69.85
AlbroPlaceAirportWay,88.6,69.79
AlbroPlaceAirportWay,88.6,69.72
AlbroPlaceAirportWay,88.5,69.72
AlbroPlaceAirportWay,88.5,69.76
AlbroPlaceAirportWay,88.5,69.73
AlbroPlaceAirportWay,88.5,69.7
AlbroPlaceAirportWay,88.5,69.71
RooseveltWay_NE80thSt,77.1,77.1
RooseveltWay_NE80thSt,77.08,77.08
RooseveltWay_NE80thSt,77.06,77.06
RooseveltWay_NE80thSt,77.03,77.03
RooseveltWay_NE80thSt,77.01,77.01
RooseveltWay_NE80thSt,76.97,76.97
RooseveltWay_NE80thSt,76.97,76.97
RooseveltWay_NE80thSt,76.96,76.96
RooseveltWay_NE80thSt,76.92,76.92
RooseveltWay_NE80thSt,76.9,76.9
RooseveltWay_NE80thSt,76.87,76.87
RooseveltWay_NE80thSt,76.86,76.86
RooseveltWay_NE80thSt,76.86,76.86
RooseveltWay_NE80thSt,76.82,76.82
RooseveltWay_NE80thSt,76.81,76.81
SpokaneSwingBridge,78.84,67.9
SpokaneSwingBridge,78.82,67.93
SpokaneSwingBridge,78.77,67.93
SpokaneSwingBridge,78.73,67.92
SpokaneSwingBridge,78.7,67.9
SpokaneSwingBridge,78.66,67.86
SpokaneSwingBridge,78.62,67.86
SpokaneSwingBridge,78.6,67.85
SpokaneSwingBridge,78.55,67.86
SpokaneSwingBridge,78.51,67.9
SpokaneSwingBridge,78.49,67.91
SpokaneSwingBridge,78.44,67.92
SpokaneSwingBridge,78.41,67.95
SpokaneSwingBridge,78.38,67.96
SpokaneSwingBridge,78.33,67.96
MagnoliaBridge,77.62,67.53
MagnoliaBridge,77.57,67.54
MagnoliaBridge,77.57,67.54
MagnoliaBridge,77.54,67.54
MagnoliaBridge,77.51,67.59
MagnoliaBridge,77.48,67.58
MagnoliaBridge,77.46,67.54
MagnoliaBridge,77.44,67.54
MagnoliaBridge,77.4,67.54
MagnoliaBridge,77.38,67.51
MagnoliaBridge,77.35,67.47
MagnoliaBridge,77.32,67.41
MagnoliaBridge,77.29,67.39
MagnoliaBridge,77.25,67.35
MagnoliaBridge,77.24,67.31
HarborAveUpperNorthBridge,91.6,75.87
HarborAveUpperNorthBridge,91.7,75.87
HarborAveUpperNorthBridge,91.8,75.88
HarborAveUpperNorthBridge,91.9,75.86
HarborAveUpperNorthBridge,92,75.99
HarborAveUpperNorthBridge,92.1,76.21
MagnoliaBridge,92.9,76.82
MagnoliaBridge,93,76.76
MagnoliaBridge,93.2,76.87
MagnoliaBridge,93.3,77.1
MagnoliaBridge,93.5,77.29
MagnoliaBridge,93.6,77.47
MagnoliaBridge,93.7,77.51
MagnoliaBridge,93.8,77.67
MagnoliaBridge,93.9,77.8
MagnoliaBridge,94,77.96
MagnoliaBridge,94.1,77.9
MagnoliaBridge,94.1,77.89
MagnoliaBridge,94.2,77.81
MagnoliaBridge,94.3,77.89
MagnoliaBridge,94.4,77.86
RooseveltWay_NE80thSt,88,88
RooseveltWay_NE80thSt,88,88
RooseveltWay_NE80thSt,87.9,87.9
AlbroPlaceAirportWay,91.4,87.6
AlbroPlaceAirportWay,91.4,87.7
AlbroPlaceAirportWay,91.5,87.6
AlbroPlaceAirportWay,91.5,87.7
AlbroPlaceAirportWay,91.5,87.7
AlbroPlaceAirportWay,91.5,87.6
AlbroPlaceAirportWay,91.6,87.5
AlbroPlaceAirportWay,91.6,87.5
AlbroPlaceAirportWay,91.6,87.4
AlbroPlaceAirportWay,91.6,87.5
AlbroPlaceAirportWay,91.6,87.4
AlbroPlaceAirportWay,91.7,87.4
AlbroPlaceAirportWay,91.7,87.3
AlbroPlaceAirportWay,91.7,87.2
AlbroPlaceAirportWay,91.7,87.3
HarborAveUpperNorthBridge,102.4,84.3
HarborAveUpperNorthBridge,102.4,84.2
HarborAveUpperNorthBridge,102.3,84.2
HarborAveUpperNorthBridge,102.2,84.3
HarborAveUpperNorthBridge,102.2,84.3
HarborAveUpperNorthBridge,102.1,84.2
HarborAveUpperNorthBridge,102,84.1
HarborAveUpperNorthBridge,101.9,84.1
HarborAveUpperNorthBridge,101.9,84.1
HarborAveUpperNorthBridge,101.8,84.2
HarborAveUpperNorthBridge,101.7,84.3
HarborAveUpperNorthBridge,101.6,84.2
HarborAveUpperNorthBridge,101.5,84.2
HarborAveUpperNorthBridge,101.4,84.2
HarborAveUpperNorthBridge,101.3,84.2
HarborAveUpperNorthBridge,70.83,64.88
HarborAveUpperNorthBridge,70.83,64.91
HarborAveUpperNorthBridge,70.83,64.92
HarborAveUpperNorthBridge,70.83,64.92
HarborAveUpperNorthBridge,70.82,64.92
HarborAveUpperNorthBridge,70.81,64.92
HarborAveUpperNorthBridge,70.8,64.92
RooseveltWay_NE80thSt,72.29,72.29
RooseveltWay_NE80thSt,72.28,72.28
RooseveltWay_NE80thSt,72.28,72.28
RooseveltWay_NE80thSt,72.27,72.27
RooseveltWay_NE80thSt,72.26,72.26
RooseveltWay_NE80thSt,72.27,72.27
RooseveltWay_NE80thSt,72.24,72.24
RooseveltWay_NE80thSt,72.25,72.25
RooseveltWay_NE80thSt,72.26,72.26
RooseveltWay_NE80thSt,72.27,72.27
RooseveltWay_NE80thSt,72.28,72.28
RooseveltWay_NE80thSt,72.28,72.28
RooseveltWay_NE80thSt,72.3,72.3
RooseveltWay_NE80thSt,72.31,72.31
RooseveltWay_NE80thSt,72.31,72.31
MagnoliaBridge,71.39,63.33
MagnoliaBridge,71.37,63.29
MagnoliaBridge,71.37,63.26
MagnoliaBridge,71.37,63.25
MagnoliaBridge,71.37,63.21
MagnoliaBridge,71.37,63.14
MagnoliaBridge,71.33,63.12
MagnoliaBridge,71.32,63.11
MagnoliaBridge,71.32,63.03
MagnoliaBridge,71.32,62.97
MagnoliaBridge,71.32,62.89
MagnoliaBridge,71.3,62.8
MagnoliaBridge,71.27,62.71
MagnoliaBridge,71.27,62.67
MagnoliaBridge,71.27,62.69
SpokaneSwingBridge,70.89,64.75
AlbroPlaceAirportWay,88.4,69.48
AlbroPlaceAirportWay,88.4,69.47
AlbroPlaceAirportWay,88.4,69.44
AlbroPlaceAirportWay,88.3,69.4
AlbroPlaceAirportWay,88.3,69.36
AlbroPlaceAirportWay,88.3,69.31
AlbroPlaceAirportWay,88.3,69.25
AlbroPlaceAirportWay,88.3,69.18
AlbroPlaceAirportWay,88.2,69.15
AlbroPlaceAirportWay,88.2,69.11
AlbroPlaceAirportWay,88.2,69.08
AlbroPlaceAirportWay,88.2,69.06
AlbroPlaceAirportWay,88.2,69.03
AlbroPlaceAirportWay,88.2,68.99
AlbroPlaceAirportWay,88.2,68.99
HarborAveUpperNorthBridge,78.14,68.06
HarborAveUpperNorthBridge,78.1,68.02
HarborAveUpperNorthBridge,78.06,67.96
HarborAveUpperNorthBridge,78.04,67.93
HarborAveUpperNorthBridge,78,67.87
HarborAveUpperNorthBridge,77.97,67.74
HarborAveUpperNorthBridge,77.93,67.63
HarborAveUpperNorthBridge,77.89,67.51
HarborAveUpperNorthBridge,77.86,67.41
HarborAveUpperNorthBridge,77.82,67.33
HarborAveUpperNorthBridge,77.79,67.22
HarborAveUpperNorthBridge,77.76,67.23
HarborAveUpperNorthBridge,77.72,67.21
HarborAveUpperNorthBridge,77.69,67.18
HarborAveUpperNorthBridge,77.65,67.24
AlbroPlaceAirportWay,87.7,68.8
AlbroPlaceAirportWay,87.7,68.77
AlbroPlaceAirportWay,87.7,68.71
AlbroPlaceAirportWay,87.7,68.64
AlbroPlaceAirportWay,87.7,68.58
AlbroPlaceAirportWay,87.6,68.5
AlbroPlaceAirportWay,87.6,68.44
AlbroPlaceAirportWay,87.6,68.38
AlbroPlaceAirportWay,87.6,68.32
AlbroPlaceAirportWay,87.6,68.29
AlbroPlaceAirportWay,87.6,68.25
AlbroPlaceAirportWay,87.6,68.21
AlbroPlaceAirportWay,87.5,68.15
AlbroPlaceAirportWay,87.5,68.09
AlbroPlaceAirportWay,87.5,68.05
RooseveltWay_NE80thSt,76,76
RooseveltWay_NE80thSt,75.98,75.98
RooseveltWay_NE80thSt,75.95,75.95
RooseveltWay_NE80thSt,75.94,75.94
RooseveltWay_NE80thSt,75.92,75.92
RooseveltWay_NE80thSt,75.89,75.89
RooseveltWay_NE80thSt,75.89,75.89
RooseveltWay_NE80thSt,75.88,75.88
RooseveltWay_NE80thSt,75.85,75.85
RooseveltWay_NE80thSt,75.83,75.83
RooseveltWay_NE80thSt,75.81,75.81
RooseveltWay_NE80thSt,75.79,75.79
RooseveltWay_NE80thSt,75.78,75.78
RooseveltWay_NE80thSt,75.77,75.77
RooseveltWay_NE80thSt,75.75,75.75
MagnoliaBridge,75.94,65.37
MagnoliaBridge,75.9,65.36
MagnoliaBridge,75.87,65.31
MagnoliaBridge,75.84,65.31
MagnoliaBridge,75.84,65.34
MagnoliaBridge,75.82,65.37
MagnoliaBridge,75.79,65.42
MagnoliaBridge,75.79,65.45
MagnoliaBridge,75.74,65.45
HarborAveUpperNorthBridge,78.77,67.93
HarborAveUpperNorthBridge,78.73,67.92
HarborAveUpperNorthBridge,78.7,67.9
HarborAveUpperNorthBridge,78.66,67.86
HarborAveUpperNorthBridge,78.62,67.86
HarborAveUpperNorthBridge,78.6,67.85
HarborAveUpperNorthBridge,78.55,67.86
HarborAveUpperNorthBridge,78.51,67.9
HarborAveUpperNorthBridge,78.49,67.91
HarborAveUpperNorthBridge,78.44,67.92
HarborAveUpperNorthBridge,78.41,67.95
HarborAveUpperNorthBridge,78.38,67.96
HarborAveUpperNorthBridge,78.33,67.96
HarborAveUpperNorthBridge,78.3,67.96
HarborAveUpperNorthBridge,78.27,67.96
SpokaneSwingBridge,93.4,76.29
SpokaneSwingBridge,93.5,76.2
SpokaneSwingBridge,93.6,76.31
SpokaneSwingBridge,93.6,76.22
SpokaneSwingBridge,93.7,76.25
SpokaneSwingBridge,93.8,76.49
SpokaneSwingBridge,93.9,76.43
SpokaneSwingBridge,93.9,76.33
SpokaneSwingBridge,94,76.51
SpokaneSwingBridge,94.1,76.5
SpokaneSwingBridge,94.2,76.65
SpokaneSwingBridge,94.2,76.76
SpokaneSwingBridge,94.3,76.88
SpokaneSwingBridge,94.4,76.88
SpokaneSwingBridge,94.5,76.86
HarborAveUpperNorthBridge,85.1,73.84
HarborAveUpperNorthBridge,85,73.77
HarborAveUpperNorthBridge,85,73.73
HarborAveUpperNorthBridge,85,73.69
HarborAveUpperNorthBridge,84.9,73.68
RooseveltWay_NE80thSt,80.7,80.7
RooseveltWay_NE80thSt,80.7,80.7
RooseveltWay_NE80thSt,80.6,80.6
RooseveltWay_NE80thSt,80.6,80.6
RooseveltWay_NE80thSt,80.6,80.6
RooseveltWay_NE80thSt,80.6,80.6
RooseveltWay_NE80thSt,80.5,80.5
RooseveltWay_NE80thSt,80.5,80.5
RooseveltWay_NE80thSt,80.5,80.5
RooseveltWay_NE80thSt,80.5,80.5
RooseveltWay_NE80thSt,80.4,80.4
RooseveltWay_NE80thSt,80.4,80.4
RooseveltWay_NE80thSt,80.4,80.4
RooseveltWay_NE80thSt,80.4,80.4
RooseveltWay_NE80thSt,80.4,80.4
MagnoliaBridge,82.1,72.88
MagnoliaBridge,82.1,72.79
MagnoliaBridge,82.1,72.76
AlbroPlaceAirportWay,91.9,87.3
AlbroPlaceAirportWay,91.9,87.3
AlbroPlaceAirportWay,91.9,87.3
AlbroPlaceAirportWay,91.9,87.3
AlbroPlaceAirportWay,92,87.3
AlbroPlaceAirportWay,92,87.2
AlbroPlaceAirportWay,92,87.2
AlbroPlaceAirportWay,92,87.2
AlbroPlaceAirportWay,92,87.2
AlbroPlaceAirportWay,92,87.2
AlbroPlaceAirportWay,92.1,87.1
AlbroPlaceAirportWay,92.1,87.1
AlbroPlaceAirportWay,92.1,87
AlbroPlaceAirportWay,92.1,86.8
AlbroPlaceAirportWay,92.1,86.7
AlbroPlaceAirportWay,92.1,87.1
AlbroPlaceAirportWay,92.1,87.1
AlbroPlaceAirportWay,92.1,87
AlbroPlaceAirportWay,92.1,86.8
AlbroPlaceAirportWay,92.1,86.7
AlbroPlaceAirportWay,92.2,86.7
AlbroPlaceAirportWay,92.2,86.7
AlbroPlaceAirportWay,92.2,86.8
AlbroPlaceAirportWay,92.2,86.9
AlbroPlaceAirportWay,92.2,86.7
AlbroPlaceAirportWay,92.2,86.7
AlbroPlaceAirportWay,92.3,86.7
AlbroPlaceAirportWay,92.3,86.7
AlbroPlaceAirportWay,92.3,86.7
AlbroPlaceAirportWay,92.3,86.7
HarborAveUpperNorthBridge,99.7,83.8
HarborAveUpperNorthBridge,99.6,83.8
HarborAveUpperNorthBridge,99.5,83.8
HarborAveUpperNorthBridge,99.4,83.8
HarborAveUpperNorthBridge,99.4,83.8
HarborAveUpperNorthBridge,99.3,83.8
HarborAveUpperNorthBridge,99.2,83.7
HarborAveUpperNorthBridge,99.1,83.7
HarborAveUpperNorthBridge,99,83.7
HarborAveUpperNorthBridge,99,83.6
HarborAveUpperNorthBridge,98.9,83.6
HarborAveUpperNorthBridge,98.9,83.5
HarborAveUpperNorthBridge,98.8,83.5
HarborAveUpperNorthBridge,98.8,83.4
HarborAveUpperNorthBridge,98.8,83.5
RooseveltWay_NE80thSt,87.8,87.8
RooseveltWay_NE80thSt,87.8,87.8
RooseveltWay_NE80thSt,87.7,87.7
RooseveltWay_NE80thSt,87.7,87.7
RooseveltWay_NE80thSt,87.7,87.7
RooseveltWay_NE80thSt,87.6,87.6
RooseveltWay_NE80thSt,87.6,87.6
RooseveltWay_NE80thSt,87.6,87.6
RooseveltWay_NE80thSt,87.6,87.6
RooseveltWay_NE80thSt,87.5,87.5
RooseveltWay_NE80thSt,87.5,87.5
RooseveltWay_NE80thSt,87.5,87.5
RooseveltWay_NE80thSt,87.4,87.4
RooseveltWay_NE80thSt,87.4,87.4
RooseveltWay_NE80thSt,87.4,87.4
MagnoliaBridge,98.1,85.1
MagnoliaBridge,98.1,85.1
MagnoliaBridge,98,85.2
MagnoliaBridge,97.9,85.2
MagnoliaBridge,97.8,85.2
MagnoliaBridge,97.8,85.3
MagnoliaBridge,97.7,85.4
MagnoliaBridge,97.6,85.4
MagnoliaBridge,97.6,85.4
MagnoliaBridge,97.5,85.4
MagnoliaBridge,97.5,85.4
MagnoliaBridge,97.4,85.1
MagnoliaBridge,97.3,84.9
MagnoliaBridge,97.2,84.8
MagnoliaBridge,97.1,84.7
SpokaneSwingBridge,99.7,83.8
SpokaneSwingBridge,99.6,83.8
SpokaneSwingBridge,99.5,83.8
SpokaneSwingBridge,99.4,83.8
SpokaneSwingBridge,99.4,83.8
SpokaneSwingBridge,99.3,83.8
SpokaneSwingBridge,99.2,83.7
SpokaneSwingBridge,99.1,83.7
SpokaneSwingBridge,99,83.7
SpokaneSwingBridge,101.4,84.2
SpokaneSwingBridge,101.3,84.2
SpokaneSwingBridge,101.2,84.2
SpokaneSwingBridge,101.1,84.2
SpokaneSwingBridge,99.7,82
SpokaneSwingBridge,99.7,82
SpokaneSwingBridge,99.6,82
SpokaneSwingBridge,99.6,82
SpokaneSwingBridge,99.5,82
SpokaneSwingBridge,99.5,82
SpokaneSwingBridge,99.4,82.1
SpokaneSwingBridge,99.3,82.1
SpokaneSwingBridge,99.2,82.1
SpokaneSwingBridge,99.1,82.1
SpokaneSwingBridge,99,82.1
SpokaneSwingBridge,98.9,82.1
SpokaneSwingBridge,98.8,82.1
SpokaneSwingBridge,98.7,82.1
SpokaneSwingBridge,98.6,82
RooseveltWay_NE80thSt,87.3,87.3
RooseveltWay_NE80thSt,87.2,87.2
RooseveltWay_NE80thSt,87.2,87.2
RooseveltWay_NE80thSt,87.2,87.2
RooseveltWay_NE80thSt,87.2,87.2
RooseveltWay_NE80thSt,87.2,87.2
HarborAveUpperNorthBridge,100.7,84.2
HarborAveUpperNorthBridge,100.6,84.2
HarborAveUpperNorthBridge,100.5,84.1
HarborAveUpperNorthBridge,100.4,84
HarborAveUpperNorthBridge,100.3,84
HarborAveUpperNorthBridge,100.2,83.9
HarborAveUpperNorthBridge,100.1,83.9
HarborAveUpperNorthBridge,100,83.8
HarborAveUpperNorthBridge,99.9,83.9
HarborAveUpperNorthBridge,99.8,83.8
HarborAveUpperNorthBridge,99.7,83.8
HarborAveUpperNorthBridge,99.6,83.8
HarborAveUpperNorthBridge,99.5,83.8
HarborAveUpperNorthBridge,99.4,83.8
HarborAveUpperNorthBridge,99.4,83.8
RooseveltWay_NE80thSt,88.1,88.1
RooseveltWay_NE80thSt,88.1,88.1
RooseveltWay_NE80thSt,88.1,88.1
RooseveltWay_NE80thSt,88,88
RooseveltWay_NE80thSt,88,88
RooseveltWay_NE80thSt,87.9,87.9
RooseveltWay_NE80thSt,87.9,87.9
RooseveltWay_NE80thSt,87.9,87.9
RooseveltWay_NE80thSt,87.9,87.9
RooseveltWay_NE80thSt,87.8,87.8
RooseveltWay_NE80thSt,87.8,87.8
RooseveltWay_NE80thSt,87.8,87.8
RooseveltWay_NE80thSt,87.7,87.7
RooseveltWay_NE80thSt,87.7,87.7
RooseveltWay_NE80thSt,87.7,87.7
SpokaneSwingBridge,100.7,84.2
SpokaneSwingBridge,100.6,84.2
SpokaneSwingBridge,100.5,84.1
SpokaneSwingBridge,100.4,84
SpokaneSwingBridge,100.3,84
SpokaneSwingBridge,100.2,83.9
SpokaneSwingBridge,100.1,83.9
SpokaneSwingBridge,100,83.8
SpokaneSwingBridge,99.9,83.9
SpokaneSwingBridge,99.8,83.8
SpokaneSwingBridge,76.72,66.31
SpokaneSwingBridge,70.89,64.78
HarborAveUpperNorthBridge,93.5,76.2
HarborAveUpperNorthBridge,100.8,82.3
SpokaneSwingBridge,76.78,66.35
SpokaneSwingBridge,76.73,66.31
SpokaneSwingBridge,76.72,66.31
SpokaneSwingBridge,76.67,66.32
SpokaneSwingBridge,76.65,66.36
SpokaneSwingBridge,76.62,66.41
SpokaneSwingBridge,76.58,66.47
SpokaneSwingBridge,76.56,66.54
SpokaneSwingBridge,76.51,66.6
SpokaneSwingBridge,76.5,66.64
SpokaneSwingBridge,76.46,66.61
SpokaneSwingBridge,76.44,66.59
SpokaneSwingBridge,76.4,66.54
SpokaneSwingBridge,76.39,66.48
SpokaneSwingBridge,76.35,66.39
SpokaneSwingBridge,70.88,64.79
SpokaneSwingBridge,70.87,64.78
SpokaneSwingBridge,70.86,64.81
SpokaneSwingBridge,70.84,64.84
SpokaneSwingBridge,70.83,64.88
SpokaneSwingBridge,70.83,64.91
SpokaneSwingBridge,70.83,64.92
SpokaneSwingBridge,70.83,64.92
SpokaneSwingBridge,70.82,64.92
SpokaneSwingBridge,70.81,64.92
SpokaneSwingBridge,70.8,64.92
SpokaneSwingBridge,70.79,64.92
SpokaneSwingBridge,70.79,64.88
MagnoliaBridge,82,72.73
SpokaneSwingBridge,76.67,66.32
SpokaneSwingBridge,76.65,66.36
SpokaneSwingBridge,76.62,66.41
SpokaneSwingBridge,76.58,66.47
HarborAveUpperNorthBridge,77.05,66.92
HarborAveUpperNorthBridge,77,66.79
HarborAveUpperNorthBridge,76.97,66.69
HarborAveUpperNorthBridge,76.94,66.57
HarborAveUpperNorthBridge,76.91,66.51
HarborAveUpperNorthBridge,76.88,66.49
HarborAveUpperNorthBridge,76.84,66.45
HarborAveUpperNorthBridge,76.82,66.39
HarborAveUpperNorthBridge,76.78,66.35
HarborAveUpperNorthBridge,76.73,66.31
HarborAveUpperNorthBridge,76.72,66.31
HarborAveUpperNorthBridge,76.67,66.32
HarborAveUpperNorthBridge,76.65,66.36
HarborAveUpperNorthBridge,76.62,66.41
HarborAveUpperNorthBridge,76.58,66.47
AlbroPlaceAirportWay,82.9,65.47
AlbroPlaceAirportWay,82.6,65.73
AlbroPlaceAirportWay,82.5,65.78
AlbroPlaceAirportWay,82.5,65.76
AlbroPlaceAirportWay,82.5,65.76
AlbroPlaceAirportWay,82.5,65.78
AlbroPlaceAirportWay,82.5,65.95
AlbroPlaceAirportWay,82.4,66.2
AlbroPlaceAirportWay,82.4,66.46
AlbroPlaceAirportWay,82.4,66.69
AlbroPlaceAirportWay,82.4,66.91
AlbroPlaceAirportWay,82.4,67.09
AlbroPlaceAirportWay,82.4,66.96
AlbroPlaceAirportWay,82.4,67.02
AlbroPlaceAirportWay,82.3,66.96
AlbroPlaceAirportWay,82.3,66.71
SpokaneSwingBridge,99.7,83.8
SpokaneSwingBridge,99.6,83.8
SpokaneSwingBridge,99.5,83.8
SpokaneSwingBridge,99.4,83.8
SpokaneSwingBridge,99.4,83.8
MagnoliaBridge,99.1,86
MagnoliaBridge,99,85.9
MagnoliaBridge,98.9,85.8
MagnoliaBridge,98.8,85.8
MagnoliaBridge,98.7,85.6
MagnoliaBridge,98.7,85.5
MagnoliaBridge,98.6,85.5
MagnoliaBridge,98.5,85.5
MagnoliaBridge,98.4,85.4
MagnoliaBridge,98.2,85.2
MagnoliaBridge,98.1,85.1
MagnoliaBridge,98.1,85.1
MagnoliaBridge,98,85.2
MagnoliaBridge,97.9,85.2
MagnoliaBridge,97.8,85.2
AlbroPlaceAirportWay,92.2,86.7
AlbroPlaceAirportWay,92.3,86.7
AlbroPlaceAirportWay,92.3,86.7
AlbroPlaceAirportWay,92.3,86.7
AlbroPlaceAirportWay,92.3,86.7
AlbroPlaceAirportWay,92.3,86.7
AlbroPlaceAirportWay,92.3,86.8
AlbroPlaceAirportWay,92.4,86.7
AlbroPlaceAirportWay,92.4,86.7
AlbroPlaceAirportWay,92.4,86.8
AlbroPlaceAirportWay,92.4,86.8
AlbroPlaceAirportWay,92.4,86.7
AlbroPlaceAirportWay,92.4,86.6
AlbroPlaceAirportWay,92.5,86.5
AlbroPlaceAirportWay,92.5,86.5
RooseveltWay_NE80thSt,87.5,87.5
RooseveltWay_NE80thSt,87.5,87.5
RooseveltWay_NE80thSt,87.4,87.4
RooseveltWay_NE80thSt,87.4,87.4
RooseveltWay_NE80thSt,87.4,87.4
RooseveltWay_NE80thSt,87.4,87.4
RooseveltWay_NE80thSt,87.4,87.4
RooseveltWay_NE80thSt,87.4,87.4
RooseveltWay_NE80thSt,87.3,87.3
RooseveltWay_NE80thSt,87.3,87.3
RooseveltWay_NE80thSt,87.3,87.3
RooseveltWay_NE80thSt,87.3,87.3
RooseveltWay_NE80thSt,87.2,87.2
RooseveltWay_NE80thSt,87.2,87.2
RooseveltWay_NE80thSt,87.2,87.2
MagnoliaBridge,97.5,85.4
MagnoliaBridge,97.4,85.1
MagnoliaBridge,97.3,84.9
MagnoliaBridge,97.2,84.8
MagnoliaBridge,97.1,84.7
MagnoliaBridge,97,84.7
MagnoliaBridge,96.9,84.6
MagnoliaBridge,96.8,84.4
MagnoliaBridge,96.7,84.3
MagnoliaBridge,96.6,84.2
MagnoliaBridge,96.6,84
MagnoliaBridge,96.5,83.9
MagnoliaBridge,96.4,83.9
MagnoliaBridge,96.3,83.8
MagnoliaBridge,96.2,83.7
HarborAveUpperNorthBridge,98.8,83.5
HarborAveUpperNorthBridge,98.8,83.4
HarborAveUpperNorthBridge,98.8,83.5
HarborAveUpperNorthBridge,98.7,83.5
HarborAveUpperNorthBridge,98.7,83.5
HarborAveUpperNorthBridge,98.6,83.5
HarborAveUpperNorthBridge,98.5,83.5
HarborAveUpperNorthBridge,98.5,83.4
HarborAveUpperNorthBridge,98.4,83.4
HarborAveUpperNorthBridge,98.3,83.3
HarborAveUpperNorthBridge,98.2,83.2
HarborAveUpperNorthBridge,98.1,83.2
HarborAveUpperNorthBridge,98,83.1
HarborAveUpperNorthBridge,98,83.1
HarborAveUpperNorthBridge,97.9,83.1
SpokaneSwingBridge,98.8,83.5
SpokaneSwingBridge,98.8,83.4
SpokaneSwingBridge,98.8,83.5
SpokaneSwingBridge,98.7,83.5
SpokaneSwingBridge,98.7,83.5
SpokaneSwingBridge,98.6,83.5
SpokaneSwingBridge,98.5,83.5
SpokaneSwingBridge,98.5,83.4
SpokaneSwingBridge,98.4,83.4
SpokaneSwingBridge,98.3,83.3
SpokaneSwingBridge,98.2,83.2
SpokaneSwingBridge,98.1,83.2
SpokaneSwingBridge,98,83.1
SpokaneSwingBridge,98,83.1
SpokaneSwingBridge,97.9,83.1
MagnoliaBridge,75.73,65.45
SpokaneSwingBridge,99,83.6
SpokaneSwingBridge,98.9,83.6
SpokaneSwingBridge,98.9,83.5
SpokaneSwingBridge,98.8,83.5
SpokaneSwingBridge,98.8,83.4
SpokaneSwingBridge,98.8,83.5
AlbroPlaceAirportWay,82.9,65.38
AlbroPlaceAirportWay,82.9,65.41
AlbroPlaceAirportWay,82.9,65.47
AlbroPlaceAirportWay,82.8,65.66
AlbroPlaceAirportWay,82.8,65.85
AlbroPlaceAirportWay,82.8,66.01
HarborAveUpperNorthBridge,70.78,65.11
HarborAveUpperNorthBridge,70.78,65.23
HarborAveUpperNorthBridge,70.79,65.41
HarborAveUpperNorthBridge,70.8,65.55
HarborAveUpperNorthBridge,70.82,65.69
HarborAveUpperNorthBridge,70.82,65.78
HarborAveUpperNorthBridge,70.82,65.82
HarborAveUpperNorthBridge,70.83,65.87
HarborAveUpperNorthBridge,70.83,65.91
HarborAveUpperNorthBridge,70.83,65.9
HarborAveUpperNorthBridge,70.83,65.8
HarborAveUpperNorthBridge,70.83,65.68
HarborAveUpperNorthBridge,70.83,65.6
HarborAveUpperNorthBridge,70.83,65.54
HarborAveUpperNorthBridge,70.83,65.49
RooseveltWay_NE80thSt,87.3,87.3
RooseveltWay_NE80thSt,87.3,87.3
RooseveltWay_NE80thSt,87.2,87.2
RooseveltWay_NE80thSt,87.2,87.2
RooseveltWay_NE80thSt,87.2,87.2
RooseveltWay_NE80thSt,87.2,87.2
RooseveltWay_NE80thSt,87.1,87.1
RooseveltWay_NE80thSt,87.1,87.1
RooseveltWay_NE80thSt,87.1,87.1
RooseveltWay_NE80thSt,87,87
RooseveltWay_NE80thSt,87,87
RooseveltWay_NE80thSt,87,87
RooseveltWay_NE80thSt,86.9,86.9
RooseveltWay_NE80thSt,86.9,86.9
RooseveltWay_NE80thSt,86.9,86.9
MagnoliaBridge,96.6,84
MagnoliaBridge,96.5,83.9
MagnoliaBridge,96.4,83.9
MagnoliaBridge,96.3,83.8
MagnoliaBridge,96.2,83.7
MagnoliaBridge,96.1,83.6
MagnoliaBridge,96.1,83.5
MagnoliaBridge,96,83.5
MagnoliaBridge,95.9,83.4
MagnoliaBridge,95.8,83.3
MagnoliaBridge,95.7,83.2
MagnoliaBridge,95.6,83.2
MagnoliaBridge,95.5,83.2
MagnoliaBridge,95.4,83.2
MagnoliaBridge,95.3,83.1
HarborAveUpperNorthBridge,98.2,83.2
HarborAveUpperNorthBridge,98.1,83.2
HarborAveUpperNorthBridge,98,83.1
HarborAveUpperNorthBridge,98,83.1
HarborAveUpperNorthBridge,97.9,83.1
HarborAveUpperNorthBridge,97.8,83
HarborAveUpperNorthBridge,97.7,82.9
HarborAveUpperNorthBridge,97.6,82.9
HarborAveUpperNorthBridge,97.6,82.8
HarborAveUpperNorthBridge,97.5,82.7
RooseveltWay_NE80thSt,72.47,72.47
HarborAveUpperNorthBridge,93.6,76.31
HarborAveUpperNorthBridge,93.6,76.22
HarborAveUpperNorthBridge,93.7,76.25
MagnoliaBridge,98.9,84.1
MagnoliaBridge,98.8,84.1
MagnoliaBridge,98.8,84.1
MagnoliaBridge,98.7,84.3
MagnoliaBridge,98.7,84.5
MagnoliaBridge,98.7,84.7
MagnoliaBridge,98.6,84.8
MagnoliaBridge,98.5,84.8
MagnoliaBridge,98.5,84.8
MagnoliaBridge,98.4,84.7
MagnoliaBridge,98.4,84.6
MagnoliaBridge,98.4,84.6
MagnoliaBridge,98.3,84.7
MagnoliaBridge,98.3,84.6
MagnoliaBridge,98.2,84.7
HarborAveUpperNorthBridge,100.1,82.1
HarborAveUpperNorthBridge,100.1,82.1
HarborAveUpperNorthBridge,100,82
HarborAveUpperNorthBridge,100,82
HarborAveUpperNorthBridge,99.9,82
HarborAveUpperNorthBridge,99.9,82
HarborAveUpperNorthBridge,99.9,82
HarborAveUpperNorthBridge,99.8,82
HarborAveUpperNorthBridge,99.8,81.9
HarborAveUpperNorthBridge,99.8,82
HarborAveUpperNorthBridge,99.7,82
HarborAveUpperNorthBridge,99.7,82
HarborAveUpperNorthBridge,99.6,82
HarborAveUpperNorthBridge,99.6,82
HarborAveUpperNorthBridge,99.5,82
RooseveltWay_NE80thSt,72.49,72.49
RooseveltWay_NE80thSt,72.51,72.51
RooseveltWay_NE80thSt,72.52,72.52
MagnoliaBridge,71.17,62.52
MagnoliaBridge,71.17,62.53
MagnoliaBridge,71.17,62.53
MagnoliaBridge,71.17,62.53
MagnoliaBridge,71.17,62.56
MagnoliaBridge,71.17,62.6
MagnoliaBridge,71.17,62.62
MagnoliaBridge,71.16,62.62
MagnoliaBridge,71.13,62.62
MagnoliaBridge,71.12,62.59
MagnoliaBridge,71.12,62.56
MagnoliaBridge,71.12,62.53
MagnoliaBridge,71.12,62.47
MagnoliaBridge,71.12,62.44
MagnoliaBridge,71.12,62.44
SpokaneSwingBridge,70.83,65.6
SpokaneSwingBridge,70.83,65.54
SpokaneSwingBridge,70.83,65.49
SpokaneSwingBridge,70.83,65.43
SpokaneSwingBridge,70.82,65.4
SpokaneSwingBridge,70.82,65.4
SpokaneSwingBridge,70.82,65.34
SpokaneSwingBridge,70.82,65.34
SpokaneSwingBridge,70.82,65.32
SpokaneSwingBridge,70.82,65.35
SpokaneSwingBridge,70.82,65.32
SpokaneSwingBridge,70.83,65.3
SpokaneSwingBridge,70.83,65.3
SpokaneSwingBridge,70.83,65.29
SpokaneSwingBridge,70.83,65.3
HarborAveUpperNorthBridge,70.83,65.6
HarborAveUpperNorthBridge,70.83,65.54
HarborAveUpperNorthBridge,70.83,65.49
HarborAveUpperNorthBridge,70.83,65.43
HarborAveUpperNorthBridge,70.82,65.4
HarborAveUpperNorthBridge,70.82,65.4
HarborAveUpperNorthBridge,70.82,65.34
HarborAveUpperNorthBridge,70.82,65.34
HarborAveUpperNorthBridge,70.82,65.32
HarborAveUpperNorthBridge,70.82,65.35
HarborAveUpperNorthBridge,70.82,65.32
HarborAveUpperNorthBridge,70.83,65.3
HarborAveUpperNorthBridge,70.83,65.3
SpokaneSwingBridge,71.8,66.52
SpokaneSwingBridge,71.86,66.49
SpokaneSwingBridge,71.92,66.61
SpokaneSwingBridge,71.98,66.76
SpokaneSwingBridge,72.04,66.7
SpokaneSwingBridge,72.1,66.68
SpokaneSwingBridge,72.17,66.76
SpokaneSwingBridge,72.23,66.91
SpokaneSwingBridge,72.29,66.95
SpokaneSwingBridge,72.36,67.01
SpokaneSwingBridge,72.43,67.11
SpokaneSwingBridge,72.49,67.07
SpokaneSwingBridge,72.56,67
SpokaneSwingBridge,72.62,67.1
SpokaneSwingBridge,72.69,67.2
HarborAveUpperNorthBridge,76.46,66.61
HarborAveUpperNorthBridge,76.44,66.59
HarborAveUpperNorthBridge,76.4,66.54
HarborAveUpperNorthBridge,76.39,66.48
HarborAveUpperNorthBridge,76.35,66.39
HarborAveUpperNorthBridge,76.31,66.31
HarborAveUpperNorthBridge,76.29,66.27
HarborAveUpperNorthBridge,76.25,66.27
HarborAveUpperNorthBridge,76.23,66.27
HarborAveUpperNorthBridge,76.19,66.3
HarborAveUpperNorthBridge,76.16,66.33
HarborAveUpperNorthBridge,76.13,66.36
HarborAveUpperNorthBridge,76.1,66.38
HarborAveUpperNorthBridge,76.07,66.36
HarborAveUpperNorthBridge,76.05,66.33
AlbroPlaceAirportWay,87.6,68.25
AlbroPlaceAirportWay,87.6,68.21
AlbroPlaceAirportWay,87.5,68.15
AlbroPlaceAirportWay,87.5,68.09
AlbroPlaceAirportWay,87.5,68.05
AlbroPlaceAirportWay,87.5,68.02
AlbroPlaceAirportWay,87.4,68.02
AlbroPlaceAirportWay,87.4,67.98
AlbroPlaceAirportWay,87.4,68.01
AlbroPlaceAirportWay,87.4,68.02
AlbroPlaceAirportWay,87.4,68.02
AlbroPlaceAirportWay,87.4,68.02
AlbroPlaceAirportWay,87.4,68.03
AlbroPlaceAirportWay,87.3,68.04
AlbroPlaceAirportWay,87.3,68.02
SpokaneSwingBridge,76.46,66.61
SpokaneSwingBridge,76.44,66.59
SpokaneSwingBridge,76.4,66.54
SpokaneSwingBridge,76.39,66.48
SpokaneSwingBridge,76.35,66.39
SpokaneSwingBridge,76.31,66.31
SpokaneSwingBridge,76.29,66.27
SpokaneSwingBridge,76.25,66.27
SpokaneSwingBridge,76.23,66.27
SpokaneSwingBridge,100.6,82
SpokaneSwingBridge,100.6,82.1
SpokaneSwingBridge,100.5,82.2
SpokaneSwingBridge,100.5,82.2
SpokaneSwingBridge,100.4,82.1
SpokaneSwingBridge,100.4,82
SpokaneSwingBridge,100.3,82
SpokaneSwingBridge,100.3,81.9
SpokaneSwingBridge,100.2,81.9
SpokaneSwingBridge,100.2,82
SpokaneSwingBridge,100.1,82.1
SpokaneSwingBridge,100.1,82.1
SpokaneSwingBridge,100,82
SpokaneSwingBridge,100,82
SpokaneSwingBridge,99.9,82
RooseveltWay_NE80thSt,87.8,87.8
RooseveltWay_NE80thSt,87.8,87.8
RooseveltWay_NE80thSt,87.8,87.8
RooseveltWay_NE80thSt,87.7,87.7
RooseveltWay_NE80thSt,87.7,87.7
RooseveltWay_NE80thSt,87.7,87.7
RooseveltWay_NE80thSt,87.6,87.6
RooseveltWay_NE80thSt,87.6,87.6
RooseveltWay_NE80thSt,87.6,87.6
RooseveltWay_NE80thSt,87.6,87.6
RooseveltWay_NE80thSt,87.5,87.5
RooseveltWay_NE80thSt,87.5,87.5
RooseveltWay_NE80thSt,87.5,87.5
RooseveltWay_NE80thSt,87.4,87.4
RooseveltWay_NE80thSt,87.4,87.4
MagnoliaBridge,98.5,84.8
MagnoliaBridge,98.4,84.7
MagnoliaBridge,98.4,84.6
MagnoliaBridge,98.4,84.6
MagnoliaBridge,98.3,84.7
MagnoliaBridge,98.3,84.6
MagnoliaBridge,98.2,84.7
MagnoliaBridge,98.2,84.7
MagnoliaBridge,98.1,84.7
MagnoliaBridge,98,84.6
HarborAveUpperNorthBridge,97.4,82.7
HarborAveUpperNorthBridge,97.3,82.7
HarborAveUpperNorthBridge,97.3,82.7
HarborAveUpperNorthBridge,97.2,82.7
HarborAveUpperNorthBridge,97.1,82.7
AlbroPlaceAirportWay,92.9,84.8
AlbroPlaceAirportWay,92.9,84.6
AlbroPlaceAirportWay,92.9,84.5
AlbroPlaceAirportWay,92.9,84.4
AlbroPlaceAirportWay,92.9,84.4
AlbroPlaceAirportWay,92.9,84.4
AlbroPlaceAirportWay,92.9,84.3
AlbroPlaceAirportWay,92.9,84.3
AlbroPlaceAirportWay,92.9,84.2
AlbroPlaceAirportWay,92.9,84.1
AlbroPlaceAirportWay,92.9,84
AlbroPlaceAirportWay,92.9,84
AlbroPlaceAirportWay,92.9,83.9
AlbroPlaceAirportWay,92.9,83.8
AlbroPlaceAirportWay,92.9,83.8
HarborAveUpperNorthBridge,93.6,80.8
RooseveltWay_NE80thSt,85.2,85.2
HarborAveUpperNorthBridge,93.5,80.8
RooseveltWay_NE80thSt,85.2,85.2
HarborAveUpperNorthBridge,93.5,80.7
RooseveltWay_NE80thSt,85.1,85.1
HarborAveUpperNorthBridge,93.4,80.7
HarborAveUpperNorthBridge,93.3,80.7
RooseveltWay_NE80thSt,85.1,85.1
RooseveltWay_NE80thSt,85.1,85.1
HarborAveUpperNorthBridge,93.3,80.7
RooseveltWay_NE80thSt,85,85
RooseveltWay_NE80thSt,85,85
HarborAveUpperNorthBridge,93.2,80.8
RooseveltWay_NE80thSt,85,85
HarborAveUpperNorthBridge,93.2,80.8
RooseveltWay_NE80thSt,84.9,84.9
HarborAveUpperNorthBridge,93.1,80.7
HarborAveUpperNorthBridge,93.1,80.7
RooseveltWay_NE80thSt,84.9,84.9
HarborAveUpperNorthBridge,93,80.7
HarborAveUpperNorthBridge,93,80.7
RooseveltWay_NE80thSt,84.9,84.9
HarborAveUpperNorthBridge,92.9,80.7
HarborAveUpperNorthBridge,92.8,80.7
RooseveltWay_NE80thSt,84.9,84.9
HarborAveUpperNorthBridge,92.8,80.7
RooseveltWay_NE80thSt,84.8,84.8
RooseveltWay_NE80thSt,84.8,84.8
RooseveltWay_NE80thSt,84.8,84.8
MagnoliaBridge,90.8,81.8
MagnoliaBridge,90.7,81.7
MagnoliaBridge,90.6,81.7
MagnoliaBridge,90.5,81.7
MagnoliaBridge,90.5,81.7
MagnoliaBridge,90.4,81.6
MagnoliaBridge,90.4,81.6
MagnoliaBridge,90.3,81.5
MagnoliaBridge,90.2,81.5
MagnoliaBridge,90.2,81.5
MagnoliaBridge,90.1,81.4
MagnoliaBridge,90.1,81.3
MagnoliaBridge,90,81.3
MagnoliaBridge,89.9,81.3
MagnoliaBridge,89.9,81.2
SpokaneSwingBridge,93.5,80.7
SpokaneSwingBridge,93.4,80.7
SpokaneSwingBridge,93.3,80.7
SpokaneSwingBridge,93.3,80.7
SpokaneSwingBridge,93.2,80.8
SpokaneSwingBridge,93.2,80.8
SpokaneSwingBridge,93.1,80.7
SpokaneSwingBridge,93.1,80.7
SpokaneSwingBridge,93,80.7
SpokaneSwingBridge,93,80.7
SpokaneSwingBridge,92.9,80.7
SpokaneSwingBridge,92.8,80.7
SpokaneSwingBridge,92.8,80.7
SpokaneSwingBridge,92.7,80.7
SpokaneSwingBridge,92.7,80.7
SpokaneSwingBridge,71.08,65.65
SpokaneSwingBridge,71.11,65.59
SpokaneSwingBridge,71.13,65.62
SpokaneSwingBridge,71.17,65.68
SpokaneSwingBridge,71.18,65.72
SpokaneSwingBridge,71.22,65.78
SpokaneSwingBridge,71.24,65.73
SpokaneSwingBridge,71.26,65.81
SpokaneSwingBridge,71.3,65.87
SpokaneSwingBridge,71.32,65.84
SpokaneSwingBridge,71.36,65.77
SpokaneSwingBridge,71.38,65.8
SpokaneSwingBridge,71.42,65.88
SpokaneSwingBridge,71.46,66.02
SpokaneSwingBridge,71.5,66.07
RooseveltWay_NE80thSt,73.03,73.03
RooseveltWay_NE80thSt,73.07,73.07
RooseveltWay_NE80thSt,73.1,73.1
RooseveltWay_NE80thSt,73.13,73.13
RooseveltWay_NE80thSt,73.15,73.15
RooseveltWay_NE80thSt,73.18,73.18
RooseveltWay_NE80thSt,73.22,73.22
RooseveltWay_NE80thSt,73.25,73.25
RooseveltWay_NE80thSt,73.29,73.29
RooseveltWay_NE80thSt,73.33,73.33
RooseveltWay_NE80thSt,73.36,73.36
RooseveltWay_NE80thSt,73.42,73.42
RooseveltWay_NE80thSt,73.45,73.45
RooseveltWay_NE80thSt,73.52,73.52
RooseveltWay_NE80thSt,73.57,73.57
MagnoliaBridge,71.6,63.96
MagnoliaBridge,71.63,64.06
MagnoliaBridge,71.68,64.15
MagnoliaBridge,71.73,64.24
HarborAveUpperNorthBridge,100.8,82.2
HarborAveUpperNorthBridge,100.8,82
HarborAveUpperNorthBridge,100.7,81.9
HarborAveUpperNorthBridge,100.7,81.9
HarborAveUpperNorthBridge,100.7,82
HarborAveUpperNorthBridge,100.6,82
HarborAveUpperNorthBridge,100.6,82.1
HarborAveUpperNorthBridge,100.5,82.2
HarborAveUpperNorthBridge,100.5,82.2
HarborAveUpperNorthBridge,100.4,82.1
JoseRizalBridgeNorth,-366.2,96.1
MagnoliaBridge,82,72.67
MagnoliaBridge,81.9,72.59
MagnoliaBridge,81.9,72.53
MagnoliaBridge,81.9,72.48
MagnoliaBridge,81.8,72.43
MagnoliaBridge,81.8,72.42
MagnoliaBridge,81.7,72.42
MagnoliaBridge,81.7,72.43
MagnoliaBridge,81.7,72.44
MagnoliaBridge,81.6,72.45
MagnoliaBridge,81.6,72.41
SpokaneSwingBridge,85.5,74.05
SpokaneSwingBridge,85.4,74.05
SpokaneSwingBridge,85.4,74.05
SpokaneSwingBridge,85.3,74.04
SpokaneSwingBridge,85.3,74.02
SpokaneSwingBridge,85.2,73.99
SpokaneSwingBridge,85.2,73.95
SpokaneSwingBridge,85.1,73.92
SpokaneSwingBridge,85.1,73.84
SpokaneSwingBridge,85,73.77
SpokaneSwingBridge,85,73.73
SpokaneSwingBridge,85,73.69
SpokaneSwingBridge,84.9,73.68
SpokaneSwingBridge,84.9,73.64
SpokaneSwingBridge,84.8,73.63
MagnoliaBridge,75.72,65.44
MagnoliaBridge,75.68,65.42
MagnoliaBridge,75.68,65.44
MagnoliaBridge,75.63,65.42
MagnoliaBridge,75.63,65.41
HarborAveUpperNorthBridge,76.72,66.31
HarborAveUpperNorthBridge,76.67,66.32
HarborAveUpperNorthBridge,76.65,66.36
HarborAveUpperNorthBridge,76.62,66.41
HarborAveUpperNorthBridge,76.58,66.47
HarborAveUpperNorthBridge,76.56,66.54
HarborAveUpperNorthBridge,76.51,66.6
HarborAveUpperNorthBridge,76.5,66.64
HarborAveUpperNorthBridge,76.46,66.61
HarborAveUpperNorthBridge,76.44,66.59
HarborAveUpperNorthBridge,76.4,66.54
HarborAveUpperNorthBridge,76.39,66.48
HarborAveUpperNorthBridge,76.35,66.39
HarborAveUpperNorthBridge,76.31,66.31
HarborAveUpperNorthBridge,76.29,66.27
SpokaneSwingBridge,75.34,66.08
SpokaneSwingBridge,75.32,66.04
SpokaneSwingBridge,75.29,65.98
SpokaneSwingBridge,75.27,65.92
SpokaneSwingBridge,75.23,65.89
SpokaneSwingBridge,75.21,65.89
SpokaneSwingBridge,75.19,65.86
SpokaneSwingBridge,75.16,65.82
SpokaneSwingBridge,75.13,65.75
SpokaneSwingBridge,75.11,65.69
SpokaneSwingBridge,75.09,65.63
SpokaneSwingBridge,75.06,65.58
SpokaneSwingBridge,75.02,65.52
SpokaneSwingBridge,75,65.45
SpokaneSwingBridge,74.98,65.41
RooseveltWay_NE80thSt,75.14,75.14
RooseveltWay_NE80thSt,75.14,75.14
RooseveltWay_NE80thSt,75.13,75.13
SpokaneSwingBridge,96.8,82.4
SpokaneSwingBridge,96.8,82.4
SpokaneSwingBridge,96.7,82.4
SpokaneSwingBridge,96.6,82.3
SpokaneSwingBridge,96.5,82.2
SpokaneSwingBridge,96.5,82.1
SpokaneSwingBridge,96.4,82.1
SpokaneSwingBridge,96.3,82
SpokaneSwingBridge,96.2,82
SpokaneSwingBridge,96.2,82
SpokaneSwingBridge,96.1,82
SpokaneSwingBridge,96,82
SpokaneSwingBridge,96,82
SpokaneSwingBridge,95.9,82
SpokaneSwingBridge,95.8,82
RooseveltWay_NE80thSt,86.7,86.7
RooseveltWay_NE80thSt,86.6,86.6
RooseveltWay_NE80thSt,86.6,86.6
RooseveltWay_NE80thSt,86.6,86.6
RooseveltWay_NE80thSt,86.5,86.5
RooseveltWay_NE80thSt,86.5,86.5
RooseveltWay_NE80thSt,86.5,86.5
RooseveltWay_NE80thSt,86.4,86.4
SpokaneSwingBridge,96.7,82.4
SpokaneSwingBridge,76.19,66.3
HarborAveUpperNorthBridge,70.83,65.29
SpokaneSwingBridge,95.5,77.6
MagnoliaBridge,98,84.6
SpokaneSwingBridge,84.6,73.58
SpokaneSwingBridge,96.6,82.3
SpokaneSwingBridge,96.5,82.2
SpokaneSwingBridge,96.5,82.1
SpokaneSwingBridge,96.4,82.1
SpokaneSwingBridge,76.16,66.33
SpokaneSwingBridge,76.13,66.36
SpokaneSwingBridge,76.1,66.38
SpokaneSwingBridge,76.07,66.36
SpokaneSwingBridge,76.05,66.33
RooseveltWay_NE80thSt,75.81,75.81
RooseveltWay_NE80thSt,75.79,75.79
RooseveltWay_NE80thSt,75.78,75.78
RooseveltWay_NE80thSt,75.77,75.77
RooseveltWay_NE80thSt,75.75,75.75
RooseveltWay_NE80thSt,75.73,75.73
RooseveltWay_NE80thSt,75.71,75.71
RooseveltWay_NE80thSt,75.68,75.68
RooseveltWay_NE80thSt,75.67,75.67
RooseveltWay_NE80thSt,75.67,75.67
RooseveltWay_NE80thSt,75.65,75.65
RooseveltWay_NE80thSt,75.62,75.62
RooseveltWay_NE80thSt,75.62,75.62
RooseveltWay_NE80thSt,75.58,75.58
RooseveltWay_NE80thSt,75.57,75.57
MagnoliaBridge,75.72,65.44
AlbroPlaceAirportWay,87.4,68.02
AlbroPlaceAirportWay,87.4,68.02
AlbroPlaceAirportWay,87.4,68.03
AlbroPlaceAirportWay,87.3,68.04
AlbroPlaceAirportWay,87.3,68.02
AlbroPlaceAirportWay,87.3,68.02
AlbroPlaceAirportWay,87.3,68.01
AlbroPlaceAirportWay,87.2,68.02
AlbroPlaceAirportWay,87.2,68.01
AlbroPlaceAirportWay,87.2,68.02
AlbroPlaceAirportWay,87.2,68
AlbroPlaceAirportWay,87.2,67.97
AlbroPlaceAirportWay,87.2,67.95
AlbroPlaceAirportWay,87.2,67.92
AlbroPlaceAirportWay,87.1,67.97
RooseveltWay_NE80thSt,75.65,75.65
RooseveltWay_NE80thSt,75.62,75.62
RooseveltWay_NE80thSt,75.62,75.62
RooseveltWay_NE80thSt,75.58,75.58
RooseveltWay_NE80thSt,75.57,75.57
RooseveltWay_NE80thSt,75.56,75.56
RooseveltWay_NE80thSt,75.55,75.55
RooseveltWay_NE80thSt,75.52,75.52
RooseveltWay_NE80thSt,75.5,75.5
RooseveltWay_NE80thSt,75.49,75.49
RooseveltWay_NE80thSt,75.46,75.46
RooseveltWay_NE80thSt,75.46,75.46
RooseveltWay_NE80thSt,75.45,75.45
RooseveltWay_NE80thSt,75.42,75.42
RooseveltWay_NE80thSt,75.41,75.41
MagnoliaBridge,75.47,65.5
MagnoliaBridge,75.47,65.5
MagnoliaBridge,75.44,65.5
MagnoliaBridge,75.42,65.52
MagnoliaBridge,75.42,65.52
MagnoliaBridge,75.39,65.51
MagnoliaBridge,75.37,65.51
MagnoliaBridge,75.33,65.51
MagnoliaBridge,75.32,65.46
MagnoliaBridge,75.32,65.4
HarborAveUpperNorthBridge,70.83,65.3
AlbroPlaceAirportWay,82.2,66.37
AlbroPlaceAirportWay,82.2,66.53
AlbroPlaceAirportWay,82.2,66.51
AlbroPlaceAirportWay,82.2,66.57
AlbroPlaceAirportWay,82.2,66.61
AlbroPlaceAirportWay,82.2,66.53
AlbroPlaceAirportWay,82.1,66.39
AlbroPlaceAirportWay,82.1,66.13
AlbroPlaceAirportWay,82.1,66
AlbroPlaceAirportWay,82.1,65.92
AlbroPlaceAirportWay,82.1,65.74
AlbroPlaceAirportWay,82.1,65.69
AlbroPlaceAirportWay,82.1,65.69
AlbroPlaceAirportWay,82.1,65.68
AlbroPlaceAirportWay,82,65.78
SpokaneSwingBridge,96.4,77.8
SpokaneSwingBridge,96.5,77.83
SpokaneSwingBridge,96.6,77.9
SpokaneSwingBridge,96.6,77.79
SpokaneSwingBridge,96.7,77.64
SpokaneSwingBridge,96.8,77.69
SpokaneSwingBridge,96.8,77.73
SpokaneSwingBridge,96.9,77.65
SpokaneSwingBridge,96.9,77.6
SpokaneSwingBridge,97,77.49
SpokaneSwingBridge,97.1,77.68
SpokaneSwingBridge,97.1,77.8
SpokaneSwingBridge,97.2,77.88
SpokaneSwingBridge,97.2,77.85
SpokaneSwingBridge,97.3,77.89
RooseveltWay_NE80thSt,105.1,105.1
RooseveltWay_NE80thSt,105.1,105.1
RooseveltWay_NE80thSt,105.2,105.2
RooseveltWay_NE80thSt,105.2,105.2
RooseveltWay_NE80thSt,105.3,105.3
RooseveltWay_NE80thSt,105.3,105.3
RooseveltWay_NE80thSt,105.4,105.4
RooseveltWay_NE80thSt,105.5,105.5
RooseveltWay_NE80thSt,105.6,105.6
RooseveltWay_NE80thSt,105.7,105.7
RooseveltWay_NE80thSt,86.4,86.4
MagnoliaBridge,75.68,65.42
MagnoliaBridge,71.78,64.28
RooseveltWay_NE80thSt,86.4,86.4
RooseveltWay_NE80thSt,86.3,86.3
RooseveltWay_NE80thSt,86.3,86.3
RooseveltWay_NE80thSt,86.3,86.3
RooseveltWay_NE80thSt,86.2,86.2
RooseveltWay_NE80thSt,86.2,86.2
MagnoliaBridge,94.6,83
MagnoliaBridge,94.5,83
MagnoliaBridge,94.5,83
MagnoliaBridge,94.4,83
MagnoliaBridge,94.3,83
MagnoliaBridge,94.2,83
MagnoliaBridge,94.1,83
MagnoliaBridge,94,82.9
MagnoliaBridge,94,82.9
MagnoliaBridge,93.9,82.9
MagnoliaBridge,93.8,82.9
MagnoliaBridge,93.7,82.9
MagnoliaBridge,93.6,82.9
MagnoliaBridge,93.5,82.8
MagnoliaBridge,93.4,82.8
MagnoliaBridge,75.68,65.44
MagnoliaBridge,75.63,65.42
MagnoliaBridge,75.63,65.41
MagnoliaBridge,75.59,65.43
MagnoliaBridge,75.57,65.45
MagnoliaBridge,75.54,65.46
MagnoliaBridge,75.52,65.5
MagnoliaBridge,75.52,65.5
MagnoliaBridge,75.47,65.5
MagnoliaBridge,75.47,65.5
MagnoliaBridge,75.44,65.5
MagnoliaBridge,75.42,65.52
MagnoliaBridge,75.42,65.52
MagnoliaBridge,71.83,64.34
MagnoliaBridge,71.87,64.38
MagnoliaBridge,71.92,64.41
MagnoliaBridge,71.99,64.44
MagnoliaBridge,72.05,64.53
MagnoliaBridge,72.12,64.62
MagnoliaBridge,72.2,64.78
MagnoliaBridge,72.28,64.95
MagnoliaBridge,72.38,65.22
MagnoliaBridge,72.47,65.45
HarborAveUpperNorthBridge,71.13,65.62
HarborAveUpperNorthBridge,71.17,65.68
HarborAveUpperNorthBridge,71.18,65.72
HarborAveUpperNorthBridge,71.22,65.78
HarborAveUpperNorthBridge,71.24,65.73
HarborAveUpperNorthBridge,71.26,65.81
HarborAveUpperNorthBridge,71.3,65.87
HarborAveUpperNorthBridge,71.32,65.84
HarborAveUpperNorthBridge,71.36,65.77
HarborAveUpperNorthBridge,71.38,65.8
HarborAveUpperNorthBridge,71.42,65.88
SpokaneSwingBridge,95.6,77.48
SpokaneSwingBridge,95.7,77.36
SpokaneSwingBridge,95.8,77.43
SpokaneSwingBridge,95.8,77.51
SpokaneSwingBridge,95.9,77.5
SpokaneSwingBridge,96,77.53
MagnoliaBridge,97.7,80.3
MagnoliaBridge,97.8,80.1
MagnoliaBridge,97.9,80.2
MagnoliaBridge,98,80.3
MagnoliaBridge,98,80.5
MagnoliaBridge,98.1,80.6
MagnoliaBridge,98.1,80.6
MagnoliaBridge,98.2,80.4
MagnoliaBridge,98.3,80.6
MagnoliaBridge,98.3,80.6
MagnoliaBridge,98.4,80.6
MagnoliaBridge,98.5,80.6
MagnoliaBridge,98.6,80.6
MagnoliaBridge,98.6,80.5
MagnoliaBridge,98.7,80.4
MagnoliaBridge,97.9,84.6
MagnoliaBridge,97.9,84.6
MagnoliaBridge,97.8,84.7
MagnoliaBridge,97.8,84.8
SpokaneSwingBridge,100.1,82.1
SpokaneSwingBridge,100.1,82.1
SpokaneSwingBridge,100,82
SpokaneSwingBridge,100,82
SpokaneSwingBridge,99.9,82
SpokaneSwingBridge,99.9,82
SpokaneSwingBridge,99.9,82
SpokaneSwingBridge,99.8,82
SpokaneSwingBridge,99.8,81.9
SpokaneSwingBridge,99.8,82
SpokaneSwingBridge,99.7,82
SpokaneSwingBridge,99.7,82
SpokaneSwingBridge,99.6,82
SpokaneSwingBridge,99.6,82
SpokaneSwingBridge,99.5,82
AlbroPlaceAirportWay,90.5,84.9
AlbroPlaceAirportWay,90.5,85
AlbroPlaceAirportWay,90.6,85
AlbroPlaceAirportWay,90.6,85.1
AlbroPlaceAirportWay,90.6,85.1
AlbroPlaceAirportWay,90.6,85.1
AlbroPlaceAirportWay,90.6,85.1
AlbroPlaceAirportWay,90.7,85.1
AlbroPlaceAirportWay,90.7,85.2
AlbroPlaceAirportWay,90.7,85.2
AlbroPlaceAirportWay,90.7,85.3
AlbroPlaceAirportWay,90.7,85.3
AlbroPlaceAirportWay,90.7,85.3
AlbroPlaceAirportWay,90.8,85.3
AlbroPlaceAirportWay,90.8,85.3
RooseveltWay_NE80thSt,87.5,87.5
RooseveltWay_NE80thSt,87.5,87.5
RooseveltWay_NE80thSt,87.5,87.5
RooseveltWay_NE80thSt,87.4,87.4
RooseveltWay_NE80thSt,87.4,87.4
MagnoliaBridge,93,82.6
MagnoliaBridge,75.29,65.36
HarborAveUpperNorthBridge,71.46,66.02
RooseveltWay_NE80thSt,105,105
RooseveltWay_NE80thSt,87.4,87.4
MagnoliaBridge,75.27,65.33
MagnoliaBridge,75.22,65.27
MagnoliaBridge,75.22,65.23
MagnoliaBridge,75.17,65.19
SpokaneSwingBridge,76.1,66.38
SpokaneSwingBridge,76.07,66.36
SpokaneSwingBridge,76.05,66.33
SpokaneSwingBridge,76.03,66.28
SpokaneSwingBridge,75.99,66.27
SpokaneSwingBridge,75.97,66.25
SpokaneSwingBridge,75.94,66.24
SpokaneSwingBridge,75.91,66.22
SpokaneSwingBridge,75.87,66.23
SpokaneSwingBridge,75.86,66.22
SpokaneSwingBridge,75.82,66.21
SpokaneSwingBridge,75.81,66.24
SpokaneSwingBridge,75.76,66.27
SpokaneSwingBridge,75.75,66.27
SpokaneSwingBridge,75.72,66.23
HarborAveUpperNorthBridge,76.1,66.38
HarborAveUpperNorthBridge,76.07,66.36
HarborAveUpperNorthBridge,76.05,66.33
HarborAveUpperNorthBridge,76.03,66.28
HarborAveUpperNorthBridge,75.99,66.27
HarborAveUpperNorthBridge,75.97,66.25
HarborAveUpperNorthBridge,71.5,66.07
HarborAveUpperNorthBridge,71.55,66.17
HarborAveUpperNorthBridge,71.6,66.31
RooseveltWay_NE80thSt,105,105
RooseveltWay_NE80thSt,105.1,105.1
RooseveltWay_NE80thSt,105.1,105.1
RooseveltWay_NE80thSt,105.2,105.2
RooseveltWay_NE80thSt,105.2,105.2
RooseveltWay_NE80thSt,105.3,105.3
SpokaneSwingBridge,95.7,77.36
SpokaneSwingBridge,95.8,77.43
SpokaneSwingBridge,95.8,77.51
SpokaneSwingBridge,95.9,77.5
SpokaneSwingBridge,96,77.53
SpokaneSwingBridge,96.1,77.52
SpokaneSwingBridge,96.2,77.44
SpokaneSwingBridge,96.2,77.55
SpokaneSwingBridge,96.3,77.7
SpokaneSwingBridge,96.4,77.78
SpokaneSwingBridge,96.4,77.8
SpokaneSwingBridge,96.5,77.83
SpokaneSwingBridge,96.6,77.9
SpokaneSwingBridge,96.6,77.79
RooseveltWay_NE80thSt,87.4,87.4
RooseveltWay_NE80thSt,87.3,87.3
RooseveltWay_NE80thSt,87.3,87.3
RooseveltWay_NE80thSt,87.3,87.3
RooseveltWay_NE80thSt,87.3,87.3
RooseveltWay_NE80thSt,87.2,87.2
RooseveltWay_NE80thSt,87.2,87.2
RooseveltWay_NE80thSt,87.2,87.2
RooseveltWay_NE80thSt,87.2,87.2
MagnoliaBridge,98,84.6
MagnoliaBridge,97.9,84.6
MagnoliaBridge,97.9,84.6
MagnoliaBridge,97.8,84.7
MagnoliaBridge,97.8,84.8
MagnoliaBridge,97.7,84.8
MagnoliaBridge,97.6,84.7
MagnoliaBridge,97.6,84.9
MagnoliaBridge,97.5,85
MagnoliaBridge,97.5,85.2
MagnoliaBridge,97.4,85.1
MagnoliaBridge,97.3,85.1
MagnoliaBridge,97.3,85.2
MagnoliaBridge,97.3,85.2
MagnoliaBridge,97.2,85.3
AlbroPlaceAirportWay,92.9,84
AlbroPlaceAirportWay,92.9,84
AlbroPlaceAirportWay,92.9,83.9
AlbroPlaceAirportWay,92.9,83.8
AlbroPlaceAirportWay,92.9,83.8
AlbroPlaceAirportWay,92.9,83.8
AlbroPlaceAirportWay,92.9,83.8
AlbroPlaceAirportWay,92.9,83.8
AlbroPlaceAirportWay,92.9,83.8
AlbroPlaceAirportWay,92.9,83.8
AlbroPlaceAirportWay,92.9,83.8
AlbroPlaceAirportWay,92.9,83.7
AlbroPlaceAirportWay,92.9,83.6
AlbroPlaceAirportWay,92.9,83.5
AlbroPlaceAirportWay,92.9,83.4
HarborAveUpperNorthBridge,75.94,66.24
RooseveltWay_NE80thSt,73.86,73.86
SpokaneSwingBridge,96.7,77.64
RooseveltWay_NE80thSt,87.1,87.1
HarborAveUpperNorthBridge,75.91,66.22
HarborAveUpperNorthBridge,75.87,66.23
HarborAveUpperNorthBridge,75.86,66.22
HarborAveUpperNorthBridge,75.82,66.21
HarborAveUpperNorthBridge,75.81,66.24
HarborAveUpperNorthBridge,75.76,66.27
HarborAveUpperNorthBridge,75.75,66.27
HarborAveUpperNorthBridge,75.72,66.23
AlbroPlaceAirportWay,86.7,67.47
AlbroPlaceAirportWay,86.7,67.44
AlbroPlaceAirportWay,86.7,67.39
AlbroPlaceAirportWay,86.6,67.35
AlbroPlaceAirportWay,86.6,67.35
AlbroPlaceAirportWay,86.6,67.34
AlbroPlaceAirportWay,86.6,67.3
AlbroPlaceAirportWay,86.6,67.26
AlbroPlaceAirportWay,86.6,67.2
AlbroPlaceAirportWay,86.6,67.12
AlbroPlaceAirportWay,86.5,67.05
AlbroPlaceAirportWay,86.5,67.03
AlbroPlaceAirportWay,86.5,66.98
AlbroPlaceAirportWay,86.5,66.91
AlbroPlaceAirportWay,86.4,66.87
RooseveltWay_NE80thSt,75.03,75.03
RooseveltWay_NE80thSt,75.02,75.02
MagnoliaBridge,92.9,82.6
MagnoliaBridge,92.9,82.6
MagnoliaBridge,92.8,82.6
MagnoliaBridge,92.7,82.6
MagnoliaBridge,92.6,82.6
HarborAveUpperNorthBridge,96,82
HarborAveUpperNorthBridge,95.9,82
HarborAveUpperNorthBridge,95.8,82
HarborAveUpperNorthBridge,95.8,82
HarborAveUpperNorthBridge,95.7,81.9
HarborAveUpperNorthBridge,95.6,81.9
HarborAveUpperNorthBridge,95.6,81.8
HarborAveUpperNorthBridge,95.5,81.8
HarborAveUpperNorthBridge,95.5,81.8
HarborAveUpperNorthBridge,95.4,81.7
HarborAveUpperNorthBridge,95.3,81.7
HarborAveUpperNorthBridge,95.3,81.6
HarborAveUpperNorthBridge,95.2,81.6
HarborAveUpperNorthBridge,95.1,81.6
HarborAveUpperNorthBridge,95.1,81.5
AlbroPlaceAirportWay,92.8,85.5
AlbroPlaceAirportWay,92.8,85.5
AlbroPlaceAirportWay,92.8,85.5
AlbroPlaceAirportWay,92.8,85.5
AlbroPlaceAirportWay,92.8,85.4
HarborAveUpperNorthBridge,75.37,66.12
AlbroPlaceAirportWay,92.8,85.4
AlbroPlaceAirportWay,92.8,85.4
AlbroPlaceAirportWay,92.8,85.4
AlbroPlaceAirportWay,92.8,85.3
AlbroPlaceAirportWay,92.9,85.3
AlbroPlaceAirportWay,92.9,85.2
AlbroPlaceAirportWay,92.9,85.2
AlbroPlaceAirportWay,92.9,85.1
AlbroPlaceAirportWay,92.9,85.2
AlbroPlaceAirportWay,92.9,85.1
HarborAveUpperNorthBridge,95.5,81.8
HarborAveUpperNorthBridge,95.4,81.7
HarborAveUpperNorthBridge,95.3,81.7
HarborAveUpperNorthBridge,95.3,81.6
HarborAveUpperNorthBridge,95.2,81.6
HarborAveUpperNorthBridge,95.1,81.6
HarborAveUpperNorthBridge,95.1,81.5
HarborAveUpperNorthBridge,95,81.4
HarborAveUpperNorthBridge,94.9,81.4
HarborAveUpperNorthBridge,94.9,81.3
HarborAveUpperNorthBridge,94.8,81.3
HarborAveUpperNorthBridge,94.7,81.2
HarborAveUpperNorthBridge,94.7,81.2
HarborAveUpperNorthBridge,94.6,81.2
HarborAveUpperNorthBridge,94.6,81.2
HarborAveUpperNorthBridge,75.34,66.08
HarborAveUpperNorthBridge,75.32,66.04
HarborAveUpperNorthBridge,75.29,65.98
HarborAveUpperNorthBridge,75.27,65.92
HarborAveUpperNorthBridge,75.23,65.89
RooseveltWay_NE80thSt,73.93,73.93
RooseveltWay_NE80thSt,73.99,73.99
RooseveltWay_NE80thSt,74.05,74.05
RooseveltWay_NE80thSt,74.1,74.1
RooseveltWay_NE80thSt,74.16,74.16
RooseveltWay_NE80thSt,74.21,74.21
SpokaneSwingBridge,71.36,65.77
SpokaneSwingBridge,71.38,65.8
SpokaneSwingBridge,71.42,65.88
SpokaneSwingBridge,71.46,66.02
SpokaneSwingBridge,71.5,66.07
SpokaneSwingBridge,71.55,66.17
SpokaneSwingBridge,71.6,66.31
SpokaneSwingBridge,71.65,66.3
SpokaneSwingBridge,71.69,66.4
SpokaneSwingBridge,71.75,66.43
SpokaneSwingBridge,71.8,66.52
SpokaneSwingBridge,71.86,66.49
SpokaneSwingBridge,71.92,66.61
RooseveltWay_NE80thSt,86,86
RooseveltWay_NE80thSt,75.1,75.1
SpokaneSwingBridge,71.98,66.76
RooseveltWay_NE80thSt,86,86
RooseveltWay_NE80thSt,86,86
RooseveltWay_NE80thSt,85.9,85.9
RooseveltWay_NE80thSt,85.9,85.9
RooseveltWay_NE80thSt,85.9,85.9
RooseveltWay_NE80thSt,85.9,85.9
RooseveltWay_NE80thSt,85.8,85.8
RooseveltWay_NE80thSt,85.8,85.8
RooseveltWay_NE80thSt,85.8,85.8
RooseveltWay_NE80thSt,85.8,85.8
RooseveltWay_NE80thSt,85.7,85.7
RooseveltWay_NE80thSt,85.7,85.7
RooseveltWay_NE80thSt,85.7,85.7
RooseveltWay_NE80thSt,85.7,85.7
MagnoliaBridge,92.9,82.6
MagnoliaBridge,92.9,82.6
MagnoliaBridge,92.8,82.6
MagnoliaBridge,92.7,82.6
MagnoliaBridge,92.6,82.6
MagnoliaBridge,92.5,82.6
MagnoliaBridge,92.5,82.6
MagnoliaBridge,92.4,82.5
MagnoliaBridge,92.3,82.5
MagnoliaBridge,92.2,82.5
MagnoliaBridge,92.1,82.4
MagnoliaBridge,92.1,82.4
MagnoliaBridge,92,82.3
MagnoliaBridge,91.9,82.3
MagnoliaBridge,91.8,82.3
SpokaneSwingBridge,95.3,81.7
SpokaneSwingBridge,95.3,81.6
SpokaneSwingBridge,95.2,81.6
SpokaneSwingBridge,95.1,81.6
SpokaneSwingBridge,95.1,81.5
SpokaneSwingBridge,95,81.4
SpokaneSwingBridge,94.9,81.4
SpokaneSwingBridge,94.9,81.3
SpokaneSwingBridge,94.8,81.3
SpokaneSwingBridge,94.7,81.2
SpokaneSwingBridge,94.7,81.2
SpokaneSwingBridge,94.6,81.2
SpokaneSwingBridge,94.6,81.2
RooseveltWay_NE80thSt,75.09,75.09
RooseveltWay_NE80thSt,75.08,75.08
RooseveltWay_NE80thSt,75.07,75.07
RooseveltWay_NE80thSt,75.04,75.04
RooseveltWay_NE80thSt,75.03,75.03
RooseveltWay_NE80thSt,75.03,75.03
RooseveltWay_NE80thSt,75.03,75.03
RooseveltWay_NE80thSt,75.02,75.02
RooseveltWay_NE80thSt,74.98,74.98
RooseveltWay_NE80thSt,74.98,74.98
RooseveltWay_NE80thSt,74.97,74.97
SpokaneSwingBridge,74.89,65.44
SpokaneSwingBridge,74.85,65.46
SpokaneSwingBridge,72.04,66.7
HarborAveUpperNorthBridge,72.43,67.11
HarborAveUpperNorthBridge,72.49,67.07
HarborAveUpperNorthBridge,72.56,67
HarborAveUpperNorthBridge,72.62,67.1
HarborAveUpperNorthBridge,72.69,67.2
HarborAveUpperNorthBridge,72.76,67.28
HarborAveUpperNorthBridge,72.82,67.18
HarborAveUpperNorthBridge,72.88,67.12
HarborAveUpperNorthBridge,72.93,67.08
HarborAveUpperNorthBridge,72.96,66.92
HarborAveUpperNorthBridge,73,66.84
HarborAveUpperNorthBridge,73.01,66.83
HarborAveUpperNorthBridge,73.05,66.79
HarborAveUpperNorthBridge,73.09,66.95
HarborAveUpperNorthBridge,73.14,67.01
RooseveltWay_NE80thSt,74.54,74.54
RooseveltWay_NE80thSt,74.57,74.57
RooseveltWay_NE80thSt,74.59,74.59
RooseveltWay_NE80thSt,74.62,74.62
RooseveltWay_NE80thSt,74.65,74.65
RooseveltWay_NE80thSt,74.68,74.68
RooseveltWay_NE80thSt,74.71,74.71
RooseveltWay_NE80thSt,74.75,74.75
RooseveltWay_NE80thSt,74.78,74.78
SpokaneSwingBridge,94.5,81.1
RooseveltWay_NE80thSt,74.98,74.98
RooseveltWay_NE80thSt,74.8,74.8
SpokaneSwingBridge,94.4,81.1
SpokaneSwingBridge,93,80.7
RooseveltWay_NE80thSt,74.98,74.98
RooseveltWay_NE80thSt,74.97,74.97
RooseveltWay_NE80thSt,74.94,74.94
RooseveltWay_NE80thSt,74.92,74.92
RooseveltWay_NE80thSt,74.92,74.92
RooseveltWay_NE80thSt,74.92,74.92
RooseveltWay_NE80thSt,74.9,74.9
RooseveltWay_NE80thSt,74.87,74.87
RooseveltWay_NE80thSt,74.87,74.87
RooseveltWay_NE80thSt,74.85,74.85
RooseveltWay_NE80thSt,74.84,74.84
RooseveltWay_NE80thSt,74.82,74.82
MagnoliaBridge,74.7,64.3
MagnoliaBridge,74.7,63.9
MagnoliaBridge,74.65,63.61
MagnoliaBridge,74.64,63.45
MagnoliaBridge,74.59,63.33
MagnoliaBridge,74.59,63.28
MagnoliaBridge,74.58,63.22
MagnoliaBridge,74.55,63.16
MagnoliaBridge,74.54,63.15
MagnoliaBridge,74.52,63.24
MagnoliaBridge,74.49,63.51
MagnoliaBridge,74.49,63.56
MagnoliaBridge,74.49,63.53
RooseveltWay_NE80thSt,84.6,84.6
RooseveltWay_NE80thSt,84.5,84.5
RooseveltWay_NE80thSt,84.5,84.5
RooseveltWay_NE80thSt,84.5,84.5
MagnoliaBridge,98.4,80.6
MagnoliaBridge,98.5,80.6
MagnoliaBridge,98.6,80.6
MagnoliaBridge,98.6,80.5
MagnoliaBridge,98.7,80.4
MagnoliaBridge,98.7,80.3
MagnoliaBridge,98.8,80.2
MagnoliaBridge,98.9,80.1
MagnoliaBridge,98.9,79.98
MagnoliaBridge,99,79.98
MagnoliaBridge,99,79.97
MagnoliaBridge,99.1,80.1
MagnoliaBridge,99.2,80.1
MagnoliaBridge,99.3,79.97
MagnoliaBridge,99.3,80
SpokaneSwingBridge,84.6,73.56
SpokaneSwingBridge,84.6,73.53
SpokaneSwingBridge,84.5,73.52
SpokaneSwingBridge,84.5,73.5
MagnoliaBridge,81.7,72.42
MagnoliaBridge,81.7,72.43
MagnoliaBridge,81.7,72.44
MagnoliaBridge,81.6,72.45
MagnoliaBridge,81.6,72.41
MagnoliaBridge,81.5,72.4
MagnoliaBridge,81.5,72.36
MagnoliaBridge,81.5,72.32
MagnoliaBridge,81.4,72.26
MagnoliaBridge,81.4,72.23
MagnoliaBridge,81.4,72.17
MagnoliaBridge,81.3,72.07
MagnoliaBridge,81.3,71.91
MagnoliaBridge,81.2,71.77
MagnoliaBridge,81.2,71.65
MagnoliaBridge,74.49,63.47
RooseveltWay_NE80thSt,105.8,105.8
MagnoliaBridge,83.5,68.07
MagnoliaBridge,83.5,68
MagnoliaBridge,83.5,68.03
MagnoliaBridge,83.5,68.15
MagnoliaBridge,83.6,68.3
MagnoliaBridge,83.6,68.45
MagnoliaBridge,83.7,68.6
MagnoliaBridge,83.8,68.75
MagnoliaBridge,83.9,68.82
HarborAveUpperNorthBridge,77.84,70.24
HarborAveUpperNorthBridge,77.89,70.12
HarborAveUpperNorthBridge,77.93,70.12
HarborAveUpperNorthBridge,77.98,70.31
HarborAveUpperNorthBridge,78.04,70.45
MagnoliaBridge,76.94,63.49
SpokaneSwingBridge,70.62,64.8
SpokaneSwingBridge,70.63,64.83
SpokaneSwingBridge,70.64,64.81
SpokaneSwingBridge,70.66,64.78
SpokaneSwingBridge,70.68,64.82
RooseveltWay_NE80thSt,87.1,87.1
RooseveltWay_NE80thSt,87.1,87.1
RooseveltWay_NE80thSt,87.1,87.1
RooseveltWay_NE80thSt,87.1,87.1
RooseveltWay_NE80thSt,87,87
RooseveltWay_NE80thSt,87,87
RooseveltWay_NE80thSt,87,87
RooseveltWay_NE80thSt,86.9,86.9
HarborAveUpperNorthBridge,99.7,82
HarborAveUpperNorthBridge,99.7,82
HarborAveUpperNorthBridge,78.66,69.98
HarborAveUpperNorthBridge,78.65,69.99
HarborAveUpperNorthBridge,78.62,69.99
HarborAveUpperNorthBridge,78.6,69.99
HarborAveUpperNorthBridge,78.58,69.99
HarborAveUpperNorthBridge,78.55,69.99
HarborAveUpperNorthBridge,78.51,69.99
RooseveltWay_NE80thSt,105.9,105.9
RooseveltWay_NE80thSt,106,106
RooseveltWay_NE80thSt,106.1,106.1
RooseveltWay_NE80thSt,106.3,106.3
HarborAveUpperNorthBridge,96.4,77.8
HarborAveUpperNorthBridge,96.5,77.83
RooseveltWay_NE80thSt,74.83,74.83
RooseveltWay_NE80thSt,74.86,74.86
RooseveltWay_NE80thSt,74.88,74.88
RooseveltWay_NE80thSt,74.89,74.89
RooseveltWay_NE80thSt,74.92,74.92
AlbroPlaceAirportWay,81.8,67.3
AlbroPlaceAirportWay,81.8,67.34
AlbroPlaceAirportWay,81.8,67.29
AlbroPlaceAirportWay,81.8,67.33
AlbroPlaceAirportWay,81.8,67.43
SpokaneSwingBridge,93,80.7
SpokaneSwingBridge,92.9,80.7
SpokaneSwingBridge,92.8,80.7
SpokaneSwingBridge,92.8,80.7
SpokaneSwingBridge,92.7,80.7
SpokaneSwingBridge,92.7,80.7
SpokaneSwingBridge,92.6,80.7
SpokaneSwingBridge,92.6,80.7
MagnoliaBridge,74.46,63.43
SpokaneSwingBridge,75.02,65.52
SpokaneSwingBridge,75,65.45
SpokaneSwingBridge,74.98,65.41
SpokaneSwingBridge,74.95,65.39
SpokaneSwingBridge,74.93,65.39
SpokaneSwingBridge,74.9,65.41
